Added Component: Designator=R1_Resistors1(RESC1608X55N)
Add component (AddParameter): Name = "Arrow Part Number"; Value = "RMCF0603FT1K00"; VariantName = "[No Variations]"
Add component (AddParameter): Name = "Arrow Price/Stock"; Value = "https://www.arrow.com/en/products/rmcf0603ft1k00/stackpole-electronics?utm_currency=USD&region=nac"; VariantName = "[No Variations]"
Add component (AddParameter): Name = "Datasheet Link"; Value = "https://www.seielect.com/Catalog/SEI-RMCF_RMCP.pdf"; VariantName = "[No Variations]"
Add component (AddParameter): Name = "Height"; Value = "0.55mm"; VariantName = "[No Variations]"
Add component (AddParameter): Name = "Manufacturer_Name"; Value = "Stackpole Electronics"; VariantName = "[No Variations]"
Add component (AddParameter): Name = "Manufacturer_Part_Number"; Value = "RMCF0603FT1K00"; VariantName = "[No Variations]"
Add component (AddParameter): Name = "Mouser Part Number"; Value = "708-RMCF0603FT1K00"; VariantName = "[No Variations]"
Add component (AddParameter): Name = "Mouser Price/Stock"; Value = "https://www.mouser.co.uk/ProductDetail/SEI-Stackpole/RMCF0603FT1K00?qs=FESYatJ8odI%252BYiPlprc1Pg%3D%3D"; VariantName = "[No Variations]"
Added Component: Designator=R1_Resistors2(RESC1608X55N)
Add component (AddParameter): Name = "Arrow Part Number"; Value = "RMCF0603FT1K00"; VariantName = "[No Variations]"
Add component (AddParameter): Name = "Arrow Price/Stock"; Value = "https://www.arrow.com/en/products/rmcf0603ft1k00/stackpole-electronics?utm_currency=USD&region=nac"; VariantName = "[No Variations]"
Add component (AddParameter): Name = "Datasheet Link"; Value = "https://www.seielect.com/Catalog/SEI-RMCF_RMCP.pdf"; VariantName = "[No Variations]"
Add component (AddParameter): Name = "Height"; Value = "0.55mm"; VariantName = "[No Variations]"
Add component (AddParameter): Name = "Manufacturer_Name"; Value = "Stackpole Electronics"; VariantName = "[No Variations]"
Add component (AddParameter): Name = "Manufacturer_Part_Number"; Value = "RMCF0603FT1K00"; VariantName = "[No Variations]"
Add component (AddParameter): Name = "Mouser Part Number"; Value = "708-RMCF0603FT1K00"; VariantName = "[No Variations]"
Add component (AddParameter): Name = "Mouser Price/Stock"; Value = "https://www.mouser.co.uk/ProductDetail/SEI-Stackpole/RMCF0603FT1K00?qs=FESYatJ8odI%252BYiPlprc1Pg%3D%3D"; VariantName = "[No Variations]"
Added Component: Designator=R1_Resistors3(RESC1608X55N)
Add component (AddParameter): Name = "Arrow Part Number"; Value = "RMCF0603FT1K00"; VariantName = "[No Variations]"
Add component (AddParameter): Name = "Arrow Price/Stock"; Value = "https://www.arrow.com/en/products/rmcf0603ft1k00/stackpole-electronics?utm_currency=USD&region=nac"; VariantName = "[No Variations]"
Add component (AddParameter): Name = "Datasheet Link"; Value = "https://www.seielect.com/Catalog/SEI-RMCF_RMCP.pdf"; VariantName = "[No Variations]"
Add component (AddParameter): Name = "Height"; Value = "0.55mm"; VariantName = "[No Variations]"
Add component (AddParameter): Name = "Manufacturer_Name"; Value = "Stackpole Electronics"; VariantName = "[No Variations]"
Add component (AddParameter): Name = "Manufacturer_Part_Number"; Value = "RMCF0603FT1K00"; VariantName = "[No Variations]"
Add component (AddParameter): Name = "Mouser Part Number"; Value = "708-RMCF0603FT1K00"; VariantName = "[No Variations]"
Add component (AddParameter): Name = "Mouser Price/Stock"; Value = "https://www.mouser.co.uk/ProductDetail/SEI-Stackpole/RMCF0603FT1K00?qs=FESYatJ8odI%252BYiPlprc1Pg%3D%3D"; VariantName = "[No Variations]"
Added Component: Designator=R1_Resistors4(RESC1608X55N)
Add component (AddParameter): Name = "Arrow Part Number"; Value = "RMCF0603FT1K00"; VariantName = "[No Variations]"
Add component (AddParameter): Name = "Arrow Price/Stock"; Value = "https://www.arrow.com/en/products/rmcf0603ft1k00/stackpole-electronics?utm_currency=USD&region=nac"; VariantName = "[No Variations]"
Add component (AddParameter): Name = "Datasheet Link"; Value = "https://www.seielect.com/Catalog/SEI-RMCF_RMCP.pdf"; VariantName = "[No Variations]"
Add component (AddParameter): Name = "Height"; Value = "0.55mm"; VariantName = "[No Variations]"
Add component (AddParameter): Name = "Manufacturer_Name"; Value = "Stackpole Electronics"; VariantName = "[No Variations]"
Add component (AddParameter): Name = "Manufacturer_Part_Number"; Value = "RMCF0603FT1K00"; VariantName = "[No Variations]"
Add component (AddParameter): Name = "Mouser Part Number"; Value = "708-RMCF0603FT1K00"; VariantName = "[No Variations]"
Add component (AddParameter): Name = "Mouser Price/Stock"; Value = "https://www.mouser.co.uk/ProductDetail/SEI-Stackpole/RMCF0603FT1K00?qs=FESYatJ8odI%252BYiPlprc1Pg%3D%3D"; VariantName = "[No Variations]"
Added Component: Designator=R1_Resistors5(RESC1608X55N)
Add component (AddParameter): Name = "Arrow Part Number"; Value = "RMCF0603FT1K00"; VariantName = "[No Variations]"
Add component (AddParameter): Name = "Arrow Price/Stock"; Value = "https://www.arrow.com/en/products/rmcf0603ft1k00/stackpole-electronics?utm_currency=USD&region=nac"; VariantName = "[No Variations]"
Add component (AddParameter): Name = "Datasheet Link"; Value = "https://www.seielect.com/Catalog/SEI-RMCF_RMCP.pdf"; VariantName = "[No Variations]"
Add component (AddParameter): Name = "Height"; Value = "0.55mm"; VariantName = "[No Variations]"
Add component (AddParameter): Name = "Manufacturer_Name"; Value = "Stackpole Electronics"; VariantName = "[No Variations]"
Add component (AddParameter): Name = "Manufacturer_Part_Number"; Value = "RMCF0603FT1K00"; VariantName = "[No Variations]"
Add component (AddParameter): Name = "Mouser Part Number"; Value = "708-RMCF0603FT1K00"; VariantName = "[No Variations]"
Add component (AddParameter): Name = "Mouser Price/Stock"; Value = "https://www.mouser.co.uk/ProductDetail/SEI-Stackpole/RMCF0603FT1K00?qs=FESYatJ8odI%252BYiPlprc1Pg%3D%3D"; VariantName = "[No Variations]"
Added Component: Designator=R1_Resistors6(RESC1608X55N)
Add component (AddParameter): Name = "Arrow Part Number"; Value = "RMCF0603FT1K00"; VariantName = "[No Variations]"
Add component (AddParameter): Name = "Arrow Price/Stock"; Value = "https://www.arrow.com/en/products/rmcf0603ft1k00/stackpole-electronics?utm_currency=USD&region=nac"; VariantName = "[No Variations]"
Add component (AddParameter): Name = "Datasheet Link"; Value = "https://www.seielect.com/Catalog/SEI-RMCF_RMCP.pdf"; VariantName = "[No Variations]"
Add component (AddParameter): Name = "Height"; Value = "0.55mm"; VariantName = "[No Variations]"
Add component (AddParameter): Name = "Manufacturer_Name"; Value = "Stackpole Electronics"; VariantName = "[No Variations]"
Add component (AddParameter): Name = "Manufacturer_Part_Number"; Value = "RMCF0603FT1K00"; VariantName = "[No Variations]"
Add component (AddParameter): Name = "Mouser Part Number"; Value = "708-RMCF0603FT1K00"; VariantName = "[No Variations]"
Add component (AddParameter): Name = "Mouser Price/Stock"; Value = "https://www.mouser.co.uk/ProductDetail/SEI-Stackpole/RMCF0603FT1K00?qs=FESYatJ8odI%252BYiPlprc1Pg%3D%3D"; VariantName = "[No Variations]"
Added Component: Designator=R1_Resistors7(RESC1608X55N)
Add component (AddParameter): Name = "Arrow Part Number"; Value = "RMCF0603FT1K00"; VariantName = "[No Variations]"
Add component (AddParameter): Name = "Arrow Price/Stock"; Value = "https://www.arrow.com/en/products/rmcf0603ft1k00/stackpole-electronics?utm_currency=USD&region=nac"; VariantName = "[No Variations]"
Add component (AddParameter): Name = "Datasheet Link"; Value = "https://www.seielect.com/Catalog/SEI-RMCF_RMCP.pdf"; VariantName = "[No Variations]"
Add component (AddParameter): Name = "Height"; Value = "0.55mm"; VariantName = "[No Variations]"
Add component (AddParameter): Name = "Manufacturer_Name"; Value = "Stackpole Electronics"; VariantName = "[No Variations]"
Add component (AddParameter): Name = "Manufacturer_Part_Number"; Value = "RMCF0603FT1K00"; VariantName = "[No Variations]"
Add component (AddParameter): Name = "Mouser Part Number"; Value = "708-RMCF0603FT1K00"; VariantName = "[No Variations]"
Add component (AddParameter): Name = "Mouser Price/Stock"; Value = "https://www.mouser.co.uk/ProductDetail/SEI-Stackpole/RMCF0603FT1K00?qs=FESYatJ8odI%252BYiPlprc1Pg%3D%3D"; VariantName = "[No Variations]"
Added Component: Designator=R1_Resistors8(RESC1608X55N)
Add component (AddParameter): Name = "Arrow Part Number"; Value = "RMCF0603FT1K00"; VariantName = "[No Variations]"
Add component (AddParameter): Name = "Arrow Price/Stock"; Value = "https://www.arrow.com/en/products/rmcf0603ft1k00/stackpole-electronics?utm_currency=USD&region=nac"; VariantName = "[No Variations]"
Add component (AddParameter): Name = "Datasheet Link"; Value = "https://www.seielect.com/Catalog/SEI-RMCF_RMCP.pdf"; VariantName = "[No Variations]"
Add component (AddParameter): Name = "Height"; Value = "0.55mm"; VariantName = "[No Variations]"
Add component (AddParameter): Name = "Manufacturer_Name"; Value = "Stackpole Electronics"; VariantName = "[No Variations]"
Add component (AddParameter): Name = "Manufacturer_Part_Number"; Value = "RMCF0603FT1K00"; VariantName = "[No Variations]"
Add component (AddParameter): Name = "Mouser Part Number"; Value = "708-RMCF0603FT1K00"; VariantName = "[No Variations]"
Add component (AddParameter): Name = "Mouser Price/Stock"; Value = "https://www.mouser.co.uk/ProductDetail/SEI-Stackpole/RMCF0603FT1K00?qs=FESYatJ8odI%252BYiPlprc1Pg%3D%3D"; VariantName = "[No Variations]"
Added Component: Designator=R1_Resistors9(RESC1608X55N)
Add component (AddParameter): Name = "Arrow Part Number"; Value = "RMCF0603FT1K00"; VariantName = "[No Variations]"
Add component (AddParameter): Name = "Arrow Price/Stock"; Value = "https://www.arrow.com/en/products/rmcf0603ft1k00/stackpole-electronics?utm_currency=USD&region=nac"; VariantName = "[No Variations]"
Add component (AddParameter): Name = "Datasheet Link"; Value = "https://www.seielect.com/Catalog/SEI-RMCF_RMCP.pdf"; VariantName = "[No Variations]"
Add component (AddParameter): Name = "Height"; Value = "0.55mm"; VariantName = "[No Variations]"
Add component (AddParameter): Name = "Manufacturer_Name"; Value = "Stackpole Electronics"; VariantName = "[No Variations]"
Add component (AddParameter): Name = "Manufacturer_Part_Number"; Value = "RMCF0603FT1K00"; VariantName = "[No Variations]"
Add component (AddParameter): Name = "Mouser Part Number"; Value = "708-RMCF0603FT1K00"; VariantName = "[No Variations]"
Add component (AddParameter): Name = "Mouser Price/Stock"; Value = "https://www.mouser.co.uk/ProductDetail/SEI-Stackpole/RMCF0603FT1K00?qs=FESYatJ8odI%252BYiPlprc1Pg%3D%3D"; VariantName = "[No Variations]"
Added Component: Designator=R1_Resistors10(RESC1608X55N)
Add component (AddParameter): Name = "Arrow Part Number"; Value = "RMCF0603FT1K00"; VariantName = "[No Variations]"
Add component (AddParameter): Name = "Arrow Price/Stock"; Value = "https://www.arrow.com/en/products/rmcf0603ft1k00/stackpole-electronics?utm_currency=USD&region=nac"; VariantName = "[No Variations]"
Add component (AddParameter): Name = "Datasheet Link"; Value = "https://www.seielect.com/Catalog/SEI-RMCF_RMCP.pdf"; VariantName = "[No Variations]"
Add component (AddParameter): Name = "Height"; Value = "0.55mm"; VariantName = "[No Variations]"
Add component (AddParameter): Name = "Manufacturer_Name"; Value = "Stackpole Electronics"; VariantName = "[No Variations]"
Add component (AddParameter): Name = "Manufacturer_Part_Number"; Value = "RMCF0603FT1K00"; VariantName = "[No Variations]"
Add component (AddParameter): Name = "Mouser Part Number"; Value = "708-RMCF0603FT1K00"; VariantName = "[No Variations]"
Add component (AddParameter): Name = "Mouser Price/Stock"; Value = "https://www.mouser.co.uk/ProductDetail/SEI-Stackpole/RMCF0603FT1K00?qs=FESYatJ8odI%252BYiPlprc1Pg%3D%3D"; VariantName = "[No Variations]"
Added Component: Designator=R1_Resistors11(RESC1608X55N)
Add component (AddParameter): Name = "Arrow Part Number"; Value = "RMCF0603FT1K00"; VariantName = "[No Variations]"
Add component (AddParameter): Name = "Arrow Price/Stock"; Value = "https://www.arrow.com/en/products/rmcf0603ft1k00/stackpole-electronics?utm_currency=USD&region=nac"; VariantName = "[No Variations]"
Add component (AddParameter): Name = "Datasheet Link"; Value = "https://www.seielect.com/Catalog/SEI-RMCF_RMCP.pdf"; VariantName = "[No Variations]"
Add component (AddParameter): Name = "Height"; Value = "0.55mm"; VariantName = "[No Variations]"
Add component (AddParameter): Name = "Manufacturer_Name"; Value = "Stackpole Electronics"; VariantName = "[No Variations]"
Add component (AddParameter): Name = "Manufacturer_Part_Number"; Value = "RMCF0603FT1K00"; VariantName = "[No Variations]"
Add component (AddParameter): Name = "Mouser Part Number"; Value = "708-RMCF0603FT1K00"; VariantName = "[No Variations]"
Add component (AddParameter): Name = "Mouser Price/Stock"; Value = "https://www.mouser.co.uk/ProductDetail/SEI-Stackpole/RMCF0603FT1K00?qs=FESYatJ8odI%252BYiPlprc1Pg%3D%3D"; VariantName = "[No Variations]"
Added Component: Designator=R1_Resistors12(RESC1608X55N)
Add component (AddParameter): Name = "Arrow Part Number"; Value = "RMCF0603FT1K00"; VariantName = "[No Variations]"
Add component (AddParameter): Name = "Arrow Price/Stock"; Value = "https://www.arrow.com/en/products/rmcf0603ft1k00/stackpole-electronics?utm_currency=USD&region=nac"; VariantName = "[No Variations]"
Add component (AddParameter): Name = "Datasheet Link"; Value = "https://www.seielect.com/Catalog/SEI-RMCF_RMCP.pdf"; VariantName = "[No Variations]"
Add component (AddParameter): Name = "Height"; Value = "0.55mm"; VariantName = "[No Variations]"
Add component (AddParameter): Name = "Manufacturer_Name"; Value = "Stackpole Electronics"; VariantName = "[No Variations]"
Add component (AddParameter): Name = "Manufacturer_Part_Number"; Value = "RMCF0603FT1K00"; VariantName = "[No Variations]"
Add component (AddParameter): Name = "Mouser Part Number"; Value = "708-RMCF0603FT1K00"; VariantName = "[No Variations]"
Add component (AddParameter): Name = "Mouser Price/Stock"; Value = "https://www.mouser.co.uk/ProductDetail/SEI-Stackpole/RMCF0603FT1K00?qs=FESYatJ8odI%252BYiPlprc1Pg%3D%3D"; VariantName = "[No Variations]"
Added Component: Designator=R1_Resistors13(RESC1608X55N)
Add component (AddParameter): Name = "Arrow Part Number"; Value = "RMCF0603FT1K00"; VariantName = "[No Variations]"
Add component (AddParameter): Name = "Arrow Price/Stock"; Value = "https://www.arrow.com/en/products/rmcf0603ft1k00/stackpole-electronics?utm_currency=USD&region=nac"; VariantName = "[No Variations]"
Add component (AddParameter): Name = "Datasheet Link"; Value = "https://www.seielect.com/Catalog/SEI-RMCF_RMCP.pdf"; VariantName = "[No Variations]"
Add component (AddParameter): Name = "Height"; Value = "0.55mm"; VariantName = "[No Variations]"
Add component (AddParameter): Name = "Manufacturer_Name"; Value = "Stackpole Electronics"; VariantName = "[No Variations]"
Add component (AddParameter): Name = "Manufacturer_Part_Number"; Value = "RMCF0603FT1K00"; VariantName = "[No Variations]"
Add component (AddParameter): Name = "Mouser Part Number"; Value = "708-RMCF0603FT1K00"; VariantName = "[No Variations]"
Add component (AddParameter): Name = "Mouser Price/Stock"; Value = "https://www.mouser.co.uk/ProductDetail/SEI-Stackpole/RMCF0603FT1K00?qs=FESYatJ8odI%252BYiPlprc1Pg%3D%3D"; VariantName = "[No Variations]"
Added Component: Designator=R1_Resistors14(RESC1608X55N)
Add component (AddParameter): Name = "Arrow Part Number"; Value = "RMCF0603FT1K00"; VariantName = "[No Variations]"
Add component (AddParameter): Name = "Arrow Price/Stock"; Value = "https://www.arrow.com/en/products/rmcf0603ft1k00/stackpole-electronics?utm_currency=USD&region=nac"; VariantName = "[No Variations]"
Add component (AddParameter): Name = "Datasheet Link"; Value = "https://www.seielect.com/Catalog/SEI-RMCF_RMCP.pdf"; VariantName = "[No Variations]"
Add component (AddParameter): Name = "Height"; Value = "0.55mm"; VariantName = "[No Variations]"
Add component (AddParameter): Name = "Manufacturer_Name"; Value = "Stackpole Electronics"; VariantName = "[No Variations]"
Add component (AddParameter): Name = "Manufacturer_Part_Number"; Value = "RMCF0603FT1K00"; VariantName = "[No Variations]"
Add component (AddParameter): Name = "Mouser Part Number"; Value = "708-RMCF0603FT1K00"; VariantName = "[No Variations]"
Add component (AddParameter): Name = "Mouser Price/Stock"; Value = "https://www.mouser.co.uk/ProductDetail/SEI-Stackpole/RMCF0603FT1K00?qs=FESYatJ8odI%252BYiPlprc1Pg%3D%3D"; VariantName = "[No Variations]"
Added Component: Designator=R1_Resistors15(RESC1608X55N)
Add component (AddParameter): Name = "Arrow Part Number"; Value = "RMCF0603FT1K00"; VariantName = "[No Variations]"
Add component (AddParameter): Name = "Arrow Price/Stock"; Value = "https://www.arrow.com/en/products/rmcf0603ft1k00/stackpole-electronics?utm_currency=USD&region=nac"; VariantName = "[No Variations]"
Add component (AddParameter): Name = "Datasheet Link"; Value = "https://www.seielect.com/Catalog/SEI-RMCF_RMCP.pdf"; VariantName = "[No Variations]"
Add component (AddParameter): Name = "Height"; Value = "0.55mm"; VariantName = "[No Variations]"
Add component (AddParameter): Name = "Manufacturer_Name"; Value = "Stackpole Electronics"; VariantName = "[No Variations]"
Add component (AddParameter): Name = "Manufacturer_Part_Number"; Value = "RMCF0603FT1K00"; VariantName = "[No Variations]"
Add component (AddParameter): Name = "Mouser Part Number"; Value = "708-RMCF0603FT1K00"; VariantName = "[No Variations]"
Add component (AddParameter): Name = "Mouser Price/Stock"; Value = "https://www.mouser.co.uk/ProductDetail/SEI-Stackpole/RMCF0603FT1K00?qs=FESYatJ8odI%252BYiPlprc1Pg%3D%3D"; VariantName = "[No Variations]"
Added Component: Designator=R1_Resistors16(RESC1608X55N)
Add component (AddParameter): Name = "Arrow Part Number"; Value = "RMCF0603FT1K00"; VariantName = "[No Variations]"
Add component (AddParameter): Name = "Arrow Price/Stock"; Value = "https://www.arrow.com/en/products/rmcf0603ft1k00/stackpole-electronics?utm_currency=USD&region=nac"; VariantName = "[No Variations]"
Add component (AddParameter): Name = "Datasheet Link"; Value = "https://www.seielect.com/Catalog/SEI-RMCF_RMCP.pdf"; VariantName = "[No Variations]"
Add component (AddParameter): Name = "Height"; Value = "0.55mm"; VariantName = "[No Variations]"
Add component (AddParameter): Name = "Manufacturer_Name"; Value = "Stackpole Electronics"; VariantName = "[No Variations]"
Add component (AddParameter): Name = "Manufacturer_Part_Number"; Value = "RMCF0603FT1K00"; VariantName = "[No Variations]"
Add component (AddParameter): Name = "Mouser Part Number"; Value = "708-RMCF0603FT1K00"; VariantName = "[No Variations]"
Add component (AddParameter): Name = "Mouser Price/Stock"; Value = "https://www.mouser.co.uk/ProductDetail/SEI-Stackpole/RMCF0603FT1K00?qs=FESYatJ8odI%252BYiPlprc1Pg%3D%3D"; VariantName = "[No Variations]"
Added Component: Designator=R1_Resistors17(RESC1608X55N)
Add component (AddParameter): Name = "Arrow Part Number"; Value = "RMCF0603FT1K00"; VariantName = "[No Variations]"
Add component (AddParameter): Name = "Arrow Price/Stock"; Value = "https://www.arrow.com/en/products/rmcf0603ft1k00/stackpole-electronics?utm_currency=USD&region=nac"; VariantName = "[No Variations]"
Add component (AddParameter): Name = "Datasheet Link"; Value = "https://www.seielect.com/Catalog/SEI-RMCF_RMCP.pdf"; VariantName = "[No Variations]"
Add component (AddParameter): Name = "Height"; Value = "0.55mm"; VariantName = "[No Variations]"
Add component (AddParameter): Name = "Manufacturer_Name"; Value = "Stackpole Electronics"; VariantName = "[No Variations]"
Add component (AddParameter): Name = "Manufacturer_Part_Number"; Value = "RMCF0603FT1K00"; VariantName = "[No Variations]"
Add component (AddParameter): Name = "Mouser Part Number"; Value = "708-RMCF0603FT1K00"; VariantName = "[No Variations]"
Add component (AddParameter): Name = "Mouser Price/Stock"; Value = "https://www.mouser.co.uk/ProductDetail/SEI-Stackpole/RMCF0603FT1K00?qs=FESYatJ8odI%252BYiPlprc1Pg%3D%3D"; VariantName = "[No Variations]"
Added Component: Designator=R1_Resistors18(RESC1608X55N)
Add component (AddParameter): Name = "Arrow Part Number"; Value = "RMCF0603FT1K00"; VariantName = "[No Variations]"
Add component (AddParameter): Name = "Arrow Price/Stock"; Value = "https://www.arrow.com/en/products/rmcf0603ft1k00/stackpole-electronics?utm_currency=USD&region=nac"; VariantName = "[No Variations]"
Add component (AddParameter): Name = "Datasheet Link"; Value = "https://www.seielect.com/Catalog/SEI-RMCF_RMCP.pdf"; VariantName = "[No Variations]"
Add component (AddParameter): Name = "Height"; Value = "0.55mm"; VariantName = "[No Variations]"
Add component (AddParameter): Name = "Manufacturer_Name"; Value = "Stackpole Electronics"; VariantName = "[No Variations]"
Add component (AddParameter): Name = "Manufacturer_Part_Number"; Value = "RMCF0603FT1K00"; VariantName = "[No Variations]"
Add component (AddParameter): Name = "Mouser Part Number"; Value = "708-RMCF0603FT1K00"; VariantName = "[No Variations]"
Add component (AddParameter): Name = "Mouser Price/Stock"; Value = "https://www.mouser.co.uk/ProductDetail/SEI-Stackpole/RMCF0603FT1K00?qs=FESYatJ8odI%252BYiPlprc1Pg%3D%3D"; VariantName = "[No Variations]"
Added Component: Designator=R1_Resistors19(RESC1608X55N)
Add component (AddParameter): Name = "Arrow Part Number"; Value = "RMCF0603FT1K00"; VariantName = "[No Variations]"
Add component (AddParameter): Name = "Arrow Price/Stock"; Value = "https://www.arrow.com/en/products/rmcf0603ft1k00/stackpole-electronics?utm_currency=USD&region=nac"; VariantName = "[No Variations]"
Add component (AddParameter): Name = "Datasheet Link"; Value = "https://www.seielect.com/Catalog/SEI-RMCF_RMCP.pdf"; VariantName = "[No Variations]"
Add component (AddParameter): Name = "Height"; Value = "0.55mm"; VariantName = "[No Variations]"
Add component (AddParameter): Name = "Manufacturer_Name"; Value = "Stackpole Electronics"; VariantName = "[No Variations]"
Add component (AddParameter): Name = "Manufacturer_Part_Number"; Value = "RMCF0603FT1K00"; VariantName = "[No Variations]"
Add component (AddParameter): Name = "Mouser Part Number"; Value = "708-RMCF0603FT1K00"; VariantName = "[No Variations]"
Add component (AddParameter): Name = "Mouser Price/Stock"; Value = "https://www.mouser.co.uk/ProductDetail/SEI-Stackpole/RMCF0603FT1K00?qs=FESYatJ8odI%252BYiPlprc1Pg%3D%3D"; VariantName = "[No Variations]"
Added Component: Designator=R1_Resistors20(RESC1608X55N)
Add component (AddParameter): Name = "Arrow Part Number"; Value = "RMCF0603FT1K00"; VariantName = "[No Variations]"
Add component (AddParameter): Name = "Arrow Price/Stock"; Value = "https://www.arrow.com/en/products/rmcf0603ft1k00/stackpole-electronics?utm_currency=USD&region=nac"; VariantName = "[No Variations]"
Add component (AddParameter): Name = "Datasheet Link"; Value = "https://www.seielect.com/Catalog/SEI-RMCF_RMCP.pdf"; VariantName = "[No Variations]"
Add component (AddParameter): Name = "Height"; Value = "0.55mm"; VariantName = "[No Variations]"
Add component (AddParameter): Name = "Manufacturer_Name"; Value = "Stackpole Electronics"; VariantName = "[No Variations]"
Add component (AddParameter): Name = "Manufacturer_Part_Number"; Value = "RMCF0603FT1K00"; VariantName = "[No Variations]"
Add component (AddParameter): Name = "Mouser Part Number"; Value = "708-RMCF0603FT1K00"; VariantName = "[No Variations]"
Add component (AddParameter): Name = "Mouser Price/Stock"; Value = "https://www.mouser.co.uk/ProductDetail/SEI-Stackpole/RMCF0603FT1K00?qs=FESYatJ8odI%252BYiPlprc1Pg%3D%3D"; VariantName = "[No Variations]"
Added Component: Designator=R1_Resistors21(RESC1608X55N)
Add component (AddParameter): Name = "Arrow Part Number"; Value = "RMCF0603FT1K00"; VariantName = "[No Variations]"
Add component (AddParameter): Name = "Arrow Price/Stock"; Value = "https://www.arrow.com/en/products/rmcf0603ft1k00/stackpole-electronics?utm_currency=USD&region=nac"; VariantName = "[No Variations]"
Add component (AddParameter): Name = "Datasheet Link"; Value = "https://www.seielect.com/Catalog/SEI-RMCF_RMCP.pdf"; VariantName = "[No Variations]"
Add component (AddParameter): Name = "Height"; Value = "0.55mm"; VariantName = "[No Variations]"
Add component (AddParameter): Name = "Manufacturer_Name"; Value = "Stackpole Electronics"; VariantName = "[No Variations]"
Add component (AddParameter): Name = "Manufacturer_Part_Number"; Value = "RMCF0603FT1K00"; VariantName = "[No Variations]"
Add component (AddParameter): Name = "Mouser Part Number"; Value = "708-RMCF0603FT1K00"; VariantName = "[No Variations]"
Add component (AddParameter): Name = "Mouser Price/Stock"; Value = "https://www.mouser.co.uk/ProductDetail/SEI-Stackpole/RMCF0603FT1K00?qs=FESYatJ8odI%252BYiPlprc1Pg%3D%3D"; VariantName = "[No Variations]"
Added Component: Designator=R1_Resistors22(RESC1608X55N)
Add component (AddParameter): Name = "Arrow Part Number"; Value = "RMCF0603FT1K00"; VariantName = "[No Variations]"
Add component (AddParameter): Name = "Arrow Price/Stock"; Value = "https://www.arrow.com/en/products/rmcf0603ft1k00/stackpole-electronics?utm_currency=USD&region=nac"; VariantName = "[No Variations]"
Add component (AddParameter): Name = "Datasheet Link"; Value = "https://www.seielect.com/Catalog/SEI-RMCF_RMCP.pdf"; VariantName = "[No Variations]"
Add component (AddParameter): Name = "Height"; Value = "0.55mm"; VariantName = "[No Variations]"
Add component (AddParameter): Name = "Manufacturer_Name"; Value = "Stackpole Electronics"; VariantName = "[No Variations]"
Add component (AddParameter): Name = "Manufacturer_Part_Number"; Value = "RMCF0603FT1K00"; VariantName = "[No Variations]"
Add component (AddParameter): Name = "Mouser Part Number"; Value = "708-RMCF0603FT1K00"; VariantName = "[No Variations]"
Add component (AddParameter): Name = "Mouser Price/Stock"; Value = "https://www.mouser.co.uk/ProductDetail/SEI-Stackpole/RMCF0603FT1K00?qs=FESYatJ8odI%252BYiPlprc1Pg%3D%3D"; VariantName = "[No Variations]"
Added Component: Designator=R1_Resistors23(RESC1608X55N)
Add component (AddParameter): Name = "Arrow Part Number"; Value = "RMCF0603FT1K00"; VariantName = "[No Variations]"
Add component (AddParameter): Name = "Arrow Price/Stock"; Value = "https://www.arrow.com/en/products/rmcf0603ft1k00/stackpole-electronics?utm_currency=USD&region=nac"; VariantName = "[No Variations]"
Add component (AddParameter): Name = "Datasheet Link"; Value = "https://www.seielect.com/Catalog/SEI-RMCF_RMCP.pdf"; VariantName = "[No Variations]"
Add component (AddParameter): Name = "Height"; Value = "0.55mm"; VariantName = "[No Variations]"
Add component (AddParameter): Name = "Manufacturer_Name"; Value = "Stackpole Electronics"; VariantName = "[No Variations]"
Add component (AddParameter): Name = "Manufacturer_Part_Number"; Value = "RMCF0603FT1K00"; VariantName = "[No Variations]"
Add component (AddParameter): Name = "Mouser Part Number"; Value = "708-RMCF0603FT1K00"; VariantName = "[No Variations]"
Add component (AddParameter): Name = "Mouser Price/Stock"; Value = "https://www.mouser.co.uk/ProductDetail/SEI-Stackpole/RMCF0603FT1K00?qs=FESYatJ8odI%252BYiPlprc1Pg%3D%3D"; VariantName = "[No Variations]"
Added Component: Designator=R1_Resistors24(RESC1608X55N)
Add component (AddParameter): Name = "Arrow Part Number"; Value = "RMCF0603FT1K00"; VariantName = "[No Variations]"
Add component (AddParameter): Name = "Arrow Price/Stock"; Value = "https://www.arrow.com/en/products/rmcf0603ft1k00/stackpole-electronics?utm_currency=USD&region=nac"; VariantName = "[No Variations]"
Add component (AddParameter): Name = "Datasheet Link"; Value = "https://www.seielect.com/Catalog/SEI-RMCF_RMCP.pdf"; VariantName = "[No Variations]"
Add component (AddParameter): Name = "Height"; Value = "0.55mm"; VariantName = "[No Variations]"
Add component (AddParameter): Name = "Manufacturer_Name"; Value = "Stackpole Electronics"; VariantName = "[No Variations]"
Add component (AddParameter): Name = "Manufacturer_Part_Number"; Value = "RMCF0603FT1K00"; VariantName = "[No Variations]"
Add component (AddParameter): Name = "Mouser Part Number"; Value = "708-RMCF0603FT1K00"; VariantName = "[No Variations]"
Add component (AddParameter): Name = "Mouser Price/Stock"; Value = "https://www.mouser.co.uk/ProductDetail/SEI-Stackpole/RMCF0603FT1K00?qs=FESYatJ8odI%252BYiPlprc1Pg%3D%3D"; VariantName = "[No Variations]"
Added Component: Designator=R1_Resistors25(RESC1608X55N)
Add component (AddParameter): Name = "Arrow Part Number"; Value = "RMCF0603FT1K00"; VariantName = "[No Variations]"
Add component (AddParameter): Name = "Arrow Price/Stock"; Value = "https://www.arrow.com/en/products/rmcf0603ft1k00/stackpole-electronics?utm_currency=USD&region=nac"; VariantName = "[No Variations]"
Add component (AddParameter): Name = "Datasheet Link"; Value = "https://www.seielect.com/Catalog/SEI-RMCF_RMCP.pdf"; VariantName = "[No Variations]"
Add component (AddParameter): Name = "Height"; Value = "0.55mm"; VariantName = "[No Variations]"
Add component (AddParameter): Name = "Manufacturer_Name"; Value = "Stackpole Electronics"; VariantName = "[No Variations]"
Add component (AddParameter): Name = "Manufacturer_Part_Number"; Value = "RMCF0603FT1K00"; VariantName = "[No Variations]"
Add component (AddParameter): Name = "Mouser Part Number"; Value = "708-RMCF0603FT1K00"; VariantName = "[No Variations]"
Add component (AddParameter): Name = "Mouser Price/Stock"; Value = "https://www.mouser.co.uk/ProductDetail/SEI-Stackpole/RMCF0603FT1K00?qs=FESYatJ8odI%252BYiPlprc1Pg%3D%3D"; VariantName = "[No Variations]"
Added Component: Designator=R1_Resistors26(RESC1608X55N)
Add component (AddParameter): Name = "Arrow Part Number"; Value = "RMCF0603FT1K00"; VariantName = "[No Variations]"
Add component (AddParameter): Name = "Arrow Price/Stock"; Value = "https://www.arrow.com/en/products/rmcf0603ft1k00/stackpole-electronics?utm_currency=USD&region=nac"; VariantName = "[No Variations]"
Add component (AddParameter): Name = "Datasheet Link"; Value = "https://www.seielect.com/Catalog/SEI-RMCF_RMCP.pdf"; VariantName = "[No Variations]"
Add component (AddParameter): Name = "Height"; Value = "0.55mm"; VariantName = "[No Variations]"
Add component (AddParameter): Name = "Manufacturer_Name"; Value = "Stackpole Electronics"; VariantName = "[No Variations]"
Add component (AddParameter): Name = "Manufacturer_Part_Number"; Value = "RMCF0603FT1K00"; VariantName = "[No Variations]"
Add component (AddParameter): Name = "Mouser Part Number"; Value = "708-RMCF0603FT1K00"; VariantName = "[No Variations]"
Add component (AddParameter): Name = "Mouser Price/Stock"; Value = "https://www.mouser.co.uk/ProductDetail/SEI-Stackpole/RMCF0603FT1K00?qs=FESYatJ8odI%252BYiPlprc1Pg%3D%3D"; VariantName = "[No Variations]"
Added Component: Designator=R1_Resistors27(RESC1608X55N)
Add component (AddParameter): Name = "Arrow Part Number"; Value = "RMCF0603FT1K00"; VariantName = "[No Variations]"
Add component (AddParameter): Name = "Arrow Price/Stock"; Value = "https://www.arrow.com/en/products/rmcf0603ft1k00/stackpole-electronics?utm_currency=USD&region=nac"; VariantName = "[No Variations]"
Add component (AddParameter): Name = "Datasheet Link"; Value = "https://www.seielect.com/Catalog/SEI-RMCF_RMCP.pdf"; VariantName = "[No Variations]"
Add component (AddParameter): Name = "Height"; Value = "0.55mm"; VariantName = "[No Variations]"
Add component (AddParameter): Name = "Manufacturer_Name"; Value = "Stackpole Electronics"; VariantName = "[No Variations]"
Add component (AddParameter): Name = "Manufacturer_Part_Number"; Value = "RMCF0603FT1K00"; VariantName = "[No Variations]"
Add component (AddParameter): Name = "Mouser Part Number"; Value = "708-RMCF0603FT1K00"; VariantName = "[No Variations]"
Add component (AddParameter): Name = "Mouser Price/Stock"; Value = "https://www.mouser.co.uk/ProductDetail/SEI-Stackpole/RMCF0603FT1K00?qs=FESYatJ8odI%252BYiPlprc1Pg%3D%3D"; VariantName = "[No Variations]"
Added Component: Designator=R1_Resistors28(RESC1608X55N)
Add component (AddParameter): Name = "Arrow Part Number"; Value = "RMCF0603FT1K00"; VariantName = "[No Variations]"
Add component (AddParameter): Name = "Arrow Price/Stock"; Value = "https://www.arrow.com/en/products/rmcf0603ft1k00/stackpole-electronics?utm_currency=USD&region=nac"; VariantName = "[No Variations]"
Add component (AddParameter): Name = "Datasheet Link"; Value = "https://www.seielect.com/Catalog/SEI-RMCF_RMCP.pdf"; VariantName = "[No Variations]"
Add component (AddParameter): Name = "Height"; Value = "0.55mm"; VariantName = "[No Variations]"
Add component (AddParameter): Name = "Manufacturer_Name"; Value = "Stackpole Electronics"; VariantName = "[No Variations]"
Add component (AddParameter): Name = "Manufacturer_Part_Number"; Value = "RMCF0603FT1K00"; VariantName = "[No Variations]"
Add component (AddParameter): Name = "Mouser Part Number"; Value = "708-RMCF0603FT1K00"; VariantName = "[No Variations]"
Add component (AddParameter): Name = "Mouser Price/Stock"; Value = "https://www.mouser.co.uk/ProductDetail/SEI-Stackpole/RMCF0603FT1K00?qs=FESYatJ8odI%252BYiPlprc1Pg%3D%3D"; VariantName = "[No Variations]"
Added Component: Designator=R1_Resistors29(RESC1608X55N)
Add component (AddParameter): Name = "Arrow Part Number"; Value = "RMCF0603FT1K00"; VariantName = "[No Variations]"
Add component (AddParameter): Name = "Arrow Price/Stock"; Value = "https://www.arrow.com/en/products/rmcf0603ft1k00/stackpole-electronics?utm_currency=USD&region=nac"; VariantName = "[No Variations]"
Add component (AddParameter): Name = "Datasheet Link"; Value = "https://www.seielect.com/Catalog/SEI-RMCF_RMCP.pdf"; VariantName = "[No Variations]"
Add component (AddParameter): Name = "Height"; Value = "0.55mm"; VariantName = "[No Variations]"
Add component (AddParameter): Name = "Manufacturer_Name"; Value = "Stackpole Electronics"; VariantName = "[No Variations]"
Add component (AddParameter): Name = "Manufacturer_Part_Number"; Value = "RMCF0603FT1K00"; VariantName = "[No Variations]"
Add component (AddParameter): Name = "Mouser Part Number"; Value = "708-RMCF0603FT1K00"; VariantName = "[No Variations]"
Add component (AddParameter): Name = "Mouser Price/Stock"; Value = "https://www.mouser.co.uk/ProductDetail/SEI-Stackpole/RMCF0603FT1K00?qs=FESYatJ8odI%252BYiPlprc1Pg%3D%3D"; VariantName = "[No Variations]"
Added Component: Designator=R1_Resistors30(RESC1608X55N)
Add component (AddParameter): Name = "Arrow Part Number"; Value = "RMCF0603FT1K00"; VariantName = "[No Variations]"
Add component (AddParameter): Name = "Arrow Price/Stock"; Value = "https://www.arrow.com/en/products/rmcf0603ft1k00/stackpole-electronics?utm_currency=USD&region=nac"; VariantName = "[No Variations]"
Add component (AddParameter): Name = "Datasheet Link"; Value = "https://www.seielect.com/Catalog/SEI-RMCF_RMCP.pdf"; VariantName = "[No Variations]"
Add component (AddParameter): Name = "Height"; Value = "0.55mm"; VariantName = "[No Variations]"
Add component (AddParameter): Name = "Manufacturer_Name"; Value = "Stackpole Electronics"; VariantName = "[No Variations]"
Add component (AddParameter): Name = "Manufacturer_Part_Number"; Value = "RMCF0603FT1K00"; VariantName = "[No Variations]"
Add component (AddParameter): Name = "Mouser Part Number"; Value = "708-RMCF0603FT1K00"; VariantName = "[No Variations]"
Add component (AddParameter): Name = "Mouser Price/Stock"; Value = "https://www.mouser.co.uk/ProductDetail/SEI-Stackpole/RMCF0603FT1K00?qs=FESYatJ8odI%252BYiPlprc1Pg%3D%3D"; VariantName = "[No Variations]"
Added Component: Designator=R1_Resistors31(RESC1608X55N)
Add component (AddParameter): Name = "Arrow Part Number"; Value = "RMCF0603FT1K00"; VariantName = "[No Variations]"
Add component (AddParameter): Name = "Arrow Price/Stock"; Value = "https://www.arrow.com/en/products/rmcf0603ft1k00/stackpole-electronics?utm_currency=USD&region=nac"; VariantName = "[No Variations]"
Add component (AddParameter): Name = "Datasheet Link"; Value = "https://www.seielect.com/Catalog/SEI-RMCF_RMCP.pdf"; VariantName = "[No Variations]"
Add component (AddParameter): Name = "Height"; Value = "0.55mm"; VariantName = "[No Variations]"
Add component (AddParameter): Name = "Manufacturer_Name"; Value = "Stackpole Electronics"; VariantName = "[No Variations]"
Add component (AddParameter): Name = "Manufacturer_Part_Number"; Value = "RMCF0603FT1K00"; VariantName = "[No Variations]"
Add component (AddParameter): Name = "Mouser Part Number"; Value = "708-RMCF0603FT1K00"; VariantName = "[No Variations]"
Add component (AddParameter): Name = "Mouser Price/Stock"; Value = "https://www.mouser.co.uk/ProductDetail/SEI-Stackpole/RMCF0603FT1K00?qs=FESYatJ8odI%252BYiPlprc1Pg%3D%3D"; VariantName = "[No Variations]"
Added Component: Designator=R1_Resistors32(RESC1608X55N)
Add component (AddParameter): Name = "Arrow Part Number"; Value = "RMCF0603FT1K00"; VariantName = "[No Variations]"
Add component (AddParameter): Name = "Arrow Price/Stock"; Value = "https://www.arrow.com/en/products/rmcf0603ft1k00/stackpole-electronics?utm_currency=USD&region=nac"; VariantName = "[No Variations]"
Add component (AddParameter): Name = "Datasheet Link"; Value = "https://www.seielect.com/Catalog/SEI-RMCF_RMCP.pdf"; VariantName = "[No Variations]"
Add component (AddParameter): Name = "Height"; Value = "0.55mm"; VariantName = "[No Variations]"
Add component (AddParameter): Name = "Manufacturer_Name"; Value = "Stackpole Electronics"; VariantName = "[No Variations]"
Add component (AddParameter): Name = "Manufacturer_Part_Number"; Value = "RMCF0603FT1K00"; VariantName = "[No Variations]"
Add component (AddParameter): Name = "Mouser Part Number"; Value = "708-RMCF0603FT1K00"; VariantName = "[No Variations]"
Add component (AddParameter): Name = "Mouser Price/Stock"; Value = "https://www.mouser.co.uk/ProductDetail/SEI-Stackpole/RMCF0603FT1K00?qs=FESYatJ8odI%252BYiPlprc1Pg%3D%3D"; VariantName = "[No Variations]"
Added Component: Designator=R1_Resistors33(RESC1608X55N)
Add component (AddParameter): Name = "Arrow Part Number"; Value = "RMCF0603FT1K00"; VariantName = "[No Variations]"
Add component (AddParameter): Name = "Arrow Price/Stock"; Value = "https://www.arrow.com/en/products/rmcf0603ft1k00/stackpole-electronics?utm_currency=USD&region=nac"; VariantName = "[No Variations]"
Add component (AddParameter): Name = "Datasheet Link"; Value = "https://www.seielect.com/Catalog/SEI-RMCF_RMCP.pdf"; VariantName = "[No Variations]"
Add component (AddParameter): Name = "Height"; Value = "0.55mm"; VariantName = "[No Variations]"
Add component (AddParameter): Name = "Manufacturer_Name"; Value = "Stackpole Electronics"; VariantName = "[No Variations]"
Add component (AddParameter): Name = "Manufacturer_Part_Number"; Value = "RMCF0603FT1K00"; VariantName = "[No Variations]"
Add component (AddParameter): Name = "Mouser Part Number"; Value = "708-RMCF0603FT1K00"; VariantName = "[No Variations]"
Add component (AddParameter): Name = "Mouser Price/Stock"; Value = "https://www.mouser.co.uk/ProductDetail/SEI-Stackpole/RMCF0603FT1K00?qs=FESYatJ8odI%252BYiPlprc1Pg%3D%3D"; VariantName = "[No Variations]"
Added Component: Designator=R1_Resistors34(RESC1608X55N)
Add component (AddParameter): Name = "Arrow Part Number"; Value = "RMCF0603FT1K00"; VariantName = "[No Variations]"
Add component (AddParameter): Name = "Arrow Price/Stock"; Value = "https://www.arrow.com/en/products/rmcf0603ft1k00/stackpole-electronics?utm_currency=USD&region=nac"; VariantName = "[No Variations]"
Add component (AddParameter): Name = "Datasheet Link"; Value = "https://www.seielect.com/Catalog/SEI-RMCF_RMCP.pdf"; VariantName = "[No Variations]"
Add component (AddParameter): Name = "Height"; Value = "0.55mm"; VariantName = "[No Variations]"
Add component (AddParameter): Name = "Manufacturer_Name"; Value = "Stackpole Electronics"; VariantName = "[No Variations]"
Add component (AddParameter): Name = "Manufacturer_Part_Number"; Value = "RMCF0603FT1K00"; VariantName = "[No Variations]"
Add component (AddParameter): Name = "Mouser Part Number"; Value = "708-RMCF0603FT1K00"; VariantName = "[No Variations]"
Add component (AddParameter): Name = "Mouser Price/Stock"; Value = "https://www.mouser.co.uk/ProductDetail/SEI-Stackpole/RMCF0603FT1K00?qs=FESYatJ8odI%252BYiPlprc1Pg%3D%3D"; VariantName = "[No Variations]"
Added Component: Designator=R1_Resistors35(RESC1608X55N)
Add component (AddParameter): Name = "Arrow Part Number"; Value = "RMCF0603FT1K00"; VariantName = "[No Variations]"
Add component (AddParameter): Name = "Arrow Price/Stock"; Value = "https://www.arrow.com/en/products/rmcf0603ft1k00/stackpole-electronics?utm_currency=USD&region=nac"; VariantName = "[No Variations]"
Add component (AddParameter): Name = "Datasheet Link"; Value = "https://www.seielect.com/Catalog/SEI-RMCF_RMCP.pdf"; VariantName = "[No Variations]"
Add component (AddParameter): Name = "Height"; Value = "0.55mm"; VariantName = "[No Variations]"
Add component (AddParameter): Name = "Manufacturer_Name"; Value = "Stackpole Electronics"; VariantName = "[No Variations]"
Add component (AddParameter): Name = "Manufacturer_Part_Number"; Value = "RMCF0603FT1K00"; VariantName = "[No Variations]"
Add component (AddParameter): Name = "Mouser Part Number"; Value = "708-RMCF0603FT1K00"; VariantName = "[No Variations]"
Add component (AddParameter): Name = "Mouser Price/Stock"; Value = "https://www.mouser.co.uk/ProductDetail/SEI-Stackpole/RMCF0603FT1K00?qs=FESYatJ8odI%252BYiPlprc1Pg%3D%3D"; VariantName = "[No Variations]"
Added Component: Designator=R1_Resistors36(RESC1608X55N)
Add component (AddParameter): Name = "Arrow Part Number"; Value = "RMCF0603FT1K00"; VariantName = "[No Variations]"
Add component (AddParameter): Name = "Arrow Price/Stock"; Value = "https://www.arrow.com/en/products/rmcf0603ft1k00/stackpole-electronics?utm_currency=USD&region=nac"; VariantName = "[No Variations]"
Add component (AddParameter): Name = "Datasheet Link"; Value = "https://www.seielect.com/Catalog/SEI-RMCF_RMCP.pdf"; VariantName = "[No Variations]"
Add component (AddParameter): Name = "Height"; Value = "0.55mm"; VariantName = "[No Variations]"
Add component (AddParameter): Name = "Manufacturer_Name"; Value = "Stackpole Electronics"; VariantName = "[No Variations]"
Add component (AddParameter): Name = "Manufacturer_Part_Number"; Value = "RMCF0603FT1K00"; VariantName = "[No Variations]"
Add component (AddParameter): Name = "Mouser Part Number"; Value = "708-RMCF0603FT1K00"; VariantName = "[No Variations]"
Add component (AddParameter): Name = "Mouser Price/Stock"; Value = "https://www.mouser.co.uk/ProductDetail/SEI-Stackpole/RMCF0603FT1K00?qs=FESYatJ8odI%252BYiPlprc1Pg%3D%3D"; VariantName = "[No Variations]"
Added Component: Designator=R1_Resistors37(RESC1608X55N)
Add component (AddParameter): Name = "Arrow Part Number"; Value = "RMCF0603FT1K00"; VariantName = "[No Variations]"
Add component (AddParameter): Name = "Arrow Price/Stock"; Value = "https://www.arrow.com/en/products/rmcf0603ft1k00/stackpole-electronics?utm_currency=USD&region=nac"; VariantName = "[No Variations]"
Add component (AddParameter): Name = "Datasheet Link"; Value = "https://www.seielect.com/Catalog/SEI-RMCF_RMCP.pdf"; VariantName = "[No Variations]"
Add component (AddParameter): Name = "Height"; Value = "0.55mm"; VariantName = "[No Variations]"
Add component (AddParameter): Name = "Manufacturer_Name"; Value = "Stackpole Electronics"; VariantName = "[No Variations]"
Add component (AddParameter): Name = "Manufacturer_Part_Number"; Value = "RMCF0603FT1K00"; VariantName = "[No Variations]"
Add component (AddParameter): Name = "Mouser Part Number"; Value = "708-RMCF0603FT1K00"; VariantName = "[No Variations]"
Add component (AddParameter): Name = "Mouser Price/Stock"; Value = "https://www.mouser.co.uk/ProductDetail/SEI-Stackpole/RMCF0603FT1K00?qs=FESYatJ8odI%252BYiPlprc1Pg%3D%3D"; VariantName = "[No Variations]"
Added Component: Designator=R1_Resistors38(RESC1608X55N)
Add component (AddParameter): Name = "Arrow Part Number"; Value = "RMCF0603FT1K00"; VariantName = "[No Variations]"
Add component (AddParameter): Name = "Arrow Price/Stock"; Value = "https://www.arrow.com/en/products/rmcf0603ft1k00/stackpole-electronics?utm_currency=USD&region=nac"; VariantName = "[No Variations]"
Add component (AddParameter): Name = "Datasheet Link"; Value = "https://www.seielect.com/Catalog/SEI-RMCF_RMCP.pdf"; VariantName = "[No Variations]"
Add component (AddParameter): Name = "Height"; Value = "0.55mm"; VariantName = "[No Variations]"
Add component (AddParameter): Name = "Manufacturer_Name"; Value = "Stackpole Electronics"; VariantName = "[No Variations]"
Add component (AddParameter): Name = "Manufacturer_Part_Number"; Value = "RMCF0603FT1K00"; VariantName = "[No Variations]"
Add component (AddParameter): Name = "Mouser Part Number"; Value = "708-RMCF0603FT1K00"; VariantName = "[No Variations]"
Add component (AddParameter): Name = "Mouser Price/Stock"; Value = "https://www.mouser.co.uk/ProductDetail/SEI-Stackpole/RMCF0603FT1K00?qs=FESYatJ8odI%252BYiPlprc1Pg%3D%3D"; VariantName = "[No Variations]"
Added Component: Designator=R1_Resistors39(RESC1608X55N)
Add component (AddParameter): Name = "Arrow Part Number"; Value = "RMCF0603FT1K00"; VariantName = "[No Variations]"
Add component (AddParameter): Name = "Arrow Price/Stock"; Value = "https://www.arrow.com/en/products/rmcf0603ft1k00/stackpole-electronics?utm_currency=USD&region=nac"; VariantName = "[No Variations]"
Add component (AddParameter): Name = "Datasheet Link"; Value = "https://www.seielect.com/Catalog/SEI-RMCF_RMCP.pdf"; VariantName = "[No Variations]"
Add component (AddParameter): Name = "Height"; Value = "0.55mm"; VariantName = "[No Variations]"
Add component (AddParameter): Name = "Manufacturer_Name"; Value = "Stackpole Electronics"; VariantName = "[No Variations]"
Add component (AddParameter): Name = "Manufacturer_Part_Number"; Value = "RMCF0603FT1K00"; VariantName = "[No Variations]"
Add component (AddParameter): Name = "Mouser Part Number"; Value = "708-RMCF0603FT1K00"; VariantName = "[No Variations]"
Add component (AddParameter): Name = "Mouser Price/Stock"; Value = "https://www.mouser.co.uk/ProductDetail/SEI-Stackpole/RMCF0603FT1K00?qs=FESYatJ8odI%252BYiPlprc1Pg%3D%3D"; VariantName = "[No Variations]"
Added Component: Designator=R1_Resistors40(RESC1608X55N)
Add component (AddParameter): Name = "Arrow Part Number"; Value = "RMCF0603FT1K00"; VariantName = "[No Variations]"
Add component (AddParameter): Name = "Arrow Price/Stock"; Value = "https://www.arrow.com/en/products/rmcf0603ft1k00/stackpole-electronics?utm_currency=USD&region=nac"; VariantName = "[No Variations]"
Add component (AddParameter): Name = "Datasheet Link"; Value = "https://www.seielect.com/Catalog/SEI-RMCF_RMCP.pdf"; VariantName = "[No Variations]"
Add component (AddParameter): Name = "Height"; Value = "0.55mm"; VariantName = "[No Variations]"
Add component (AddParameter): Name = "Manufacturer_Name"; Value = "Stackpole Electronics"; VariantName = "[No Variations]"
Add component (AddParameter): Name = "Manufacturer_Part_Number"; Value = "RMCF0603FT1K00"; VariantName = "[No Variations]"
Add component (AddParameter): Name = "Mouser Part Number"; Value = "708-RMCF0603FT1K00"; VariantName = "[No Variations]"
Add component (AddParameter): Name = "Mouser Price/Stock"; Value = "https://www.mouser.co.uk/ProductDetail/SEI-Stackpole/RMCF0603FT1K00?qs=FESYatJ8odI%252BYiPlprc1Pg%3D%3D"; VariantName = "[No Variations]"
Added Component: Designator=R1_Resistors41(RESC1608X55N)
Add component (AddParameter): Name = "Arrow Part Number"; Value = "RMCF0603FT1K00"; VariantName = "[No Variations]"
Add component (AddParameter): Name = "Arrow Price/Stock"; Value = "https://www.arrow.com/en/products/rmcf0603ft1k00/stackpole-electronics?utm_currency=USD&region=nac"; VariantName = "[No Variations]"
Add component (AddParameter): Name = "Datasheet Link"; Value = "https://www.seielect.com/Catalog/SEI-RMCF_RMCP.pdf"; VariantName = "[No Variations]"
Add component (AddParameter): Name = "Height"; Value = "0.55mm"; VariantName = "[No Variations]"
Add component (AddParameter): Name = "Manufacturer_Name"; Value = "Stackpole Electronics"; VariantName = "[No Variations]"
Add component (AddParameter): Name = "Manufacturer_Part_Number"; Value = "RMCF0603FT1K00"; VariantName = "[No Variations]"
Add component (AddParameter): Name = "Mouser Part Number"; Value = "708-RMCF0603FT1K00"; VariantName = "[No Variations]"
Add component (AddParameter): Name = "Mouser Price/Stock"; Value = "https://www.mouser.co.uk/ProductDetail/SEI-Stackpole/RMCF0603FT1K00?qs=FESYatJ8odI%252BYiPlprc1Pg%3D%3D"; VariantName = "[No Variations]"
Added Component: Designator=R1_Resistors42(RESC1608X55N)
Add component (AddParameter): Name = "Arrow Part Number"; Value = "RMCF0603FT1K00"; VariantName = "[No Variations]"
Add component (AddParameter): Name = "Arrow Price/Stock"; Value = "https://www.arrow.com/en/products/rmcf0603ft1k00/stackpole-electronics?utm_currency=USD&region=nac"; VariantName = "[No Variations]"
Add component (AddParameter): Name = "Datasheet Link"; Value = "https://www.seielect.com/Catalog/SEI-RMCF_RMCP.pdf"; VariantName = "[No Variations]"
Add component (AddParameter): Name = "Height"; Value = "0.55mm"; VariantName = "[No Variations]"
Add component (AddParameter): Name = "Manufacturer_Name"; Value = "Stackpole Electronics"; VariantName = "[No Variations]"
Add component (AddParameter): Name = "Manufacturer_Part_Number"; Value = "RMCF0603FT1K00"; VariantName = "[No Variations]"
Add component (AddParameter): Name = "Mouser Part Number"; Value = "708-RMCF0603FT1K00"; VariantName = "[No Variations]"
Add component (AddParameter): Name = "Mouser Price/Stock"; Value = "https://www.mouser.co.uk/ProductDetail/SEI-Stackpole/RMCF0603FT1K00?qs=FESYatJ8odI%252BYiPlprc1Pg%3D%3D"; VariantName = "[No Variations]"
Added Component: Designator=R1_Resistors43(RESC1608X55N)
Add component (AddParameter): Name = "Arrow Part Number"; Value = "RMCF0603FT1K00"; VariantName = "[No Variations]"
Add component (AddParameter): Name = "Arrow Price/Stock"; Value = "https://www.arrow.com/en/products/rmcf0603ft1k00/stackpole-electronics?utm_currency=USD&region=nac"; VariantName = "[No Variations]"
Add component (AddParameter): Name = "Datasheet Link"; Value = "https://www.seielect.com/Catalog/SEI-RMCF_RMCP.pdf"; VariantName = "[No Variations]"
Add component (AddParameter): Name = "Height"; Value = "0.55mm"; VariantName = "[No Variations]"
Add component (AddParameter): Name = "Manufacturer_Name"; Value = "Stackpole Electronics"; VariantName = "[No Variations]"
Add component (AddParameter): Name = "Manufacturer_Part_Number"; Value = "RMCF0603FT1K00"; VariantName = "[No Variations]"
Add component (AddParameter): Name = "Mouser Part Number"; Value = "708-RMCF0603FT1K00"; VariantName = "[No Variations]"
Add component (AddParameter): Name = "Mouser Price/Stock"; Value = "https://www.mouser.co.uk/ProductDetail/SEI-Stackpole/RMCF0603FT1K00?qs=FESYatJ8odI%252BYiPlprc1Pg%3D%3D"; VariantName = "[No Variations]"
Added Component: Designator=R1_Resistors44(RESC1608X55N)
Add component (AddParameter): Name = "Arrow Part Number"; Value = "RMCF0603FT1K00"; VariantName = "[No Variations]"
Add component (AddParameter): Name = "Arrow Price/Stock"; Value = "https://www.arrow.com/en/products/rmcf0603ft1k00/stackpole-electronics?utm_currency=USD&region=nac"; VariantName = "[No Variations]"
Add component (AddParameter): Name = "Datasheet Link"; Value = "https://www.seielect.com/Catalog/SEI-RMCF_RMCP.pdf"; VariantName = "[No Variations]"
Add component (AddParameter): Name = "Height"; Value = "0.55mm"; VariantName = "[No Variations]"
Add component (AddParameter): Name = "Manufacturer_Name"; Value = "Stackpole Electronics"; VariantName = "[No Variations]"
Add component (AddParameter): Name = "Manufacturer_Part_Number"; Value = "RMCF0603FT1K00"; VariantName = "[No Variations]"
Add component (AddParameter): Name = "Mouser Part Number"; Value = "708-RMCF0603FT1K00"; VariantName = "[No Variations]"
Add component (AddParameter): Name = "Mouser Price/Stock"; Value = "https://www.mouser.co.uk/ProductDetail/SEI-Stackpole/RMCF0603FT1K00?qs=FESYatJ8odI%252BYiPlprc1Pg%3D%3D"; VariantName = "[No Variations]"
Added Component: Designator=R1_Resistors45(RESC1608X55N)
Add component (AddParameter): Name = "Arrow Part Number"; Value = "RMCF0603FT1K00"; VariantName = "[No Variations]"
Add component (AddParameter): Name = "Arrow Price/Stock"; Value = "https://www.arrow.com/en/products/rmcf0603ft1k00/stackpole-electronics?utm_currency=USD&region=nac"; VariantName = "[No Variations]"
Add component (AddParameter): Name = "Datasheet Link"; Value = "https://www.seielect.com/Catalog/SEI-RMCF_RMCP.pdf"; VariantName = "[No Variations]"
Add component (AddParameter): Name = "Height"; Value = "0.55mm"; VariantName = "[No Variations]"
Add component (AddParameter): Name = "Manufacturer_Name"; Value = "Stackpole Electronics"; VariantName = "[No Variations]"
Add component (AddParameter): Name = "Manufacturer_Part_Number"; Value = "RMCF0603FT1K00"; VariantName = "[No Variations]"
Add component (AddParameter): Name = "Mouser Part Number"; Value = "708-RMCF0603FT1K00"; VariantName = "[No Variations]"
Add component (AddParameter): Name = "Mouser Price/Stock"; Value = "https://www.mouser.co.uk/ProductDetail/SEI-Stackpole/RMCF0603FT1K00?qs=FESYatJ8odI%252BYiPlprc1Pg%3D%3D"; VariantName = "[No Variations]"
Added Component: Designator=R1_Resistors46(RESC1608X55N)
Add component (AddParameter): Name = "Arrow Part Number"; Value = "RMCF0603FT1K00"; VariantName = "[No Variations]"
Add component (AddParameter): Name = "Arrow Price/Stock"; Value = "https://www.arrow.com/en/products/rmcf0603ft1k00/stackpole-electronics?utm_currency=USD&region=nac"; VariantName = "[No Variations]"
Add component (AddParameter): Name = "Datasheet Link"; Value = "https://www.seielect.com/Catalog/SEI-RMCF_RMCP.pdf"; VariantName = "[No Variations]"
Add component (AddParameter): Name = "Height"; Value = "0.55mm"; VariantName = "[No Variations]"
Add component (AddParameter): Name = "Manufacturer_Name"; Value = "Stackpole Electronics"; VariantName = "[No Variations]"
Add component (AddParameter): Name = "Manufacturer_Part_Number"; Value = "RMCF0603FT1K00"; VariantName = "[No Variations]"
Add component (AddParameter): Name = "Mouser Part Number"; Value = "708-RMCF0603FT1K00"; VariantName = "[No Variations]"
Add component (AddParameter): Name = "Mouser Price/Stock"; Value = "https://www.mouser.co.uk/ProductDetail/SEI-Stackpole/RMCF0603FT1K00?qs=FESYatJ8odI%252BYiPlprc1Pg%3D%3D"; VariantName = "[No Variations]"
Added Component: Designator=R1_Resistors47(RESC1608X55N)
Add component (AddParameter): Name = "Arrow Part Number"; Value = "RMCF0603FT1K00"; VariantName = "[No Variations]"
Add component (AddParameter): Name = "Arrow Price/Stock"; Value = "https://www.arrow.com/en/products/rmcf0603ft1k00/stackpole-electronics?utm_currency=USD&region=nac"; VariantName = "[No Variations]"
Add component (AddParameter): Name = "Datasheet Link"; Value = "https://www.seielect.com/Catalog/SEI-RMCF_RMCP.pdf"; VariantName = "[No Variations]"
Add component (AddParameter): Name = "Height"; Value = "0.55mm"; VariantName = "[No Variations]"
Add component (AddParameter): Name = "Manufacturer_Name"; Value = "Stackpole Electronics"; VariantName = "[No Variations]"
Add component (AddParameter): Name = "Manufacturer_Part_Number"; Value = "RMCF0603FT1K00"; VariantName = "[No Variations]"
Add component (AddParameter): Name = "Mouser Part Number"; Value = "708-RMCF0603FT1K00"; VariantName = "[No Variations]"
Add component (AddParameter): Name = "Mouser Price/Stock"; Value = "https://www.mouser.co.uk/ProductDetail/SEI-Stackpole/RMCF0603FT1K00?qs=FESYatJ8odI%252BYiPlprc1Pg%3D%3D"; VariantName = "[No Variations]"
Added Component: Designator=R1_Resistors48(RESC1608X55N)
Add component (AddParameter): Name = "Arrow Part Number"; Value = "RMCF0603FT1K00"; VariantName = "[No Variations]"
Add component (AddParameter): Name = "Arrow Price/Stock"; Value = "https://www.arrow.com/en/products/rmcf0603ft1k00/stackpole-electronics?utm_currency=USD&region=nac"; VariantName = "[No Variations]"
Add component (AddParameter): Name = "Datasheet Link"; Value = "https://www.seielect.com/Catalog/SEI-RMCF_RMCP.pdf"; VariantName = "[No Variations]"
Add component (AddParameter): Name = "Height"; Value = "0.55mm"; VariantName = "[No Variations]"
Add component (AddParameter): Name = "Manufacturer_Name"; Value = "Stackpole Electronics"; VariantName = "[No Variations]"
Add component (AddParameter): Name = "Manufacturer_Part_Number"; Value = "RMCF0603FT1K00"; VariantName = "[No Variations]"
Add component (AddParameter): Name = "Mouser Part Number"; Value = "708-RMCF0603FT1K00"; VariantName = "[No Variations]"
Add component (AddParameter): Name = "Mouser Price/Stock"; Value = "https://www.mouser.co.uk/ProductDetail/SEI-Stackpole/RMCF0603FT1K00?qs=FESYatJ8odI%252BYiPlprc1Pg%3D%3D"; VariantName = "[No Variations]"
Added Component: Designator=R1_Resistors49(RESC1608X55N)
Add component (AddParameter): Name = "Arrow Part Number"; Value = "RMCF0603FT1K00"; VariantName = "[No Variations]"
Add component (AddParameter): Name = "Arrow Price/Stock"; Value = "https://www.arrow.com/en/products/rmcf0603ft1k00/stackpole-electronics?utm_currency=USD&region=nac"; VariantName = "[No Variations]"
Add component (AddParameter): Name = "Datasheet Link"; Value = "https://www.seielect.com/Catalog/SEI-RMCF_RMCP.pdf"; VariantName = "[No Variations]"
Add component (AddParameter): Name = "Height"; Value = "0.55mm"; VariantName = "[No Variations]"
Add component (AddParameter): Name = "Manufacturer_Name"; Value = "Stackpole Electronics"; VariantName = "[No Variations]"
Add component (AddParameter): Name = "Manufacturer_Part_Number"; Value = "RMCF0603FT1K00"; VariantName = "[No Variations]"
Add component (AddParameter): Name = "Mouser Part Number"; Value = "708-RMCF0603FT1K00"; VariantName = "[No Variations]"
Add component (AddParameter): Name = "Mouser Price/Stock"; Value = "https://www.mouser.co.uk/ProductDetail/SEI-Stackpole/RMCF0603FT1K00?qs=FESYatJ8odI%252BYiPlprc1Pg%3D%3D"; VariantName = "[No Variations]"
Added Component: Designator=R1_Resistors50(RESC1608X55N)
Add component (AddParameter): Name = "Arrow Part Number"; Value = "RMCF0603FT1K00"; VariantName = "[No Variations]"
Add component (AddParameter): Name = "Arrow Price/Stock"; Value = "https://www.arrow.com/en/products/rmcf0603ft1k00/stackpole-electronics?utm_currency=USD&region=nac"; VariantName = "[No Variations]"
Add component (AddParameter): Name = "Datasheet Link"; Value = "https://www.seielect.com/Catalog/SEI-RMCF_RMCP.pdf"; VariantName = "[No Variations]"
Add component (AddParameter): Name = "Height"; Value = "0.55mm"; VariantName = "[No Variations]"
Add component (AddParameter): Name = "Manufacturer_Name"; Value = "Stackpole Electronics"; VariantName = "[No Variations]"
Add component (AddParameter): Name = "Manufacturer_Part_Number"; Value = "RMCF0603FT1K00"; VariantName = "[No Variations]"
Add component (AddParameter): Name = "Mouser Part Number"; Value = "708-RMCF0603FT1K00"; VariantName = "[No Variations]"
Add component (AddParameter): Name = "Mouser Price/Stock"; Value = "https://www.mouser.co.uk/ProductDetail/SEI-Stackpole/RMCF0603FT1K00?qs=FESYatJ8odI%252BYiPlprc1Pg%3D%3D"; VariantName = "[No Variations]"
Added Component: Designator=R1_Resistors51(RESC1608X55N)
Add component (AddParameter): Name = "Arrow Part Number"; Value = "RMCF0603FT1K00"; VariantName = "[No Variations]"
Add component (AddParameter): Name = "Arrow Price/Stock"; Value = "https://www.arrow.com/en/products/rmcf0603ft1k00/stackpole-electronics?utm_currency=USD&region=nac"; VariantName = "[No Variations]"
Add component (AddParameter): Name = "Datasheet Link"; Value = "https://www.seielect.com/Catalog/SEI-RMCF_RMCP.pdf"; VariantName = "[No Variations]"
Add component (AddParameter): Name = "Height"; Value = "0.55mm"; VariantName = "[No Variations]"
Add component (AddParameter): Name = "Manufacturer_Name"; Value = "Stackpole Electronics"; VariantName = "[No Variations]"
Add component (AddParameter): Name = "Manufacturer_Part_Number"; Value = "RMCF0603FT1K00"; VariantName = "[No Variations]"
Add component (AddParameter): Name = "Mouser Part Number"; Value = "708-RMCF0603FT1K00"; VariantName = "[No Variations]"
Add component (AddParameter): Name = "Mouser Price/Stock"; Value = "https://www.mouser.co.uk/ProductDetail/SEI-Stackpole/RMCF0603FT1K00?qs=FESYatJ8odI%252BYiPlprc1Pg%3D%3D"; VariantName = "[No Variations]"
Added Component: Designator=R1_Resistors52(RESC1608X55N)
Add component (AddParameter): Name = "Arrow Part Number"; Value = "RMCF0603FT1K00"; VariantName = "[No Variations]"
Add component (AddParameter): Name = "Arrow Price/Stock"; Value = "https://www.arrow.com/en/products/rmcf0603ft1k00/stackpole-electronics?utm_currency=USD&region=nac"; VariantName = "[No Variations]"
Add component (AddParameter): Name = "Datasheet Link"; Value = "https://www.seielect.com/Catalog/SEI-RMCF_RMCP.pdf"; VariantName = "[No Variations]"
Add component (AddParameter): Name = "Height"; Value = "0.55mm"; VariantName = "[No Variations]"
Add component (AddParameter): Name = "Manufacturer_Name"; Value = "Stackpole Electronics"; VariantName = "[No Variations]"
Add component (AddParameter): Name = "Manufacturer_Part_Number"; Value = "RMCF0603FT1K00"; VariantName = "[No Variations]"
Add component (AddParameter): Name = "Mouser Part Number"; Value = "708-RMCF0603FT1K00"; VariantName = "[No Variations]"
Add component (AddParameter): Name = "Mouser Price/Stock"; Value = "https://www.mouser.co.uk/ProductDetail/SEI-Stackpole/RMCF0603FT1K00?qs=FESYatJ8odI%252BYiPlprc1Pg%3D%3D"; VariantName = "[No Variations]"
Added Component: Designator=R2_Resistors1(RESC1608X55N)
Add component (AddParameter): Name = "Arrow Part Number"; Value = "RMCF0603FT1K00"; VariantName = "[No Variations]"
Add component (AddParameter): Name = "Arrow Price/Stock"; Value = "https://www.arrow.com/en/products/rmcf0603ft1k00/stackpole-electronics?utm_currency=USD&region=nac"; VariantName = "[No Variations]"
Add component (AddParameter): Name = "Datasheet Link"; Value = "https://www.seielect.com/Catalog/SEI-RMCF_RMCP.pdf"; VariantName = "[No Variations]"
Add component (AddParameter): Name = "Height"; Value = "0.55mm"; VariantName = "[No Variations]"
Add component (AddParameter): Name = "Manufacturer_Name"; Value = "Stackpole Electronics"; VariantName = "[No Variations]"
Add component (AddParameter): Name = "Manufacturer_Part_Number"; Value = "RMCF0603FT1K00"; VariantName = "[No Variations]"
Add component (AddParameter): Name = "Mouser Part Number"; Value = "708-RMCF0603FT1K00"; VariantName = "[No Variations]"
Add component (AddParameter): Name = "Mouser Price/Stock"; Value = "https://www.mouser.co.uk/ProductDetail/SEI-Stackpole/RMCF0603FT1K00?qs=FESYatJ8odI%252BYiPlprc1Pg%3D%3D"; VariantName = "[No Variations]"
Added Component: Designator=R2_Resistors2(RESC1608X55N)
Add component (AddParameter): Name = "Arrow Part Number"; Value = "RMCF0603FT1K00"; VariantName = "[No Variations]"
Add component (AddParameter): Name = "Arrow Price/Stock"; Value = "https://www.arrow.com/en/products/rmcf0603ft1k00/stackpole-electronics?utm_currency=USD&region=nac"; VariantName = "[No Variations]"
Add component (AddParameter): Name = "Datasheet Link"; Value = "https://www.seielect.com/Catalog/SEI-RMCF_RMCP.pdf"; VariantName = "[No Variations]"
Add component (AddParameter): Name = "Height"; Value = "0.55mm"; VariantName = "[No Variations]"
Add component (AddParameter): Name = "Manufacturer_Name"; Value = "Stackpole Electronics"; VariantName = "[No Variations]"
Add component (AddParameter): Name = "Manufacturer_Part_Number"; Value = "RMCF0603FT1K00"; VariantName = "[No Variations]"
Add component (AddParameter): Name = "Mouser Part Number"; Value = "708-RMCF0603FT1K00"; VariantName = "[No Variations]"
Add component (AddParameter): Name = "Mouser Price/Stock"; Value = "https://www.mouser.co.uk/ProductDetail/SEI-Stackpole/RMCF0603FT1K00?qs=FESYatJ8odI%252BYiPlprc1Pg%3D%3D"; VariantName = "[No Variations]"
Added Component: Designator=R2_Resistors3(RESC1608X55N)
Add component (AddParameter): Name = "Arrow Part Number"; Value = "RMCF0603FT1K00"; VariantName = "[No Variations]"
Add component (AddParameter): Name = "Arrow Price/Stock"; Value = "https://www.arrow.com/en/products/rmcf0603ft1k00/stackpole-electronics?utm_currency=USD&region=nac"; VariantName = "[No Variations]"
Add component (AddParameter): Name = "Datasheet Link"; Value = "https://www.seielect.com/Catalog/SEI-RMCF_RMCP.pdf"; VariantName = "[No Variations]"
Add component (AddParameter): Name = "Height"; Value = "0.55mm"; VariantName = "[No Variations]"
Add component (AddParameter): Name = "Manufacturer_Name"; Value = "Stackpole Electronics"; VariantName = "[No Variations]"
Add component (AddParameter): Name = "Manufacturer_Part_Number"; Value = "RMCF0603FT1K00"; VariantName = "[No Variations]"
Add component (AddParameter): Name = "Mouser Part Number"; Value = "708-RMCF0603FT1K00"; VariantName = "[No Variations]"
Add component (AddParameter): Name = "Mouser Price/Stock"; Value = "https://www.mouser.co.uk/ProductDetail/SEI-Stackpole/RMCF0603FT1K00?qs=FESYatJ8odI%252BYiPlprc1Pg%3D%3D"; VariantName = "[No Variations]"
Added Component: Designator=R2_Resistors4(RESC1608X55N)
Add component (AddParameter): Name = "Arrow Part Number"; Value = "RMCF0603FT1K00"; VariantName = "[No Variations]"
Add component (AddParameter): Name = "Arrow Price/Stock"; Value = "https://www.arrow.com/en/products/rmcf0603ft1k00/stackpole-electronics?utm_currency=USD&region=nac"; VariantName = "[No Variations]"
Add component (AddParameter): Name = "Datasheet Link"; Value = "https://www.seielect.com/Catalog/SEI-RMCF_RMCP.pdf"; VariantName = "[No Variations]"
Add component (AddParameter): Name = "Height"; Value = "0.55mm"; VariantName = "[No Variations]"
Add component (AddParameter): Name = "Manufacturer_Name"; Value = "Stackpole Electronics"; VariantName = "[No Variations]"
Add component (AddParameter): Name = "Manufacturer_Part_Number"; Value = "RMCF0603FT1K00"; VariantName = "[No Variations]"
Add component (AddParameter): Name = "Mouser Part Number"; Value = "708-RMCF0603FT1K00"; VariantName = "[No Variations]"
Add component (AddParameter): Name = "Mouser Price/Stock"; Value = "https://www.mouser.co.uk/ProductDetail/SEI-Stackpole/RMCF0603FT1K00?qs=FESYatJ8odI%252BYiPlprc1Pg%3D%3D"; VariantName = "[No Variations]"
Added Component: Designator=R2_Resistors5(RESC1608X55N)
Add component (AddParameter): Name = "Arrow Part Number"; Value = "RMCF0603FT1K00"; VariantName = "[No Variations]"
Add component (AddParameter): Name = "Arrow Price/Stock"; Value = "https://www.arrow.com/en/products/rmcf0603ft1k00/stackpole-electronics?utm_currency=USD&region=nac"; VariantName = "[No Variations]"
Add component (AddParameter): Name = "Datasheet Link"; Value = "https://www.seielect.com/Catalog/SEI-RMCF_RMCP.pdf"; VariantName = "[No Variations]"
Add component (AddParameter): Name = "Height"; Value = "0.55mm"; VariantName = "[No Variations]"
Add component (AddParameter): Name = "Manufacturer_Name"; Value = "Stackpole Electronics"; VariantName = "[No Variations]"
Add component (AddParameter): Name = "Manufacturer_Part_Number"; Value = "RMCF0603FT1K00"; VariantName = "[No Variations]"
Add component (AddParameter): Name = "Mouser Part Number"; Value = "708-RMCF0603FT1K00"; VariantName = "[No Variations]"
Add component (AddParameter): Name = "Mouser Price/Stock"; Value = "https://www.mouser.co.uk/ProductDetail/SEI-Stackpole/RMCF0603FT1K00?qs=FESYatJ8odI%252BYiPlprc1Pg%3D%3D"; VariantName = "[No Variations]"
Added Component: Designator=R2_Resistors6(RESC1608X55N)
Add component (AddParameter): Name = "Arrow Part Number"; Value = "RMCF0603FT1K00"; VariantName = "[No Variations]"
Add component (AddParameter): Name = "Arrow Price/Stock"; Value = "https://www.arrow.com/en/products/rmcf0603ft1k00/stackpole-electronics?utm_currency=USD&region=nac"; VariantName = "[No Variations]"
Add component (AddParameter): Name = "Datasheet Link"; Value = "https://www.seielect.com/Catalog/SEI-RMCF_RMCP.pdf"; VariantName = "[No Variations]"
Add component (AddParameter): Name = "Height"; Value = "0.55mm"; VariantName = "[No Variations]"
Add component (AddParameter): Name = "Manufacturer_Name"; Value = "Stackpole Electronics"; VariantName = "[No Variations]"
Add component (AddParameter): Name = "Manufacturer_Part_Number"; Value = "RMCF0603FT1K00"; VariantName = "[No Variations]"
Add component (AddParameter): Name = "Mouser Part Number"; Value = "708-RMCF0603FT1K00"; VariantName = "[No Variations]"
Add component (AddParameter): Name = "Mouser Price/Stock"; Value = "https://www.mouser.co.uk/ProductDetail/SEI-Stackpole/RMCF0603FT1K00?qs=FESYatJ8odI%252BYiPlprc1Pg%3D%3D"; VariantName = "[No Variations]"
Added Component: Designator=R2_Resistors7(RESC1608X55N)
Add component (AddParameter): Name = "Arrow Part Number"; Value = "RMCF0603FT1K00"; VariantName = "[No Variations]"
Add component (AddParameter): Name = "Arrow Price/Stock"; Value = "https://www.arrow.com/en/products/rmcf0603ft1k00/stackpole-electronics?utm_currency=USD&region=nac"; VariantName = "[No Variations]"
Add component (AddParameter): Name = "Datasheet Link"; Value = "https://www.seielect.com/Catalog/SEI-RMCF_RMCP.pdf"; VariantName = "[No Variations]"
Add component (AddParameter): Name = "Height"; Value = "0.55mm"; VariantName = "[No Variations]"
Add component (AddParameter): Name = "Manufacturer_Name"; Value = "Stackpole Electronics"; VariantName = "[No Variations]"
Add component (AddParameter): Name = "Manufacturer_Part_Number"; Value = "RMCF0603FT1K00"; VariantName = "[No Variations]"
Add component (AddParameter): Name = "Mouser Part Number"; Value = "708-RMCF0603FT1K00"; VariantName = "[No Variations]"
Add component (AddParameter): Name = "Mouser Price/Stock"; Value = "https://www.mouser.co.uk/ProductDetail/SEI-Stackpole/RMCF0603FT1K00?qs=FESYatJ8odI%252BYiPlprc1Pg%3D%3D"; VariantName = "[No Variations]"
Added Component: Designator=R2_Resistors8(RESC1608X55N)
Add component (AddParameter): Name = "Arrow Part Number"; Value = "RMCF0603FT1K00"; VariantName = "[No Variations]"
Add component (AddParameter): Name = "Arrow Price/Stock"; Value = "https://www.arrow.com/en/products/rmcf0603ft1k00/stackpole-electronics?utm_currency=USD&region=nac"; VariantName = "[No Variations]"
Add component (AddParameter): Name = "Datasheet Link"; Value = "https://www.seielect.com/Catalog/SEI-RMCF_RMCP.pdf"; VariantName = "[No Variations]"
Add component (AddParameter): Name = "Height"; Value = "0.55mm"; VariantName = "[No Variations]"
Add component (AddParameter): Name = "Manufacturer_Name"; Value = "Stackpole Electronics"; VariantName = "[No Variations]"
Add component (AddParameter): Name = "Manufacturer_Part_Number"; Value = "RMCF0603FT1K00"; VariantName = "[No Variations]"
Add component (AddParameter): Name = "Mouser Part Number"; Value = "708-RMCF0603FT1K00"; VariantName = "[No Variations]"
Add component (AddParameter): Name = "Mouser Price/Stock"; Value = "https://www.mouser.co.uk/ProductDetail/SEI-Stackpole/RMCF0603FT1K00?qs=FESYatJ8odI%252BYiPlprc1Pg%3D%3D"; VariantName = "[No Variations]"
Added Component: Designator=R2_Resistors9(RESC1608X55N)
Add component (AddParameter): Name = "Arrow Part Number"; Value = "RMCF0603FT1K00"; VariantName = "[No Variations]"
Add component (AddParameter): Name = "Arrow Price/Stock"; Value = "https://www.arrow.com/en/products/rmcf0603ft1k00/stackpole-electronics?utm_currency=USD&region=nac"; VariantName = "[No Variations]"
Add component (AddParameter): Name = "Datasheet Link"; Value = "https://www.seielect.com/Catalog/SEI-RMCF_RMCP.pdf"; VariantName = "[No Variations]"
Add component (AddParameter): Name = "Height"; Value = "0.55mm"; VariantName = "[No Variations]"
Add component (AddParameter): Name = "Manufacturer_Name"; Value = "Stackpole Electronics"; VariantName = "[No Variations]"
Add component (AddParameter): Name = "Manufacturer_Part_Number"; Value = "RMCF0603FT1K00"; VariantName = "[No Variations]"
Add component (AddParameter): Name = "Mouser Part Number"; Value = "708-RMCF0603FT1K00"; VariantName = "[No Variations]"
Add component (AddParameter): Name = "Mouser Price/Stock"; Value = "https://www.mouser.co.uk/ProductDetail/SEI-Stackpole/RMCF0603FT1K00?qs=FESYatJ8odI%252BYiPlprc1Pg%3D%3D"; VariantName = "[No Variations]"
Added Component: Designator=R2_Resistors10(RESC1608X55N)
Add component (AddParameter): Name = "Arrow Part Number"; Value = "RMCF0603FT1K00"; VariantName = "[No Variations]"
Add component (AddParameter): Name = "Arrow Price/Stock"; Value = "https://www.arrow.com/en/products/rmcf0603ft1k00/stackpole-electronics?utm_currency=USD&region=nac"; VariantName = "[No Variations]"
Add component (AddParameter): Name = "Datasheet Link"; Value = "https://www.seielect.com/Catalog/SEI-RMCF_RMCP.pdf"; VariantName = "[No Variations]"
Add component (AddParameter): Name = "Height"; Value = "0.55mm"; VariantName = "[No Variations]"
Add component (AddParameter): Name = "Manufacturer_Name"; Value = "Stackpole Electronics"; VariantName = "[No Variations]"
Add component (AddParameter): Name = "Manufacturer_Part_Number"; Value = "RMCF0603FT1K00"; VariantName = "[No Variations]"
Add component (AddParameter): Name = "Mouser Part Number"; Value = "708-RMCF0603FT1K00"; VariantName = "[No Variations]"
Add component (AddParameter): Name = "Mouser Price/Stock"; Value = "https://www.mouser.co.uk/ProductDetail/SEI-Stackpole/RMCF0603FT1K00?qs=FESYatJ8odI%252BYiPlprc1Pg%3D%3D"; VariantName = "[No Variations]"
Added Component: Designator=R2_Resistors11(RESC1608X55N)
Add component (AddParameter): Name = "Arrow Part Number"; Value = "RMCF0603FT1K00"; VariantName = "[No Variations]"
Add component (AddParameter): Name = "Arrow Price/Stock"; Value = "https://www.arrow.com/en/products/rmcf0603ft1k00/stackpole-electronics?utm_currency=USD&region=nac"; VariantName = "[No Variations]"
Add component (AddParameter): Name = "Datasheet Link"; Value = "https://www.seielect.com/Catalog/SEI-RMCF_RMCP.pdf"; VariantName = "[No Variations]"
Add component (AddParameter): Name = "Height"; Value = "0.55mm"; VariantName = "[No Variations]"
Add component (AddParameter): Name = "Manufacturer_Name"; Value = "Stackpole Electronics"; VariantName = "[No Variations]"
Add component (AddParameter): Name = "Manufacturer_Part_Number"; Value = "RMCF0603FT1K00"; VariantName = "[No Variations]"
Add component (AddParameter): Name = "Mouser Part Number"; Value = "708-RMCF0603FT1K00"; VariantName = "[No Variations]"
Add component (AddParameter): Name = "Mouser Price/Stock"; Value = "https://www.mouser.co.uk/ProductDetail/SEI-Stackpole/RMCF0603FT1K00?qs=FESYatJ8odI%252BYiPlprc1Pg%3D%3D"; VariantName = "[No Variations]"
Added Component: Designator=R2_Resistors12(RESC1608X55N)
Add component (AddParameter): Name = "Arrow Part Number"; Value = "RMCF0603FT1K00"; VariantName = "[No Variations]"
Add component (AddParameter): Name = "Arrow Price/Stock"; Value = "https://www.arrow.com/en/products/rmcf0603ft1k00/stackpole-electronics?utm_currency=USD&region=nac"; VariantName = "[No Variations]"
Add component (AddParameter): Name = "Datasheet Link"; Value = "https://www.seielect.com/Catalog/SEI-RMCF_RMCP.pdf"; VariantName = "[No Variations]"
Add component (AddParameter): Name = "Height"; Value = "0.55mm"; VariantName = "[No Variations]"
Add component (AddParameter): Name = "Manufacturer_Name"; Value = "Stackpole Electronics"; VariantName = "[No Variations]"
Add component (AddParameter): Name = "Manufacturer_Part_Number"; Value = "RMCF0603FT1K00"; VariantName = "[No Variations]"
Add component (AddParameter): Name = "Mouser Part Number"; Value = "708-RMCF0603FT1K00"; VariantName = "[No Variations]"
Add component (AddParameter): Name = "Mouser Price/Stock"; Value = "https://www.mouser.co.uk/ProductDetail/SEI-Stackpole/RMCF0603FT1K00?qs=FESYatJ8odI%252BYiPlprc1Pg%3D%3D"; VariantName = "[No Variations]"
Added Component: Designator=R2_Resistors13(RESC1608X55N)
Add component (AddParameter): Name = "Arrow Part Number"; Value = "RMCF0603FT1K00"; VariantName = "[No Variations]"
Add component (AddParameter): Name = "Arrow Price/Stock"; Value = "https://www.arrow.com/en/products/rmcf0603ft1k00/stackpole-electronics?utm_currency=USD&region=nac"; VariantName = "[No Variations]"
Add component (AddParameter): Name = "Datasheet Link"; Value = "https://www.seielect.com/Catalog/SEI-RMCF_RMCP.pdf"; VariantName = "[No Variations]"
Add component (AddParameter): Name = "Height"; Value = "0.55mm"; VariantName = "[No Variations]"
Add component (AddParameter): Name = "Manufacturer_Name"; Value = "Stackpole Electronics"; VariantName = "[No Variations]"
Add component (AddParameter): Name = "Manufacturer_Part_Number"; Value = "RMCF0603FT1K00"; VariantName = "[No Variations]"
Add component (AddParameter): Name = "Mouser Part Number"; Value = "708-RMCF0603FT1K00"; VariantName = "[No Variations]"
Add component (AddParameter): Name = "Mouser Price/Stock"; Value = "https://www.mouser.co.uk/ProductDetail/SEI-Stackpole/RMCF0603FT1K00?qs=FESYatJ8odI%252BYiPlprc1Pg%3D%3D"; VariantName = "[No Variations]"
Added Component: Designator=R2_Resistors14(RESC1608X55N)
Add component (AddParameter): Name = "Arrow Part Number"; Value = "RMCF0603FT1K00"; VariantName = "[No Variations]"
Add component (AddParameter): Name = "Arrow Price/Stock"; Value = "https://www.arrow.com/en/products/rmcf0603ft1k00/stackpole-electronics?utm_currency=USD&region=nac"; VariantName = "[No Variations]"
Add component (AddParameter): Name = "Datasheet Link"; Value = "https://www.seielect.com/Catalog/SEI-RMCF_RMCP.pdf"; VariantName = "[No Variations]"
Add component (AddParameter): Name = "Height"; Value = "0.55mm"; VariantName = "[No Variations]"
Add component (AddParameter): Name = "Manufacturer_Name"; Value = "Stackpole Electronics"; VariantName = "[No Variations]"
Add component (AddParameter): Name = "Manufacturer_Part_Number"; Value = "RMCF0603FT1K00"; VariantName = "[No Variations]"
Add component (AddParameter): Name = "Mouser Part Number"; Value = "708-RMCF0603FT1K00"; VariantName = "[No Variations]"
Add component (AddParameter): Name = "Mouser Price/Stock"; Value = "https://www.mouser.co.uk/ProductDetail/SEI-Stackpole/RMCF0603FT1K00?qs=FESYatJ8odI%252BYiPlprc1Pg%3D%3D"; VariantName = "[No Variations]"
Added Component: Designator=R2_Resistors15(RESC1608X55N)
Add component (AddParameter): Name = "Arrow Part Number"; Value = "RMCF0603FT1K00"; VariantName = "[No Variations]"
Add component (AddParameter): Name = "Arrow Price/Stock"; Value = "https://www.arrow.com/en/products/rmcf0603ft1k00/stackpole-electronics?utm_currency=USD&region=nac"; VariantName = "[No Variations]"
Add component (AddParameter): Name = "Datasheet Link"; Value = "https://www.seielect.com/Catalog/SEI-RMCF_RMCP.pdf"; VariantName = "[No Variations]"
Add component (AddParameter): Name = "Height"; Value = "0.55mm"; VariantName = "[No Variations]"
Add component (AddParameter): Name = "Manufacturer_Name"; Value = "Stackpole Electronics"; VariantName = "[No Variations]"
Add component (AddParameter): Name = "Manufacturer_Part_Number"; Value = "RMCF0603FT1K00"; VariantName = "[No Variations]"
Add component (AddParameter): Name = "Mouser Part Number"; Value = "708-RMCF0603FT1K00"; VariantName = "[No Variations]"
Add component (AddParameter): Name = "Mouser Price/Stock"; Value = "https://www.mouser.co.uk/ProductDetail/SEI-Stackpole/RMCF0603FT1K00?qs=FESYatJ8odI%252BYiPlprc1Pg%3D%3D"; VariantName = "[No Variations]"
Added Component: Designator=R2_Resistors16(RESC1608X55N)
Add component (AddParameter): Name = "Arrow Part Number"; Value = "RMCF0603FT1K00"; VariantName = "[No Variations]"
Add component (AddParameter): Name = "Arrow Price/Stock"; Value = "https://www.arrow.com/en/products/rmcf0603ft1k00/stackpole-electronics?utm_currency=USD&region=nac"; VariantName = "[No Variations]"
Add component (AddParameter): Name = "Datasheet Link"; Value = "https://www.seielect.com/Catalog/SEI-RMCF_RMCP.pdf"; VariantName = "[No Variations]"
Add component (AddParameter): Name = "Height"; Value = "0.55mm"; VariantName = "[No Variations]"
Add component (AddParameter): Name = "Manufacturer_Name"; Value = "Stackpole Electronics"; VariantName = "[No Variations]"
Add component (AddParameter): Name = "Manufacturer_Part_Number"; Value = "RMCF0603FT1K00"; VariantName = "[No Variations]"
Add component (AddParameter): Name = "Mouser Part Number"; Value = "708-RMCF0603FT1K00"; VariantName = "[No Variations]"
Add component (AddParameter): Name = "Mouser Price/Stock"; Value = "https://www.mouser.co.uk/ProductDetail/SEI-Stackpole/RMCF0603FT1K00?qs=FESYatJ8odI%252BYiPlprc1Pg%3D%3D"; VariantName = "[No Variations]"
Added Component: Designator=R2_Resistors17(RESC1608X55N)
Add component (AddParameter): Name = "Arrow Part Number"; Value = "RMCF0603FT1K00"; VariantName = "[No Variations]"
Add component (AddParameter): Name = "Arrow Price/Stock"; Value = "https://www.arrow.com/en/products/rmcf0603ft1k00/stackpole-electronics?utm_currency=USD&region=nac"; VariantName = "[No Variations]"
Add component (AddParameter): Name = "Datasheet Link"; Value = "https://www.seielect.com/Catalog/SEI-RMCF_RMCP.pdf"; VariantName = "[No Variations]"
Add component (AddParameter): Name = "Height"; Value = "0.55mm"; VariantName = "[No Variations]"
Add component (AddParameter): Name = "Manufacturer_Name"; Value = "Stackpole Electronics"; VariantName = "[No Variations]"
Add component (AddParameter): Name = "Manufacturer_Part_Number"; Value = "RMCF0603FT1K00"; VariantName = "[No Variations]"
Add component (AddParameter): Name = "Mouser Part Number"; Value = "708-RMCF0603FT1K00"; VariantName = "[No Variations]"
Add component (AddParameter): Name = "Mouser Price/Stock"; Value = "https://www.mouser.co.uk/ProductDetail/SEI-Stackpole/RMCF0603FT1K00?qs=FESYatJ8odI%252BYiPlprc1Pg%3D%3D"; VariantName = "[No Variations]"
Added Component: Designator=R2_Resistors18(RESC1608X55N)
Add component (AddParameter): Name = "Arrow Part Number"; Value = "RMCF0603FT1K00"; VariantName = "[No Variations]"
Add component (AddParameter): Name = "Arrow Price/Stock"; Value = "https://www.arrow.com/en/products/rmcf0603ft1k00/stackpole-electronics?utm_currency=USD&region=nac"; VariantName = "[No Variations]"
Add component (AddParameter): Name = "Datasheet Link"; Value = "https://www.seielect.com/Catalog/SEI-RMCF_RMCP.pdf"; VariantName = "[No Variations]"
Add component (AddParameter): Name = "Height"; Value = "0.55mm"; VariantName = "[No Variations]"
Add component (AddParameter): Name = "Manufacturer_Name"; Value = "Stackpole Electronics"; VariantName = "[No Variations]"
Add component (AddParameter): Name = "Manufacturer_Part_Number"; Value = "RMCF0603FT1K00"; VariantName = "[No Variations]"
Add component (AddParameter): Name = "Mouser Part Number"; Value = "708-RMCF0603FT1K00"; VariantName = "[No Variations]"
Add component (AddParameter): Name = "Mouser Price/Stock"; Value = "https://www.mouser.co.uk/ProductDetail/SEI-Stackpole/RMCF0603FT1K00?qs=FESYatJ8odI%252BYiPlprc1Pg%3D%3D"; VariantName = "[No Variations]"
Added Component: Designator=R2_Resistors19(RESC1608X55N)
Add component (AddParameter): Name = "Arrow Part Number"; Value = "RMCF0603FT1K00"; VariantName = "[No Variations]"
Add component (AddParameter): Name = "Arrow Price/Stock"; Value = "https://www.arrow.com/en/products/rmcf0603ft1k00/stackpole-electronics?utm_currency=USD&region=nac"; VariantName = "[No Variations]"
Add component (AddParameter): Name = "Datasheet Link"; Value = "https://www.seielect.com/Catalog/SEI-RMCF_RMCP.pdf"; VariantName = "[No Variations]"
Add component (AddParameter): Name = "Height"; Value = "0.55mm"; VariantName = "[No Variations]"
Add component (AddParameter): Name = "Manufacturer_Name"; Value = "Stackpole Electronics"; VariantName = "[No Variations]"
Add component (AddParameter): Name = "Manufacturer_Part_Number"; Value = "RMCF0603FT1K00"; VariantName = "[No Variations]"
Add component (AddParameter): Name = "Mouser Part Number"; Value = "708-RMCF0603FT1K00"; VariantName = "[No Variations]"
Add component (AddParameter): Name = "Mouser Price/Stock"; Value = "https://www.mouser.co.uk/ProductDetail/SEI-Stackpole/RMCF0603FT1K00?qs=FESYatJ8odI%252BYiPlprc1Pg%3D%3D"; VariantName = "[No Variations]"
Added Component: Designator=R2_Resistors20(RESC1608X55N)
Add component (AddParameter): Name = "Arrow Part Number"; Value = "RMCF0603FT1K00"; VariantName = "[No Variations]"
Add component (AddParameter): Name = "Arrow Price/Stock"; Value = "https://www.arrow.com/en/products/rmcf0603ft1k00/stackpole-electronics?utm_currency=USD&region=nac"; VariantName = "[No Variations]"
Add component (AddParameter): Name = "Datasheet Link"; Value = "https://www.seielect.com/Catalog/SEI-RMCF_RMCP.pdf"; VariantName = "[No Variations]"
Add component (AddParameter): Name = "Height"; Value = "0.55mm"; VariantName = "[No Variations]"
Add component (AddParameter): Name = "Manufacturer_Name"; Value = "Stackpole Electronics"; VariantName = "[No Variations]"
Add component (AddParameter): Name = "Manufacturer_Part_Number"; Value = "RMCF0603FT1K00"; VariantName = "[No Variations]"
Add component (AddParameter): Name = "Mouser Part Number"; Value = "708-RMCF0603FT1K00"; VariantName = "[No Variations]"
Add component (AddParameter): Name = "Mouser Price/Stock"; Value = "https://www.mouser.co.uk/ProductDetail/SEI-Stackpole/RMCF0603FT1K00?qs=FESYatJ8odI%252BYiPlprc1Pg%3D%3D"; VariantName = "[No Variations]"
Added Component: Designator=R2_Resistors21(RESC1608X55N)
Add component (AddParameter): Name = "Arrow Part Number"; Value = "RMCF0603FT1K00"; VariantName = "[No Variations]"
Add component (AddParameter): Name = "Arrow Price/Stock"; Value = "https://www.arrow.com/en/products/rmcf0603ft1k00/stackpole-electronics?utm_currency=USD&region=nac"; VariantName = "[No Variations]"
Add component (AddParameter): Name = "Datasheet Link"; Value = "https://www.seielect.com/Catalog/SEI-RMCF_RMCP.pdf"; VariantName = "[No Variations]"
Add component (AddParameter): Name = "Height"; Value = "0.55mm"; VariantName = "[No Variations]"
Add component (AddParameter): Name = "Manufacturer_Name"; Value = "Stackpole Electronics"; VariantName = "[No Variations]"
Add component (AddParameter): Name = "Manufacturer_Part_Number"; Value = "RMCF0603FT1K00"; VariantName = "[No Variations]"
Add component (AddParameter): Name = "Mouser Part Number"; Value = "708-RMCF0603FT1K00"; VariantName = "[No Variations]"
Add component (AddParameter): Name = "Mouser Price/Stock"; Value = "https://www.mouser.co.uk/ProductDetail/SEI-Stackpole/RMCF0603FT1K00?qs=FESYatJ8odI%252BYiPlprc1Pg%3D%3D"; VariantName = "[No Variations]"
Added Component: Designator=R2_Resistors22(RESC1608X55N)
Add component (AddParameter): Name = "Arrow Part Number"; Value = "RMCF0603FT1K00"; VariantName = "[No Variations]"
Add component (AddParameter): Name = "Arrow Price/Stock"; Value = "https://www.arrow.com/en/products/rmcf0603ft1k00/stackpole-electronics?utm_currency=USD&region=nac"; VariantName = "[No Variations]"
Add component (AddParameter): Name = "Datasheet Link"; Value = "https://www.seielect.com/Catalog/SEI-RMCF_RMCP.pdf"; VariantName = "[No Variations]"
Add component (AddParameter): Name = "Height"; Value = "0.55mm"; VariantName = "[No Variations]"
Add component (AddParameter): Name = "Manufacturer_Name"; Value = "Stackpole Electronics"; VariantName = "[No Variations]"
Add component (AddParameter): Name = "Manufacturer_Part_Number"; Value = "RMCF0603FT1K00"; VariantName = "[No Variations]"
Add component (AddParameter): Name = "Mouser Part Number"; Value = "708-RMCF0603FT1K00"; VariantName = "[No Variations]"
Add component (AddParameter): Name = "Mouser Price/Stock"; Value = "https://www.mouser.co.uk/ProductDetail/SEI-Stackpole/RMCF0603FT1K00?qs=FESYatJ8odI%252BYiPlprc1Pg%3D%3D"; VariantName = "[No Variations]"
Added Component: Designator=R2_Resistors23(RESC1608X55N)
Add component (AddParameter): Name = "Arrow Part Number"; Value = "RMCF0603FT1K00"; VariantName = "[No Variations]"
Add component (AddParameter): Name = "Arrow Price/Stock"; Value = "https://www.arrow.com/en/products/rmcf0603ft1k00/stackpole-electronics?utm_currency=USD&region=nac"; VariantName = "[No Variations]"
Add component (AddParameter): Name = "Datasheet Link"; Value = "https://www.seielect.com/Catalog/SEI-RMCF_RMCP.pdf"; VariantName = "[No Variations]"
Add component (AddParameter): Name = "Height"; Value = "0.55mm"; VariantName = "[No Variations]"
Add component (AddParameter): Name = "Manufacturer_Name"; Value = "Stackpole Electronics"; VariantName = "[No Variations]"
Add component (AddParameter): Name = "Manufacturer_Part_Number"; Value = "RMCF0603FT1K00"; VariantName = "[No Variations]"
Add component (AddParameter): Name = "Mouser Part Number"; Value = "708-RMCF0603FT1K00"; VariantName = "[No Variations]"
Add component (AddParameter): Name = "Mouser Price/Stock"; Value = "https://www.mouser.co.uk/ProductDetail/SEI-Stackpole/RMCF0603FT1K00?qs=FESYatJ8odI%252BYiPlprc1Pg%3D%3D"; VariantName = "[No Variations]"
Added Component: Designator=R2_Resistors24(RESC1608X55N)
Add component (AddParameter): Name = "Arrow Part Number"; Value = "RMCF0603FT1K00"; VariantName = "[No Variations]"
Add component (AddParameter): Name = "Arrow Price/Stock"; Value = "https://www.arrow.com/en/products/rmcf0603ft1k00/stackpole-electronics?utm_currency=USD&region=nac"; VariantName = "[No Variations]"
Add component (AddParameter): Name = "Datasheet Link"; Value = "https://www.seielect.com/Catalog/SEI-RMCF_RMCP.pdf"; VariantName = "[No Variations]"
Add component (AddParameter): Name = "Height"; Value = "0.55mm"; VariantName = "[No Variations]"
Add component (AddParameter): Name = "Manufacturer_Name"; Value = "Stackpole Electronics"; VariantName = "[No Variations]"
Add component (AddParameter): Name = "Manufacturer_Part_Number"; Value = "RMCF0603FT1K00"; VariantName = "[No Variations]"
Add component (AddParameter): Name = "Mouser Part Number"; Value = "708-RMCF0603FT1K00"; VariantName = "[No Variations]"
Add component (AddParameter): Name = "Mouser Price/Stock"; Value = "https://www.mouser.co.uk/ProductDetail/SEI-Stackpole/RMCF0603FT1K00?qs=FESYatJ8odI%252BYiPlprc1Pg%3D%3D"; VariantName = "[No Variations]"
Added Component: Designator=R2_Resistors25(RESC1608X55N)
Add component (AddParameter): Name = "Arrow Part Number"; Value = "RMCF0603FT1K00"; VariantName = "[No Variations]"
Add component (AddParameter): Name = "Arrow Price/Stock"; Value = "https://www.arrow.com/en/products/rmcf0603ft1k00/stackpole-electronics?utm_currency=USD&region=nac"; VariantName = "[No Variations]"
Add component (AddParameter): Name = "Datasheet Link"; Value = "https://www.seielect.com/Catalog/SEI-RMCF_RMCP.pdf"; VariantName = "[No Variations]"
Add component (AddParameter): Name = "Height"; Value = "0.55mm"; VariantName = "[No Variations]"
Add component (AddParameter): Name = "Manufacturer_Name"; Value = "Stackpole Electronics"; VariantName = "[No Variations]"
Add component (AddParameter): Name = "Manufacturer_Part_Number"; Value = "RMCF0603FT1K00"; VariantName = "[No Variations]"
Add component (AddParameter): Name = "Mouser Part Number"; Value = "708-RMCF0603FT1K00"; VariantName = "[No Variations]"
Add component (AddParameter): Name = "Mouser Price/Stock"; Value = "https://www.mouser.co.uk/ProductDetail/SEI-Stackpole/RMCF0603FT1K00?qs=FESYatJ8odI%252BYiPlprc1Pg%3D%3D"; VariantName = "[No Variations]"
Added Component: Designator=R2_Resistors26(RESC1608X55N)
Add component (AddParameter): Name = "Arrow Part Number"; Value = "RMCF0603FT1K00"; VariantName = "[No Variations]"
Add component (AddParameter): Name = "Arrow Price/Stock"; Value = "https://www.arrow.com/en/products/rmcf0603ft1k00/stackpole-electronics?utm_currency=USD&region=nac"; VariantName = "[No Variations]"
Add component (AddParameter): Name = "Datasheet Link"; Value = "https://www.seielect.com/Catalog/SEI-RMCF_RMCP.pdf"; VariantName = "[No Variations]"
Add component (AddParameter): Name = "Height"; Value = "0.55mm"; VariantName = "[No Variations]"
Add component (AddParameter): Name = "Manufacturer_Name"; Value = "Stackpole Electronics"; VariantName = "[No Variations]"
Add component (AddParameter): Name = "Manufacturer_Part_Number"; Value = "RMCF0603FT1K00"; VariantName = "[No Variations]"
Add component (AddParameter): Name = "Mouser Part Number"; Value = "708-RMCF0603FT1K00"; VariantName = "[No Variations]"
Add component (AddParameter): Name = "Mouser Price/Stock"; Value = "https://www.mouser.co.uk/ProductDetail/SEI-Stackpole/RMCF0603FT1K00?qs=FESYatJ8odI%252BYiPlprc1Pg%3D%3D"; VariantName = "[No Variations]"
Added Component: Designator=R2_Resistors27(RESC1608X55N)
Add component (AddParameter): Name = "Arrow Part Number"; Value = "RMCF0603FT1K00"; VariantName = "[No Variations]"
Add component (AddParameter): Name = "Arrow Price/Stock"; Value = "https://www.arrow.com/en/products/rmcf0603ft1k00/stackpole-electronics?utm_currency=USD&region=nac"; VariantName = "[No Variations]"
Add component (AddParameter): Name = "Datasheet Link"; Value = "https://www.seielect.com/Catalog/SEI-RMCF_RMCP.pdf"; VariantName = "[No Variations]"
Add component (AddParameter): Name = "Height"; Value = "0.55mm"; VariantName = "[No Variations]"
Add component (AddParameter): Name = "Manufacturer_Name"; Value = "Stackpole Electronics"; VariantName = "[No Variations]"
Add component (AddParameter): Name = "Manufacturer_Part_Number"; Value = "RMCF0603FT1K00"; VariantName = "[No Variations]"
Add component (AddParameter): Name = "Mouser Part Number"; Value = "708-RMCF0603FT1K00"; VariantName = "[No Variations]"
Add component (AddParameter): Name = "Mouser Price/Stock"; Value = "https://www.mouser.co.uk/ProductDetail/SEI-Stackpole/RMCF0603FT1K00?qs=FESYatJ8odI%252BYiPlprc1Pg%3D%3D"; VariantName = "[No Variations]"
Added Component: Designator=R2_Resistors28(RESC1608X55N)
Add component (AddParameter): Name = "Arrow Part Number"; Value = "RMCF0603FT1K00"; VariantName = "[No Variations]"
Add component (AddParameter): Name = "Arrow Price/Stock"; Value = "https://www.arrow.com/en/products/rmcf0603ft1k00/stackpole-electronics?utm_currency=USD&region=nac"; VariantName = "[No Variations]"
Add component (AddParameter): Name = "Datasheet Link"; Value = "https://www.seielect.com/Catalog/SEI-RMCF_RMCP.pdf"; VariantName = "[No Variations]"
Add component (AddParameter): Name = "Height"; Value = "0.55mm"; VariantName = "[No Variations]"
Add component (AddParameter): Name = "Manufacturer_Name"; Value = "Stackpole Electronics"; VariantName = "[No Variations]"
Add component (AddParameter): Name = "Manufacturer_Part_Number"; Value = "RMCF0603FT1K00"; VariantName = "[No Variations]"
Add component (AddParameter): Name = "Mouser Part Number"; Value = "708-RMCF0603FT1K00"; VariantName = "[No Variations]"
Add component (AddParameter): Name = "Mouser Price/Stock"; Value = "https://www.mouser.co.uk/ProductDetail/SEI-Stackpole/RMCF0603FT1K00?qs=FESYatJ8odI%252BYiPlprc1Pg%3D%3D"; VariantName = "[No Variations]"
Added Component: Designator=R2_Resistors29(RESC1608X55N)
Add component (AddParameter): Name = "Arrow Part Number"; Value = "RMCF0603FT1K00"; VariantName = "[No Variations]"
Add component (AddParameter): Name = "Arrow Price/Stock"; Value = "https://www.arrow.com/en/products/rmcf0603ft1k00/stackpole-electronics?utm_currency=USD&region=nac"; VariantName = "[No Variations]"
Add component (AddParameter): Name = "Datasheet Link"; Value = "https://www.seielect.com/Catalog/SEI-RMCF_RMCP.pdf"; VariantName = "[No Variations]"
Add component (AddParameter): Name = "Height"; Value = "0.55mm"; VariantName = "[No Variations]"
Add component (AddParameter): Name = "Manufacturer_Name"; Value = "Stackpole Electronics"; VariantName = "[No Variations]"
Add component (AddParameter): Name = "Manufacturer_Part_Number"; Value = "RMCF0603FT1K00"; VariantName = "[No Variations]"
Add component (AddParameter): Name = "Mouser Part Number"; Value = "708-RMCF0603FT1K00"; VariantName = "[No Variations]"
Add component (AddParameter): Name = "Mouser Price/Stock"; Value = "https://www.mouser.co.uk/ProductDetail/SEI-Stackpole/RMCF0603FT1K00?qs=FESYatJ8odI%252BYiPlprc1Pg%3D%3D"; VariantName = "[No Variations]"
Added Component: Designator=R2_Resistors30(RESC1608X55N)
Add component (AddParameter): Name = "Arrow Part Number"; Value = "RMCF0603FT1K00"; VariantName = "[No Variations]"
Add component (AddParameter): Name = "Arrow Price/Stock"; Value = "https://www.arrow.com/en/products/rmcf0603ft1k00/stackpole-electronics?utm_currency=USD&region=nac"; VariantName = "[No Variations]"
Add component (AddParameter): Name = "Datasheet Link"; Value = "https://www.seielect.com/Catalog/SEI-RMCF_RMCP.pdf"; VariantName = "[No Variations]"
Add component (AddParameter): Name = "Height"; Value = "0.55mm"; VariantName = "[No Variations]"
Add component (AddParameter): Name = "Manufacturer_Name"; Value = "Stackpole Electronics"; VariantName = "[No Variations]"
Add component (AddParameter): Name = "Manufacturer_Part_Number"; Value = "RMCF0603FT1K00"; VariantName = "[No Variations]"
Add component (AddParameter): Name = "Mouser Part Number"; Value = "708-RMCF0603FT1K00"; VariantName = "[No Variations]"
Add component (AddParameter): Name = "Mouser Price/Stock"; Value = "https://www.mouser.co.uk/ProductDetail/SEI-Stackpole/RMCF0603FT1K00?qs=FESYatJ8odI%252BYiPlprc1Pg%3D%3D"; VariantName = "[No Variations]"
Added Component: Designator=R2_Resistors31(RESC1608X55N)
Add component (AddParameter): Name = "Arrow Part Number"; Value = "RMCF0603FT1K00"; VariantName = "[No Variations]"
Add component (AddParameter): Name = "Arrow Price/Stock"; Value = "https://www.arrow.com/en/products/rmcf0603ft1k00/stackpole-electronics?utm_currency=USD&region=nac"; VariantName = "[No Variations]"
Add component (AddParameter): Name = "Datasheet Link"; Value = "https://www.seielect.com/Catalog/SEI-RMCF_RMCP.pdf"; VariantName = "[No Variations]"
Add component (AddParameter): Name = "Height"; Value = "0.55mm"; VariantName = "[No Variations]"
Add component (AddParameter): Name = "Manufacturer_Name"; Value = "Stackpole Electronics"; VariantName = "[No Variations]"
Add component (AddParameter): Name = "Manufacturer_Part_Number"; Value = "RMCF0603FT1K00"; VariantName = "[No Variations]"
Add component (AddParameter): Name = "Mouser Part Number"; Value = "708-RMCF0603FT1K00"; VariantName = "[No Variations]"
Add component (AddParameter): Name = "Mouser Price/Stock"; Value = "https://www.mouser.co.uk/ProductDetail/SEI-Stackpole/RMCF0603FT1K00?qs=FESYatJ8odI%252BYiPlprc1Pg%3D%3D"; VariantName = "[No Variations]"
Added Component: Designator=R2_Resistors32(RESC1608X55N)
Add component (AddParameter): Name = "Arrow Part Number"; Value = "RMCF0603FT1K00"; VariantName = "[No Variations]"
Add component (AddParameter): Name = "Arrow Price/Stock"; Value = "https://www.arrow.com/en/products/rmcf0603ft1k00/stackpole-electronics?utm_currency=USD&region=nac"; VariantName = "[No Variations]"
Add component (AddParameter): Name = "Datasheet Link"; Value = "https://www.seielect.com/Catalog/SEI-RMCF_RMCP.pdf"; VariantName = "[No Variations]"
Add component (AddParameter): Name = "Height"; Value = "0.55mm"; VariantName = "[No Variations]"
Add component (AddParameter): Name = "Manufacturer_Name"; Value = "Stackpole Electronics"; VariantName = "[No Variations]"
Add component (AddParameter): Name = "Manufacturer_Part_Number"; Value = "RMCF0603FT1K00"; VariantName = "[No Variations]"
Add component (AddParameter): Name = "Mouser Part Number"; Value = "708-RMCF0603FT1K00"; VariantName = "[No Variations]"
Add component (AddParameter): Name = "Mouser Price/Stock"; Value = "https://www.mouser.co.uk/ProductDetail/SEI-Stackpole/RMCF0603FT1K00?qs=FESYatJ8odI%252BYiPlprc1Pg%3D%3D"; VariantName = "[No Variations]"
Added Component: Designator=R2_Resistors33(RESC1608X55N)
Add component (AddParameter): Name = "Arrow Part Number"; Value = "RMCF0603FT1K00"; VariantName = "[No Variations]"
Add component (AddParameter): Name = "Arrow Price/Stock"; Value = "https://www.arrow.com/en/products/rmcf0603ft1k00/stackpole-electronics?utm_currency=USD&region=nac"; VariantName = "[No Variations]"
Add component (AddParameter): Name = "Datasheet Link"; Value = "https://www.seielect.com/Catalog/SEI-RMCF_RMCP.pdf"; VariantName = "[No Variations]"
Add component (AddParameter): Name = "Height"; Value = "0.55mm"; VariantName = "[No Variations]"
Add component (AddParameter): Name = "Manufacturer_Name"; Value = "Stackpole Electronics"; VariantName = "[No Variations]"
Add component (AddParameter): Name = "Manufacturer_Part_Number"; Value = "RMCF0603FT1K00"; VariantName = "[No Variations]"
Add component (AddParameter): Name = "Mouser Part Number"; Value = "708-RMCF0603FT1K00"; VariantName = "[No Variations]"
Add component (AddParameter): Name = "Mouser Price/Stock"; Value = "https://www.mouser.co.uk/ProductDetail/SEI-Stackpole/RMCF0603FT1K00?qs=FESYatJ8odI%252BYiPlprc1Pg%3D%3D"; VariantName = "[No Variations]"
Added Component: Designator=R2_Resistors34(RESC1608X55N)
Add component (AddParameter): Name = "Arrow Part Number"; Value = "RMCF0603FT1K00"; VariantName = "[No Variations]"
Add component (AddParameter): Name = "Arrow Price/Stock"; Value = "https://www.arrow.com/en/products/rmcf0603ft1k00/stackpole-electronics?utm_currency=USD&region=nac"; VariantName = "[No Variations]"
Add component (AddParameter): Name = "Datasheet Link"; Value = "https://www.seielect.com/Catalog/SEI-RMCF_RMCP.pdf"; VariantName = "[No Variations]"
Add component (AddParameter): Name = "Height"; Value = "0.55mm"; VariantName = "[No Variations]"
Add component (AddParameter): Name = "Manufacturer_Name"; Value = "Stackpole Electronics"; VariantName = "[No Variations]"
Add component (AddParameter): Name = "Manufacturer_Part_Number"; Value = "RMCF0603FT1K00"; VariantName = "[No Variations]"
Add component (AddParameter): Name = "Mouser Part Number"; Value = "708-RMCF0603FT1K00"; VariantName = "[No Variations]"
Add component (AddParameter): Name = "Mouser Price/Stock"; Value = "https://www.mouser.co.uk/ProductDetail/SEI-Stackpole/RMCF0603FT1K00?qs=FESYatJ8odI%252BYiPlprc1Pg%3D%3D"; VariantName = "[No Variations]"
Added Component: Designator=R2_Resistors35(RESC1608X55N)
Add component (AddParameter): Name = "Arrow Part Number"; Value = "RMCF0603FT1K00"; VariantName = "[No Variations]"
Add component (AddParameter): Name = "Arrow Price/Stock"; Value = "https://www.arrow.com/en/products/rmcf0603ft1k00/stackpole-electronics?utm_currency=USD&region=nac"; VariantName = "[No Variations]"
Add component (AddParameter): Name = "Datasheet Link"; Value = "https://www.seielect.com/Catalog/SEI-RMCF_RMCP.pdf"; VariantName = "[No Variations]"
Add component (AddParameter): Name = "Height"; Value = "0.55mm"; VariantName = "[No Variations]"
Add component (AddParameter): Name = "Manufacturer_Name"; Value = "Stackpole Electronics"; VariantName = "[No Variations]"
Add component (AddParameter): Name = "Manufacturer_Part_Number"; Value = "RMCF0603FT1K00"; VariantName = "[No Variations]"
Add component (AddParameter): Name = "Mouser Part Number"; Value = "708-RMCF0603FT1K00"; VariantName = "[No Variations]"
Add component (AddParameter): Name = "Mouser Price/Stock"; Value = "https://www.mouser.co.uk/ProductDetail/SEI-Stackpole/RMCF0603FT1K00?qs=FESYatJ8odI%252BYiPlprc1Pg%3D%3D"; VariantName = "[No Variations]"
Added Component: Designator=R2_Resistors36(RESC1608X55N)
Add component (AddParameter): Name = "Arrow Part Number"; Value = "RMCF0603FT1K00"; VariantName = "[No Variations]"
Add component (AddParameter): Name = "Arrow Price/Stock"; Value = "https://www.arrow.com/en/products/rmcf0603ft1k00/stackpole-electronics?utm_currency=USD&region=nac"; VariantName = "[No Variations]"
Add component (AddParameter): Name = "Datasheet Link"; Value = "https://www.seielect.com/Catalog/SEI-RMCF_RMCP.pdf"; VariantName = "[No Variations]"
Add component (AddParameter): Name = "Height"; Value = "0.55mm"; VariantName = "[No Variations]"
Add component (AddParameter): Name = "Manufacturer_Name"; Value = "Stackpole Electronics"; VariantName = "[No Variations]"
Add component (AddParameter): Name = "Manufacturer_Part_Number"; Value = "RMCF0603FT1K00"; VariantName = "[No Variations]"
Add component (AddParameter): Name = "Mouser Part Number"; Value = "708-RMCF0603FT1K00"; VariantName = "[No Variations]"
Add component (AddParameter): Name = "Mouser Price/Stock"; Value = "https://www.mouser.co.uk/ProductDetail/SEI-Stackpole/RMCF0603FT1K00?qs=FESYatJ8odI%252BYiPlprc1Pg%3D%3D"; VariantName = "[No Variations]"
Added Component: Designator=R2_Resistors37(RESC1608X55N)
Add component (AddParameter): Name = "Arrow Part Number"; Value = "RMCF0603FT1K00"; VariantName = "[No Variations]"
Add component (AddParameter): Name = "Arrow Price/Stock"; Value = "https://www.arrow.com/en/products/rmcf0603ft1k00/stackpole-electronics?utm_currency=USD&region=nac"; VariantName = "[No Variations]"
Add component (AddParameter): Name = "Datasheet Link"; Value = "https://www.seielect.com/Catalog/SEI-RMCF_RMCP.pdf"; VariantName = "[No Variations]"
Add component (AddParameter): Name = "Height"; Value = "0.55mm"; VariantName = "[No Variations]"
Add component (AddParameter): Name = "Manufacturer_Name"; Value = "Stackpole Electronics"; VariantName = "[No Variations]"
Add component (AddParameter): Name = "Manufacturer_Part_Number"; Value = "RMCF0603FT1K00"; VariantName = "[No Variations]"
Add component (AddParameter): Name = "Mouser Part Number"; Value = "708-RMCF0603FT1K00"; VariantName = "[No Variations]"
Add component (AddParameter): Name = "Mouser Price/Stock"; Value = "https://www.mouser.co.uk/ProductDetail/SEI-Stackpole/RMCF0603FT1K00?qs=FESYatJ8odI%252BYiPlprc1Pg%3D%3D"; VariantName = "[No Variations]"
Added Component: Designator=R2_Resistors38(RESC1608X55N)
Add component (AddParameter): Name = "Arrow Part Number"; Value = "RMCF0603FT1K00"; VariantName = "[No Variations]"
Add component (AddParameter): Name = "Arrow Price/Stock"; Value = "https://www.arrow.com/en/products/rmcf0603ft1k00/stackpole-electronics?utm_currency=USD&region=nac"; VariantName = "[No Variations]"
Add component (AddParameter): Name = "Datasheet Link"; Value = "https://www.seielect.com/Catalog/SEI-RMCF_RMCP.pdf"; VariantName = "[No Variations]"
Add component (AddParameter): Name = "Height"; Value = "0.55mm"; VariantName = "[No Variations]"
Add component (AddParameter): Name = "Manufacturer_Name"; Value = "Stackpole Electronics"; VariantName = "[No Variations]"
Add component (AddParameter): Name = "Manufacturer_Part_Number"; Value = "RMCF0603FT1K00"; VariantName = "[No Variations]"
Add component (AddParameter): Name = "Mouser Part Number"; Value = "708-RMCF0603FT1K00"; VariantName = "[No Variations]"
Add component (AddParameter): Name = "Mouser Price/Stock"; Value = "https://www.mouser.co.uk/ProductDetail/SEI-Stackpole/RMCF0603FT1K00?qs=FESYatJ8odI%252BYiPlprc1Pg%3D%3D"; VariantName = "[No Variations]"
Added Component: Designator=R2_Resistors39(RESC1608X55N)
Add component (AddParameter): Name = "Arrow Part Number"; Value = "RMCF0603FT1K00"; VariantName = "[No Variations]"
Add component (AddParameter): Name = "Arrow Price/Stock"; Value = "https://www.arrow.com/en/products/rmcf0603ft1k00/stackpole-electronics?utm_currency=USD&region=nac"; VariantName = "[No Variations]"
Add component (AddParameter): Name = "Datasheet Link"; Value = "https://www.seielect.com/Catalog/SEI-RMCF_RMCP.pdf"; VariantName = "[No Variations]"
Add component (AddParameter): Name = "Height"; Value = "0.55mm"; VariantName = "[No Variations]"
Add component (AddParameter): Name = "Manufacturer_Name"; Value = "Stackpole Electronics"; VariantName = "[No Variations]"
Add component (AddParameter): Name = "Manufacturer_Part_Number"; Value = "RMCF0603FT1K00"; VariantName = "[No Variations]"
Add component (AddParameter): Name = "Mouser Part Number"; Value = "708-RMCF0603FT1K00"; VariantName = "[No Variations]"
Add component (AddParameter): Name = "Mouser Price/Stock"; Value = "https://www.mouser.co.uk/ProductDetail/SEI-Stackpole/RMCF0603FT1K00?qs=FESYatJ8odI%252BYiPlprc1Pg%3D%3D"; VariantName = "[No Variations]"
Added Component: Designator=R2_Resistors40(RESC1608X55N)
Add component (AddParameter): Name = "Arrow Part Number"; Value = "RMCF0603FT1K00"; VariantName = "[No Variations]"
Add component (AddParameter): Name = "Arrow Price/Stock"; Value = "https://www.arrow.com/en/products/rmcf0603ft1k00/stackpole-electronics?utm_currency=USD&region=nac"; VariantName = "[No Variations]"
Add component (AddParameter): Name = "Datasheet Link"; Value = "https://www.seielect.com/Catalog/SEI-RMCF_RMCP.pdf"; VariantName = "[No Variations]"
Add component (AddParameter): Name = "Height"; Value = "0.55mm"; VariantName = "[No Variations]"
Add component (AddParameter): Name = "Manufacturer_Name"; Value = "Stackpole Electronics"; VariantName = "[No Variations]"
Add component (AddParameter): Name = "Manufacturer_Part_Number"; Value = "RMCF0603FT1K00"; VariantName = "[No Variations]"
Add component (AddParameter): Name = "Mouser Part Number"; Value = "708-RMCF0603FT1K00"; VariantName = "[No Variations]"
Add component (AddParameter): Name = "Mouser Price/Stock"; Value = "https://www.mouser.co.uk/ProductDetail/SEI-Stackpole/RMCF0603FT1K00?qs=FESYatJ8odI%252BYiPlprc1Pg%3D%3D"; VariantName = "[No Variations]"
Added Component: Designator=R2_Resistors41(RESC1608X55N)
Add component (AddParameter): Name = "Arrow Part Number"; Value = "RMCF0603FT1K00"; VariantName = "[No Variations]"
Add component (AddParameter): Name = "Arrow Price/Stock"; Value = "https://www.arrow.com/en/products/rmcf0603ft1k00/stackpole-electronics?utm_currency=USD&region=nac"; VariantName = "[No Variations]"
Add component (AddParameter): Name = "Datasheet Link"; Value = "https://www.seielect.com/Catalog/SEI-RMCF_RMCP.pdf"; VariantName = "[No Variations]"
Add component (AddParameter): Name = "Height"; Value = "0.55mm"; VariantName = "[No Variations]"
Add component (AddParameter): Name = "Manufacturer_Name"; Value = "Stackpole Electronics"; VariantName = "[No Variations]"
Add component (AddParameter): Name = "Manufacturer_Part_Number"; Value = "RMCF0603FT1K00"; VariantName = "[No Variations]"
Add component (AddParameter): Name = "Mouser Part Number"; Value = "708-RMCF0603FT1K00"; VariantName = "[No Variations]"
Add component (AddParameter): Name = "Mouser Price/Stock"; Value = "https://www.mouser.co.uk/ProductDetail/SEI-Stackpole/RMCF0603FT1K00?qs=FESYatJ8odI%252BYiPlprc1Pg%3D%3D"; VariantName = "[No Variations]"
Added Component: Designator=R2_Resistors42(RESC1608X55N)
Add component (AddParameter): Name = "Arrow Part Number"; Value = "RMCF0603FT1K00"; VariantName = "[No Variations]"
Add component (AddParameter): Name = "Arrow Price/Stock"; Value = "https://www.arrow.com/en/products/rmcf0603ft1k00/stackpole-electronics?utm_currency=USD&region=nac"; VariantName = "[No Variations]"
Add component (AddParameter): Name = "Datasheet Link"; Value = "https://www.seielect.com/Catalog/SEI-RMCF_RMCP.pdf"; VariantName = "[No Variations]"
Add component (AddParameter): Name = "Height"; Value = "0.55mm"; VariantName = "[No Variations]"
Add component (AddParameter): Name = "Manufacturer_Name"; Value = "Stackpole Electronics"; VariantName = "[No Variations]"
Add component (AddParameter): Name = "Manufacturer_Part_Number"; Value = "RMCF0603FT1K00"; VariantName = "[No Variations]"
Add component (AddParameter): Name = "Mouser Part Number"; Value = "708-RMCF0603FT1K00"; VariantName = "[No Variations]"
Add component (AddParameter): Name = "Mouser Price/Stock"; Value = "https://www.mouser.co.uk/ProductDetail/SEI-Stackpole/RMCF0603FT1K00?qs=FESYatJ8odI%252BYiPlprc1Pg%3D%3D"; VariantName = "[No Variations]"
Added Component: Designator=R2_Resistors43(RESC1608X55N)
Add component (AddParameter): Name = "Arrow Part Number"; Value = "RMCF0603FT1K00"; VariantName = "[No Variations]"
Add component (AddParameter): Name = "Arrow Price/Stock"; Value = "https://www.arrow.com/en/products/rmcf0603ft1k00/stackpole-electronics?utm_currency=USD&region=nac"; VariantName = "[No Variations]"
Add component (AddParameter): Name = "Datasheet Link"; Value = "https://www.seielect.com/Catalog/SEI-RMCF_RMCP.pdf"; VariantName = "[No Variations]"
Add component (AddParameter): Name = "Height"; Value = "0.55mm"; VariantName = "[No Variations]"
Add component (AddParameter): Name = "Manufacturer_Name"; Value = "Stackpole Electronics"; VariantName = "[No Variations]"
Add component (AddParameter): Name = "Manufacturer_Part_Number"; Value = "RMCF0603FT1K00"; VariantName = "[No Variations]"
Add component (AddParameter): Name = "Mouser Part Number"; Value = "708-RMCF0603FT1K00"; VariantName = "[No Variations]"
Add component (AddParameter): Name = "Mouser Price/Stock"; Value = "https://www.mouser.co.uk/ProductDetail/SEI-Stackpole/RMCF0603FT1K00?qs=FESYatJ8odI%252BYiPlprc1Pg%3D%3D"; VariantName = "[No Variations]"
Added Component: Designator=R2_Resistors44(RESC1608X55N)
Add component (AddParameter): Name = "Arrow Part Number"; Value = "RMCF0603FT1K00"; VariantName = "[No Variations]"
Add component (AddParameter): Name = "Arrow Price/Stock"; Value = "https://www.arrow.com/en/products/rmcf0603ft1k00/stackpole-electronics?utm_currency=USD&region=nac"; VariantName = "[No Variations]"
Add component (AddParameter): Name = "Datasheet Link"; Value = "https://www.seielect.com/Catalog/SEI-RMCF_RMCP.pdf"; VariantName = "[No Variations]"
Add component (AddParameter): Name = "Height"; Value = "0.55mm"; VariantName = "[No Variations]"
Add component (AddParameter): Name = "Manufacturer_Name"; Value = "Stackpole Electronics"; VariantName = "[No Variations]"
Add component (AddParameter): Name = "Manufacturer_Part_Number"; Value = "RMCF0603FT1K00"; VariantName = "[No Variations]"
Add component (AddParameter): Name = "Mouser Part Number"; Value = "708-RMCF0603FT1K00"; VariantName = "[No Variations]"
Add component (AddParameter): Name = "Mouser Price/Stock"; Value = "https://www.mouser.co.uk/ProductDetail/SEI-Stackpole/RMCF0603FT1K00?qs=FESYatJ8odI%252BYiPlprc1Pg%3D%3D"; VariantName = "[No Variations]"
Added Component: Designator=R2_Resistors45(RESC1608X55N)
Add component (AddParameter): Name = "Arrow Part Number"; Value = "RMCF0603FT1K00"; VariantName = "[No Variations]"
Add component (AddParameter): Name = "Arrow Price/Stock"; Value = "https://www.arrow.com/en/products/rmcf0603ft1k00/stackpole-electronics?utm_currency=USD&region=nac"; VariantName = "[No Variations]"
Add component (AddParameter): Name = "Datasheet Link"; Value = "https://www.seielect.com/Catalog/SEI-RMCF_RMCP.pdf"; VariantName = "[No Variations]"
Add component (AddParameter): Name = "Height"; Value = "0.55mm"; VariantName = "[No Variations]"
Add component (AddParameter): Name = "Manufacturer_Name"; Value = "Stackpole Electronics"; VariantName = "[No Variations]"
Add component (AddParameter): Name = "Manufacturer_Part_Number"; Value = "RMCF0603FT1K00"; VariantName = "[No Variations]"
Add component (AddParameter): Name = "Mouser Part Number"; Value = "708-RMCF0603FT1K00"; VariantName = "[No Variations]"
Add component (AddParameter): Name = "Mouser Price/Stock"; Value = "https://www.mouser.co.uk/ProductDetail/SEI-Stackpole/RMCF0603FT1K00?qs=FESYatJ8odI%252BYiPlprc1Pg%3D%3D"; VariantName = "[No Variations]"
Added Component: Designator=R2_Resistors46(RESC1608X55N)
Add component (AddParameter): Name = "Arrow Part Number"; Value = "RMCF0603FT1K00"; VariantName = "[No Variations]"
Add component (AddParameter): Name = "Arrow Price/Stock"; Value = "https://www.arrow.com/en/products/rmcf0603ft1k00/stackpole-electronics?utm_currency=USD&region=nac"; VariantName = "[No Variations]"
Add component (AddParameter): Name = "Datasheet Link"; Value = "https://www.seielect.com/Catalog/SEI-RMCF_RMCP.pdf"; VariantName = "[No Variations]"
Add component (AddParameter): Name = "Height"; Value = "0.55mm"; VariantName = "[No Variations]"
Add component (AddParameter): Name = "Manufacturer_Name"; Value = "Stackpole Electronics"; VariantName = "[No Variations]"
Add component (AddParameter): Name = "Manufacturer_Part_Number"; Value = "RMCF0603FT1K00"; VariantName = "[No Variations]"
Add component (AddParameter): Name = "Mouser Part Number"; Value = "708-RMCF0603FT1K00"; VariantName = "[No Variations]"
Add component (AddParameter): Name = "Mouser Price/Stock"; Value = "https://www.mouser.co.uk/ProductDetail/SEI-Stackpole/RMCF0603FT1K00?qs=FESYatJ8odI%252BYiPlprc1Pg%3D%3D"; VariantName = "[No Variations]"
Added Component: Designator=R2_Resistors47(RESC1608X55N)
Add component (AddParameter): Name = "Arrow Part Number"; Value = "RMCF0603FT1K00"; VariantName = "[No Variations]"
Add component (AddParameter): Name = "Arrow Price/Stock"; Value = "https://www.arrow.com/en/products/rmcf0603ft1k00/stackpole-electronics?utm_currency=USD&region=nac"; VariantName = "[No Variations]"
Add component (AddParameter): Name = "Datasheet Link"; Value = "https://www.seielect.com/Catalog/SEI-RMCF_RMCP.pdf"; VariantName = "[No Variations]"
Add component (AddParameter): Name = "Height"; Value = "0.55mm"; VariantName = "[No Variations]"
Add component (AddParameter): Name = "Manufacturer_Name"; Value = "Stackpole Electronics"; VariantName = "[No Variations]"
Add component (AddParameter): Name = "Manufacturer_Part_Number"; Value = "RMCF0603FT1K00"; VariantName = "[No Variations]"
Add component (AddParameter): Name = "Mouser Part Number"; Value = "708-RMCF0603FT1K00"; VariantName = "[No Variations]"
Add component (AddParameter): Name = "Mouser Price/Stock"; Value = "https://www.mouser.co.uk/ProductDetail/SEI-Stackpole/RMCF0603FT1K00?qs=FESYatJ8odI%252BYiPlprc1Pg%3D%3D"; VariantName = "[No Variations]"
Added Component: Designator=R2_Resistors48(RESC1608X55N)
Add component (AddParameter): Name = "Arrow Part Number"; Value = "RMCF0603FT1K00"; VariantName = "[No Variations]"
Add component (AddParameter): Name = "Arrow Price/Stock"; Value = "https://www.arrow.com/en/products/rmcf0603ft1k00/stackpole-electronics?utm_currency=USD&region=nac"; VariantName = "[No Variations]"
Add component (AddParameter): Name = "Datasheet Link"; Value = "https://www.seielect.com/Catalog/SEI-RMCF_RMCP.pdf"; VariantName = "[No Variations]"
Add component (AddParameter): Name = "Height"; Value = "0.55mm"; VariantName = "[No Variations]"
Add component (AddParameter): Name = "Manufacturer_Name"; Value = "Stackpole Electronics"; VariantName = "[No Variations]"
Add component (AddParameter): Name = "Manufacturer_Part_Number"; Value = "RMCF0603FT1K00"; VariantName = "[No Variations]"
Add component (AddParameter): Name = "Mouser Part Number"; Value = "708-RMCF0603FT1K00"; VariantName = "[No Variations]"
Add component (AddParameter): Name = "Mouser Price/Stock"; Value = "https://www.mouser.co.uk/ProductDetail/SEI-Stackpole/RMCF0603FT1K00?qs=FESYatJ8odI%252BYiPlprc1Pg%3D%3D"; VariantName = "[No Variations]"
Added Component: Designator=R2_Resistors49(RESC1608X55N)
Add component (AddParameter): Name = "Arrow Part Number"; Value = "RMCF0603FT1K00"; VariantName = "[No Variations]"
Add component (AddParameter): Name = "Arrow Price/Stock"; Value = "https://www.arrow.com/en/products/rmcf0603ft1k00/stackpole-electronics?utm_currency=USD&region=nac"; VariantName = "[No Variations]"
Add component (AddParameter): Name = "Datasheet Link"; Value = "https://www.seielect.com/Catalog/SEI-RMCF_RMCP.pdf"; VariantName = "[No Variations]"
Add component (AddParameter): Name = "Height"; Value = "0.55mm"; VariantName = "[No Variations]"
Add component (AddParameter): Name = "Manufacturer_Name"; Value = "Stackpole Electronics"; VariantName = "[No Variations]"
Add component (AddParameter): Name = "Manufacturer_Part_Number"; Value = "RMCF0603FT1K00"; VariantName = "[No Variations]"
Add component (AddParameter): Name = "Mouser Part Number"; Value = "708-RMCF0603FT1K00"; VariantName = "[No Variations]"
Add component (AddParameter): Name = "Mouser Price/Stock"; Value = "https://www.mouser.co.uk/ProductDetail/SEI-Stackpole/RMCF0603FT1K00?qs=FESYatJ8odI%252BYiPlprc1Pg%3D%3D"; VariantName = "[No Variations]"
Added Component: Designator=R2_Resistors50(RESC1608X55N)
Add component (AddParameter): Name = "Arrow Part Number"; Value = "RMCF0603FT1K00"; VariantName = "[No Variations]"
Add component (AddParameter): Name = "Arrow Price/Stock"; Value = "https://www.arrow.com/en/products/rmcf0603ft1k00/stackpole-electronics?utm_currency=USD&region=nac"; VariantName = "[No Variations]"
Add component (AddParameter): Name = "Datasheet Link"; Value = "https://www.seielect.com/Catalog/SEI-RMCF_RMCP.pdf"; VariantName = "[No Variations]"
Add component (AddParameter): Name = "Height"; Value = "0.55mm"; VariantName = "[No Variations]"
Add component (AddParameter): Name = "Manufacturer_Name"; Value = "Stackpole Electronics"; VariantName = "[No Variations]"
Add component (AddParameter): Name = "Manufacturer_Part_Number"; Value = "RMCF0603FT1K00"; VariantName = "[No Variations]"
Add component (AddParameter): Name = "Mouser Part Number"; Value = "708-RMCF0603FT1K00"; VariantName = "[No Variations]"
Add component (AddParameter): Name = "Mouser Price/Stock"; Value = "https://www.mouser.co.uk/ProductDetail/SEI-Stackpole/RMCF0603FT1K00?qs=FESYatJ8odI%252BYiPlprc1Pg%3D%3D"; VariantName = "[No Variations]"
Added Component: Designator=R2_Resistors51(RESC1608X55N)
Add component (AddParameter): Name = "Arrow Part Number"; Value = "RMCF0603FT1K00"; VariantName = "[No Variations]"
Add component (AddParameter): Name = "Arrow Price/Stock"; Value = "https://www.arrow.com/en/products/rmcf0603ft1k00/stackpole-electronics?utm_currency=USD&region=nac"; VariantName = "[No Variations]"
Add component (AddParameter): Name = "Datasheet Link"; Value = "https://www.seielect.com/Catalog/SEI-RMCF_RMCP.pdf"; VariantName = "[No Variations]"
Add component (AddParameter): Name = "Height"; Value = "0.55mm"; VariantName = "[No Variations]"
Add component (AddParameter): Name = "Manufacturer_Name"; Value = "Stackpole Electronics"; VariantName = "[No Variations]"
Add component (AddParameter): Name = "Manufacturer_Part_Number"; Value = "RMCF0603FT1K00"; VariantName = "[No Variations]"
Add component (AddParameter): Name = "Mouser Part Number"; Value = "708-RMCF0603FT1K00"; VariantName = "[No Variations]"
Add component (AddParameter): Name = "Mouser Price/Stock"; Value = "https://www.mouser.co.uk/ProductDetail/SEI-Stackpole/RMCF0603FT1K00?qs=FESYatJ8odI%252BYiPlprc1Pg%3D%3D"; VariantName = "[No Variations]"
Added Component: Designator=R2_Resistors52(RESC1608X55N)
Add component (AddParameter): Name = "Arrow Part Number"; Value = "RMCF0603FT1K00"; VariantName = "[No Variations]"
Add component (AddParameter): Name = "Arrow Price/Stock"; Value = "https://www.arrow.com/en/products/rmcf0603ft1k00/stackpole-electronics?utm_currency=USD&region=nac"; VariantName = "[No Variations]"
Add component (AddParameter): Name = "Datasheet Link"; Value = "https://www.seielect.com/Catalog/SEI-RMCF_RMCP.pdf"; VariantName = "[No Variations]"
Add component (AddParameter): Name = "Height"; Value = "0.55mm"; VariantName = "[No Variations]"
Add component (AddParameter): Name = "Manufacturer_Name"; Value = "Stackpole Electronics"; VariantName = "[No Variations]"
Add component (AddParameter): Name = "Manufacturer_Part_Number"; Value = "RMCF0603FT1K00"; VariantName = "[No Variations]"
Add component (AddParameter): Name = "Mouser Part Number"; Value = "708-RMCF0603FT1K00"; VariantName = "[No Variations]"
Add component (AddParameter): Name = "Mouser Price/Stock"; Value = "https://www.mouser.co.uk/ProductDetail/SEI-Stackpole/RMCF0603FT1K00?qs=FESYatJ8odI%252BYiPlprc1Pg%3D%3D"; VariantName = "[No Variations]"
Added Pin To Net: NetName=Decap_In1 Pin=R1_Resistors1-1
Added Pin To Net: NetName=Package1_Package1 Pin=R1_Resistors1-2
Added Pin To Net: NetName=Decap_In2 Pin=R1_Resistors2-1
Added Pin To Net: NetName=Package2_Package1 Pin=R1_Resistors2-2
Added Pin To Net: NetName=Decap_In3 Pin=R1_Resistors3-1
Added Pin To Net: NetName=Package3_Package1 Pin=R1_Resistors3-2
Added Pin To Net: NetName=Decap_In4 Pin=R1_Resistors4-1
Added Pin To Net: NetName=Package4_Package1 Pin=R1_Resistors4-2
Added Pin To Net: NetName=Decap_In5 Pin=R1_Resistors5-1
Added Pin To Net: NetName=Package5_Package1 Pin=R1_Resistors5-2
Added Pin To Net: NetName=Decap_In6 Pin=R1_Resistors6-1
Added Pin To Net: NetName=Package6_Package1 Pin=R1_Resistors6-2
Added Pin To Net: NetName=Decap_In7 Pin=R1_Resistors7-1
Added Pin To Net: NetName=Package7_Package1 Pin=R1_Resistors7-2
Added Pin To Net: NetName=Decap_In8 Pin=R1_Resistors8-1
Added Pin To Net: NetName=Package8_Package1 Pin=R1_Resistors8-2
Added Pin To Net: NetName=Decap_In9 Pin=R1_Resistors9-1
Added Pin To Net: NetName=Package9_Package1 Pin=R1_Resistors9-2
Added Pin To Net: NetName=Decap_In10 Pin=R1_Resistors10-1
Added Pin To Net: NetName=Package10_Package1 Pin=R1_Resistors10-2
Added Pin To Net: NetName=Decap_In11 Pin=R1_Resistors11-1
Added Pin To Net: NetName=Package11_Package1 Pin=R1_Resistors11-2
Added Pin To Net: NetName=Decap_In12 Pin=R1_Resistors12-1
Added Pin To Net: NetName=Package12_Package1 Pin=R1_Resistors12-2
Added Pin To Net: NetName=Decap_In13 Pin=R1_Resistors13-1
Added Pin To Net: NetName=Package13_Package1 Pin=R1_Resistors13-2
Added Pin To Net: NetName=Decap_In14 Pin=R1_Resistors14-1
Added Pin To Net: NetName=Package14_Package1 Pin=R1_Resistors14-2
Added Pin To Net: NetName=Decap_In15 Pin=R1_Resistors15-1
Added Pin To Net: NetName=Package15_Package1 Pin=R1_Resistors15-2
Added Pin To Net: NetName=Decap_In16 Pin=R1_Resistors16-1
Added Pin To Net: NetName=Package16_Package1 Pin=R1_Resistors16-2
Added Pin To Net: NetName=Decap_In17 Pin=R1_Resistors17-1
Added Pin To Net: NetName=Package17_Package1 Pin=R1_Resistors17-2
Added Pin To Net: NetName=Decap_In18 Pin=R1_Resistors18-1
Added Pin To Net: NetName=Package18_Package1 Pin=R1_Resistors18-2
Added Pin To Net: NetName=Decap_In19 Pin=R1_Resistors19-1
Added Pin To Net: NetName=Package19_Package1 Pin=R1_Resistors19-2
Added Pin To Net: NetName=Decap_In20 Pin=R1_Resistors20-1
Added Pin To Net: NetName=Package20_Package1 Pin=R1_Resistors20-2
Added Pin To Net: NetName=Decap_In21 Pin=R1_Resistors21-1
Added Pin To Net: NetName=Package21_Package1 Pin=R1_Resistors21-2
Added Pin To Net: NetName=Decap_In22 Pin=R1_Resistors22-1
Added Pin To Net: NetName=Package22_Package1 Pin=R1_Resistors22-2
Added Pin To Net: NetName=Decap_In23 Pin=R1_Resistors23-1
Added Pin To Net: NetName=Package23_Package1 Pin=R1_Resistors23-2
Added Pin To Net: NetName=Decap_In24 Pin=R1_Resistors24-1
Added Pin To Net: NetName=Package24_Package1 Pin=R1_Resistors24-2
Added Pin To Net: NetName=Decap_In25 Pin=R1_Resistors25-1
Added Pin To Net: NetName=Package25_Package1 Pin=R1_Resistors25-2
Added Pin To Net: NetName=Decap_In26 Pin=R1_Resistors26-1
Added Pin To Net: NetName=Package26_Package1 Pin=R1_Resistors26-2
Added Pin To Net: NetName=Decap_In1 Pin=R1_Resistors27-1
Added Pin To Net: NetName=Package1_Package2 Pin=R1_Resistors27-2
Added Pin To Net: NetName=Decap_In2 Pin=R1_Resistors28-1
Added Pin To Net: NetName=Package2_Package2 Pin=R1_Resistors28-2
Added Pin To Net: NetName=Decap_In3 Pin=R1_Resistors29-1
Added Pin To Net: NetName=Package3_Package2 Pin=R1_Resistors29-2
Added Pin To Net: NetName=Decap_In4 Pin=R1_Resistors30-1
Added Pin To Net: NetName=Package4_Package2 Pin=R1_Resistors30-2
Added Pin To Net: NetName=Decap_In5 Pin=R1_Resistors31-1
Added Pin To Net: NetName=Package5_Package2 Pin=R1_Resistors31-2
Added Pin To Net: NetName=Decap_In6 Pin=R1_Resistors32-1
Added Pin To Net: NetName=Package6_Package2 Pin=R1_Resistors32-2
Added Pin To Net: NetName=Decap_In7 Pin=R1_Resistors33-1
Added Pin To Net: NetName=Package7_Package2 Pin=R1_Resistors33-2
Added Pin To Net: NetName=Decap_In8 Pin=R1_Resistors34-1
Added Pin To Net: NetName=Package8_Package2 Pin=R1_Resistors34-2
Added Pin To Net: NetName=Decap_In9 Pin=R1_Resistors35-1
Added Pin To Net: NetName=Package9_Package2 Pin=R1_Resistors35-2
Added Pin To Net: NetName=Decap_In10 Pin=R1_Resistors36-1
Added Pin To Net: NetName=Package10_Package2 Pin=R1_Resistors36-2
Added Pin To Net: NetName=Decap_In11 Pin=R1_Resistors37-1
Added Pin To Net: NetName=Package11_Package2 Pin=R1_Resistors37-2
Added Pin To Net: NetName=Decap_In12 Pin=R1_Resistors38-1
Added Pin To Net: NetName=Package12_Package2 Pin=R1_Resistors38-2
Added Pin To Net: NetName=Decap_In13 Pin=R1_Resistors39-1
Added Pin To Net: NetName=Package13_Package2 Pin=R1_Resistors39-2
Added Pin To Net: NetName=Decap_In14 Pin=R1_Resistors40-1
Added Pin To Net: NetName=Package14_Package2 Pin=R1_Resistors40-2
Added Pin To Net: NetName=Decap_In15 Pin=R1_Resistors41-1
Added Pin To Net: NetName=Package15_Package2 Pin=R1_Resistors41-2
Added Pin To Net: NetName=Decap_In16 Pin=R1_Resistors42-1
Added Pin To Net: NetName=Package16_Package2 Pin=R1_Resistors42-2
Added Pin To Net: NetName=Decap_In17 Pin=R1_Resistors43-1
Added Pin To Net: NetName=Package17_Package2 Pin=R1_Resistors43-2
Added Pin To Net: NetName=Decap_In18 Pin=R1_Resistors44-1
Added Pin To Net: NetName=Package18_Package2 Pin=R1_Resistors44-2
Added Pin To Net: NetName=Decap_In19 Pin=R1_Resistors45-1
Added Pin To Net: NetName=Package19_Package2 Pin=R1_Resistors45-2
Added Pin To Net: NetName=Decap_In20 Pin=R1_Resistors46-1
Added Pin To Net: NetName=Package20_Package2 Pin=R1_Resistors46-2
Added Pin To Net: NetName=Decap_In21 Pin=R1_Resistors47-1
Added Pin To Net: NetName=Package21_Package2 Pin=R1_Resistors47-2
Added Pin To Net: NetName=Decap_In22 Pin=R1_Resistors48-1
Added Pin To Net: NetName=Package22_Package2 Pin=R1_Resistors48-2
Added Pin To Net: NetName=Decap_In23 Pin=R1_Resistors49-1
Added Pin To Net: NetName=Package23_Package2 Pin=R1_Resistors49-2
Added Pin To Net: NetName=Decap_In24 Pin=R1_Resistors50-1
Added Pin To Net: NetName=Package24_Package2 Pin=R1_Resistors50-2
Added Pin To Net: NetName=Decap_In25 Pin=R1_Resistors51-1
Added Pin To Net: NetName=Package25_Package2 Pin=R1_Resistors51-2
Added Pin To Net: NetName=Decap_In26 Pin=R1_Resistors52-1
Added Pin To Net: NetName=Package26_Package2 Pin=R1_Resistors52-2
Added Pin To Net: NetName=Package1_Package1 Pin=R2_Resistors1-1
Added Pin To Net: NetName=GND Pin=R2_Resistors1-2
Added Pin To Net: NetName=Package2_Package1 Pin=R2_Resistors2-1
Added Pin To Net: NetName=GND Pin=R2_Resistors2-2
Added Pin To Net: NetName=Package3_Package1 Pin=R2_Resistors3-1
Added Pin To Net: NetName=GND Pin=R2_Resistors3-2
Added Pin To Net: NetName=Package4_Package1 Pin=R2_Resistors4-1
Added Pin To Net: NetName=GND Pin=R2_Resistors4-2
Added Pin To Net: NetName=Package5_Package1 Pin=R2_Resistors5-1
Added Pin To Net: NetName=GND Pin=R2_Resistors5-2
Added Pin To Net: NetName=Package6_Package1 Pin=R2_Resistors6-1
Added Pin To Net: NetName=GND Pin=R2_Resistors6-2
Added Pin To Net: NetName=Package7_Package1 Pin=R2_Resistors7-1
Added Pin To Net: NetName=GND Pin=R2_Resistors7-2
Added Pin To Net: NetName=Package8_Package1 Pin=R2_Resistors8-1
Added Pin To Net: NetName=GND Pin=R2_Resistors8-2
Added Pin To Net: NetName=Package9_Package1 Pin=R2_Resistors9-1
Added Pin To Net: NetName=GND Pin=R2_Resistors9-2
Added Pin To Net: NetName=Package10_Package1 Pin=R2_Resistors10-1
Added Pin To Net: NetName=GND Pin=R2_Resistors10-2
Added Pin To Net: NetName=Package11_Package1 Pin=R2_Resistors11-1
Added Pin To Net: NetName=GND Pin=R2_Resistors11-2
Added Pin To Net: NetName=Package12_Package1 Pin=R2_Resistors12-1
Added Pin To Net: NetName=GND Pin=R2_Resistors12-2
Added Pin To Net: NetName=Package13_Package1 Pin=R2_Resistors13-1
Added Pin To Net: NetName=GND Pin=R2_Resistors13-2
Added Pin To Net: NetName=Package14_Package1 Pin=R2_Resistors14-1
Added Pin To Net: NetName=GND Pin=R2_Resistors14-2
Added Pin To Net: NetName=Package15_Package1 Pin=R2_Resistors15-1
Added Pin To Net: NetName=GND Pin=R2_Resistors15-2
Added Pin To Net: NetName=Package16_Package1 Pin=R2_Resistors16-1
Added Pin To Net: NetName=GND Pin=R2_Resistors16-2
Added Pin To Net: NetName=Package17_Package1 Pin=R2_Resistors17-1
Added Pin To Net: NetName=GND Pin=R2_Resistors17-2
Added Pin To Net: NetName=Package18_Package1 Pin=R2_Resistors18-1
Added Pin To Net: NetName=GND Pin=R2_Resistors18-2
Added Pin To Net: NetName=Package19_Package1 Pin=R2_Resistors19-1
Added Pin To Net: NetName=GND Pin=R2_Resistors19-2
Added Pin To Net: NetName=Package20_Package1 Pin=R2_Resistors20-1
Added Pin To Net: NetName=GND Pin=R2_Resistors20-2
Added Pin To Net: NetName=Package21_Package1 Pin=R2_Resistors21-1
Added Pin To Net: NetName=GND Pin=R2_Resistors21-2
Added Pin To Net: NetName=Package22_Package1 Pin=R2_Resistors22-1
Added Pin To Net: NetName=GND Pin=R2_Resistors22-2
Added Pin To Net: NetName=Package23_Package1 Pin=R2_Resistors23-1
Added Pin To Net: NetName=GND Pin=R2_Resistors23-2
Added Pin To Net: NetName=Package24_Package1 Pin=R2_Resistors24-1
Added Pin To Net: NetName=GND Pin=R2_Resistors24-2
Added Pin To Net: NetName=Package25_Package1 Pin=R2_Resistors25-1
Added Pin To Net: NetName=GND Pin=R2_Resistors25-2
Added Pin To Net: NetName=Package26_Package1 Pin=R2_Resistors26-1
Added Pin To Net: NetName=GND Pin=R2_Resistors26-2
Added Pin To Net: NetName=Package1_Package2 Pin=R2_Resistors27-1
Added Pin To Net: NetName=GND Pin=R2_Resistors27-2
Added Pin To Net: NetName=Package2_Package2 Pin=R2_Resistors28-1
Added Pin To Net: NetName=GND Pin=R2_Resistors28-2
Added Pin To Net: NetName=Package3_Package2 Pin=R2_Resistors29-1
Added Pin To Net: NetName=GND Pin=R2_Resistors29-2
Added Pin To Net: NetName=Package4_Package2 Pin=R2_Resistors30-1
Added Pin To Net: NetName=GND Pin=R2_Resistors30-2
Added Pin To Net: NetName=Package5_Package2 Pin=R2_Resistors31-1
Added Pin To Net: NetName=GND Pin=R2_Resistors31-2
Added Pin To Net: NetName=Package6_Package2 Pin=R2_Resistors32-1
Added Pin To Net: NetName=GND Pin=R2_Resistors32-2
Added Pin To Net: NetName=Package7_Package2 Pin=R2_Resistors33-1
Added Pin To Net: NetName=GND Pin=R2_Resistors33-2
Added Pin To Net: NetName=Package8_Package2 Pin=R2_Resistors34-1
Added Pin To Net: NetName=GND Pin=R2_Resistors34-2
Added Pin To Net: NetName=Package9_Package2 Pin=R2_Resistors35-1
Added Pin To Net: NetName=GND Pin=R2_Resistors35-2
Added Pin To Net: NetName=Package10_Package2 Pin=R2_Resistors36-1
Added Pin To Net: NetName=GND Pin=R2_Resistors36-2
Added Pin To Net: NetName=Package11_Package2 Pin=R2_Resistors37-1
Added Pin To Net: NetName=GND Pin=R2_Resistors37-2
Added Pin To Net: NetName=Package12_Package2 Pin=R2_Resistors38-1
Added Pin To Net: NetName=GND Pin=R2_Resistors38-2
Added Pin To Net: NetName=Package13_Package2 Pin=R2_Resistors39-1
Added Pin To Net: NetName=GND Pin=R2_Resistors39-2
Added Pin To Net: NetName=Package14_Package2 Pin=R2_Resistors40-1
Added Pin To Net: NetName=GND Pin=R2_Resistors40-2
Added Pin To Net: NetName=Package15_Package2 Pin=R2_Resistors41-1
Added Pin To Net: NetName=GND Pin=R2_Resistors41-2
Added Pin To Net: NetName=Package16_Package2 Pin=R2_Resistors42-1
Added Pin To Net: NetName=GND Pin=R2_Resistors42-2
Added Pin To Net: NetName=Package17_Package2 Pin=R2_Resistors43-1
Added Pin To Net: NetName=GND Pin=R2_Resistors43-2
Added Pin To Net: NetName=Package18_Package2 Pin=R2_Resistors44-1
Added Pin To Net: NetName=GND Pin=R2_Resistors44-2
Added Pin To Net: NetName=Package19_Package2 Pin=R2_Resistors45-1
Added Pin To Net: NetName=GND Pin=R2_Resistors45-2
Added Pin To Net: NetName=Package20_Package2 Pin=R2_Resistors46-1
Added Pin To Net: NetName=GND Pin=R2_Resistors46-2
Added Pin To Net: NetName=Package21_Package2 Pin=R2_Resistors47-1
Added Pin To Net: NetName=GND Pin=R2_Resistors47-2
Added Pin To Net: NetName=Package22_Package2 Pin=R2_Resistors48-1
Added Pin To Net: NetName=GND Pin=R2_Resistors48-2
Added Pin To Net: NetName=Package23_Package2 Pin=R2_Resistors49-1
Added Pin To Net: NetName=GND Pin=R2_Resistors49-2
Added Pin To Net: NetName=Package24_Package2 Pin=R2_Resistors50-1
Added Pin To Net: NetName=GND Pin=R2_Resistors50-2
Added Pin To Net: NetName=Package25_Package2 Pin=R2_Resistors51-1
Added Pin To Net: NetName=GND Pin=R2_Resistors51-2
Added Pin To Net: NetName=Package26_Package2 Pin=R2_Resistors52-1
Added Pin To Net: NetName=GND Pin=R2_Resistors52-2
Added Member To Class: ClassName=Resistors1 Member=Component R1_Resistors1 (R1) 1k
Added Member To Class: ClassName=Resistors2 Member=Component R1_Resistors2 (R1) 1k
Added Member To Class: ClassName=Resistors3 Member=Component R1_Resistors3 (R1) 1k
Added Member To Class: ClassName=Resistors4 Member=Component R1_Resistors4 (R1) 1k
Added Member To Class: ClassName=Resistors5 Member=Component R1_Resistors5 (R1) 1k
Added Member To Class: ClassName=Resistors6 Member=Component R1_Resistors6 (R1) 1k
Added Member To Class: ClassName=Resistors7 Member=Component R1_Resistors7 (R1) 1k
Added Member To Class: ClassName=Resistors8 Member=Component R1_Resistors8 (R1) 1k
Added Member To Class: ClassName=Resistors9 Member=Component R1_Resistors9 (R1) 1k
Added Member To Class: ClassName=Resistors10 Member=Component R1_Resistors10 (R1) 1k
Added Member To Class: ClassName=Resistors11 Member=Component R1_Resistors11 (R1) 1k
Added Member To Class: ClassName=Resistors12 Member=Component R1_Resistors12 (R1) 1k
Added Member To Class: ClassName=Resistors13 Member=Component R1_Resistors13 (R1) 1k
Added Member To Class: ClassName=Resistors14 Member=Component R1_Resistors14 (R1) 1k
Added Member To Class: ClassName=Resistors15 Member=Component R1_Resistors15 (R1) 1k
Added Member To Class: ClassName=Resistors16 Member=Component R1_Resistors16 (R1) 1k
Added Member To Class: ClassName=Resistors17 Member=Component R1_Resistors17 (R1) 1k
Added Member To Class: ClassName=Resistors18 Member=Component R1_Resistors18 (R1) 1k
Added Member To Class: ClassName=Resistors19 Member=Component R1_Resistors19 (R1) 1k
Added Member To Class: ClassName=Resistors20 Member=Component R1_Resistors20 (R1) 1k
Added Member To Class: ClassName=Resistors21 Member=Component R1_Resistors21 (R1) 1k
Added Member To Class: ClassName=Resistors22 Member=Component R1_Resistors22 (R1) 1k
Added Member To Class: ClassName=Resistors23 Member=Component R1_Resistors23 (R1) 1k
Added Member To Class: ClassName=Resistors24 Member=Component R1_Resistors24 (R1) 1k
Added Member To Class: ClassName=Resistors25 Member=Component R1_Resistors25 (R1) 1k
Added Member To Class: ClassName=Resistors26 Member=Component R1_Resistors26 (R1) 1k
Added Member To Class: ClassName=Resistors27 Member=Component R1_Resistors27 (R1) 1k
Added Member To Class: ClassName=Resistors28 Member=Component R1_Resistors28 (R1) 1k
Added Member To Class: ClassName=Resistors29 Member=Component R1_Resistors29 (R1) 1k
Added Member To Class: ClassName=Resistors30 Member=Component R1_Resistors30 (R1) 1k
Added Member To Class: ClassName=Resistors31 Member=Component R1_Resistors31 (R1) 1k
Added Member To Class: ClassName=Resistors32 Member=Component R1_Resistors32 (R1) 1k
Added Member To Class: ClassName=Resistors33 Member=Component R1_Resistors33 (R1) 1k
Added Member To Class: ClassName=Resistors34 Member=Component R1_Resistors34 (R1) 1k
Added Member To Class: ClassName=Resistors35 Member=Component R1_Resistors35 (R1) 1k
Added Member To Class: ClassName=Resistors36 Member=Component R1_Resistors36 (R1) 1k
Added Member To Class: ClassName=Resistors37 Member=Component R1_Resistors37 (R1) 1k
Added Member To Class: ClassName=Resistors38 Member=Component R1_Resistors38 (R1) 1k
Added Member To Class: ClassName=Resistors39 Member=Component R1_Resistors39 (R1) 1k
Added Member To Class: ClassName=Resistors40 Member=Component R1_Resistors40 (R1) 1k
Added Member To Class: ClassName=Resistors41 Member=Component R1_Resistors41 (R1) 1k
Added Member To Class: ClassName=Resistors42 Member=Component R1_Resistors42 (R1) 1k
Added Member To Class: ClassName=Resistors43 Member=Component R1_Resistors43 (R1) 1k
Added Member To Class: ClassName=Resistors44 Member=Component R1_Resistors44 (R1) 1k
Added Member To Class: ClassName=Resistors45 Member=Component R1_Resistors45 (R1) 1k
Added Member To Class: ClassName=Resistors46 Member=Component R1_Resistors46 (R1) 1k
Added Member To Class: ClassName=Resistors47 Member=Component R1_Resistors47 (R1) 1k
Added Member To Class: ClassName=Resistors48 Member=Component R1_Resistors48 (R1) 1k
Added Member To Class: ClassName=Resistors49 Member=Component R1_Resistors49 (R1) 1k
Added Member To Class: ClassName=Resistors50 Member=Component R1_Resistors50 (R1) 1k
Added Member To Class: ClassName=Resistors51 Member=Component R1_Resistors51 (R1) 1k
Added Member To Class: ClassName=Resistors52 Member=Component R1_Resistors52 (R1) 1k
Added Member To Class: ClassName=Resistors1 Member=Component R2_Resistors1 (R2) 1k
Added Member To Class: ClassName=Resistors2 Member=Component R2_Resistors2 (R2) 1k
Added Member To Class: ClassName=Resistors3 Member=Component R2_Resistors3 (R2) 1k
Added Member To Class: ClassName=Resistors4 Member=Component R2_Resistors4 (R2) 1k
Added Member To Class: ClassName=Resistors5 Member=Component R2_Resistors5 (R2) 1k
Added Member To Class: ClassName=Resistors6 Member=Component R2_Resistors6 (R2) 1k
Added Member To Class: ClassName=Resistors7 Member=Component R2_Resistors7 (R2) 1k
Added Member To Class: ClassName=Resistors8 Member=Component R2_Resistors8 (R2) 1k
Added Member To Class: ClassName=Resistors9 Member=Component R2_Resistors9 (R2) 1k
Added Member To Class: ClassName=Resistors10 Member=Component R2_Resistors10 (R2) 1k
Added Member To Class: ClassName=Resistors11 Member=Component R2_Resistors11 (R2) 1k
Added Member To Class: ClassName=Resistors12 Member=Component R2_Resistors12 (R2) 1k
Added Member To Class: ClassName=Resistors13 Member=Component R2_Resistors13 (R2) 1k
Added Member To Class: ClassName=Resistors14 Member=Component R2_Resistors14 (R2) 1k
Added Member To Class: ClassName=Resistors15 Member=Component R2_Resistors15 (R2) 1k
Added Member To Class: ClassName=Resistors16 Member=Component R2_Resistors16 (R2) 1k
Added Member To Class: ClassName=Resistors17 Member=Component R2_Resistors17 (R2) 1k
Added Member To Class: ClassName=Resistors18 Member=Component R2_Resistors18 (R2) 1k
Added Member To Class: ClassName=Resistors19 Member=Component R2_Resistors19 (R2) 1k
Added Member To Class: ClassName=Resistors20 Member=Component R2_Resistors20 (R2) 1k
Added Member To Class: ClassName=Resistors21 Member=Component R2_Resistors21 (R2) 1k
Added Member To Class: ClassName=Resistors22 Member=Component R2_Resistors22 (R2) 1k
Added Member To Class: ClassName=Resistors23 Member=Component R2_Resistors23 (R2) 1k
Added Member To Class: ClassName=Resistors24 Member=Component R2_Resistors24 (R2) 1k
Added Member To Class: ClassName=Resistors25 Member=Component R2_Resistors25 (R2) 1k
Added Member To Class: ClassName=Resistors26 Member=Component R2_Resistors26 (R2) 1k
Added Member To Class: ClassName=Resistors27 Member=Component R2_Resistors27 (R2) 1k
Added Member To Class: ClassName=Resistors28 Member=Component R2_Resistors28 (R2) 1k
Added Member To Class: ClassName=Resistors29 Member=Component R2_Resistors29 (R2) 1k
Added Member To Class: ClassName=Resistors30 Member=Component R2_Resistors30 (R2) 1k
Added Member To Class: ClassName=Resistors31 Member=Component R2_Resistors31 (R2) 1k
Added Member To Class: ClassName=Resistors32 Member=Component R2_Resistors32 (R2) 1k
Added Member To Class: ClassName=Resistors33 Member=Component R2_Resistors33 (R2) 1k
Added Member To Class: ClassName=Resistors34 Member=Component R2_Resistors34 (R2) 1k
Added Member To Class: ClassName=Resistors35 Member=Component R2_Resistors35 (R2) 1k
Added Member To Class: ClassName=Resistors36 Member=Component R2_Resistors36 (R2) 1k
Added Member To Class: ClassName=Resistors37 Member=Component R2_Resistors37 (R2) 1k
Added Member To Class: ClassName=Resistors38 Member=Component R2_Resistors38 (R2) 1k
Added Member To Class: ClassName=Resistors39 Member=Component R2_Resistors39 (R2) 1k
Added Member To Class: ClassName=Resistors40 Member=Component R2_Resistors40 (R2) 1k
Added Member To Class: ClassName=Resistors41 Member=Component R2_Resistors41 (R2) 1k
Added Member To Class: ClassName=Resistors42 Member=Component R2_Resistors42 (R2) 1k
Added Member To Class: ClassName=Resistors43 Member=Component R2_Resistors43 (R2) 1k
Added Member To Class: ClassName=Resistors44 Member=Component R2_Resistors44 (R2) 1k
Added Member To Class: ClassName=Resistors45 Member=Component R2_Resistors45 (R2) 1k
Added Member To Class: ClassName=Resistors46 Member=Component R2_Resistors46 (R2) 1k
Added Member To Class: ClassName=Resistors47 Member=Component R2_Resistors47 (R2) 1k
Added Member To Class: ClassName=Resistors48 Member=Component R2_Resistors48 (R2) 1k
Added Member To Class: ClassName=Resistors49 Member=Component R2_Resistors49 (R2) 1k
Added Member To Class: ClassName=Resistors50 Member=Component R2_Resistors50 (R2) 1k
Added Member To Class: ClassName=Resistors51 Member=Component R2_Resistors51 (R2) 1k
Added Member To Class: ClassName=Resistors52 Member=Component R2_Resistors52 (R2) 1k
Added Member To Class: ClassName=Resistors Member=Resistors9 (Resistors.SchDoc)
Added Member To Class: ClassName=Resistors Member=Resistors14 (Resistors.SchDoc)
Added Member To Class: ClassName=Resistors Member=Resistors15 (Resistors.SchDoc)
Added Member To Class: ClassName=Resistors Member=Resistors16 (Resistors.SchDoc)
Added Member To Class: ClassName=Resistors Member=Resistors17 (Resistors.SchDoc)
Added Member To Class: ClassName=Resistors Member=Resistors20 (Resistors.SchDoc)
Added Member To Class: ClassName=Resistors Member=Resistors22 (Resistors.SchDoc)
Added Member To Class: ClassName=Resistors Member=Resistors23 (Resistors.SchDoc)
Added Member To Class: ClassName=Resistors Member=Resistors25 (Resistors.SchDoc)
Added Member To Class: ClassName=Resistors Member=Resistors26 (Resistors.SchDoc)
Change Room Name: Old Name=Package 1 New Name=Package1
Change Room Name: Old Name=Package 2 New Name=Package2
Added Room: Name=Resistors1
Added Room: Name=Resistors2
Added Room: Name=Resistors3
Added Room: Name=Resistors4
Added Room: Name=Resistors5
Added Room: Name=Resistors6
Added Room: Name=Resistors7
Added Room: Name=Resistors8
Added Room: Name=Resistors9
Added Room: Name=Resistors10
Added Room: Name=Resistors11
Added Room: Name=Resistors12
Added Room: Name=Resistors13
Added Room: Name=Resistors14
Added Room: Name=Resistors15
Added Room: Name=Resistors16
Added Room: Name=Resistors17
Added Room: Name=Resistors18
Added Room: Name=Resistors19
Added Room: Name=Resistors20
Added Room: Name=Resistors21
Added Room: Name=Resistors22
Added Room: Name=Resistors23
Added Room: Name=Resistors24
Added Room: Name=Resistors25
Added Room: Name=Resistors26
Added Room: Name=Resistors27
Added Room: Name=Resistors28
Added Room: Name=Resistors29
Added Room: Name=Resistors30
Added Room: Name=Resistors31
Added Room: Name=Resistors32
Added Room: Name=Resistors33
Added Room: Name=Resistors34
Added Room: Name=Resistors35
Added Room: Name=Resistors36
Added Room: Name=Resistors37
Added Room: Name=Resistors38
Added Room: Name=Resistors39
Added Room: Name=Resistors40
Added Room: Name=Resistors41
Added Room: Name=Resistors42
Added Room: Name=Resistors43
Added Room: Name=Resistors44
Added Room: Name=Resistors45
Added Room: Name=Resistors46
Added Room: Name=Resistors47
Added Room: Name=Resistors48
Added Room: Name=Resistors49
Added Room: Name=Resistors50
Added Room: Name=Resistors51
Added Room: Name=Resistors52
