ISO-10303-21;
HEADER;
FILE_DESCRIPTION (( 'STEP AP203' ),
    '1' );
FILE_NAME ('90592A009_Steel Hex Nut.STEP',
    '2023-02-06T17:33:00',
    ( 'Administrator' ),
    ( 'Managed by Terraform' ),
    'SwSTEP 2.0',
    'SolidWorks 2017',
    '' );
FILE_SCHEMA (( 'CONFIG_CONTROL_DESIGN' ));
ENDSEC;

DATA;
#1 = CARTESIAN_POINT ( 'NONE',  ( -2.681249999999365800, 1.627406071278624700, 0.9768614993006541300 ) ) ;
#2 = CARTESIAN_POINT ( 'NONE',  ( 0.3754708205888683300, -1.113647984611304500, 0.8252404735808327500 ) ) ;
#3 = AXIS2_PLACEMENT_3D ( 'NONE', #1819, #534, #1838 ) ;
#4 = CARTESIAN_POINT ( 'NONE',  ( 0.6785254037844366000, 1.175240473580832400, -0.9916666666666669200 ) ) ;
#5 = CARTESIAN_POINT ( 'NONE',  ( -2.750000000000000000, 1.502314598737159600E-015, -1.200000000000000000 ) ) ;
#6 = CARTESIAN_POINT ( 'NONE',  ( -1.017788105676655800, 0.5876202367904153100, -0.3041666666666654200 ) ) ;
#7 = CARTESIAN_POINT ( 'NONE',  ( 1.357050807568873400, 8.309539638847759200E-017, -0.07500000000000040000 ) ) ;
#8 = DIRECTION ( 'NONE',  ( 0.0000000000000000000, 0.0000000000000000000, -1.000000000000000000 ) ) ;
#9 = ORIENTED_EDGE ( 'NONE', *, *, #1018, .F. ) ;
#10 = CARTESIAN_POINT ( 'NONE',  ( 2.742675273082615800, -1.554627620251195700, 0.9675527327946638100 ) ) ;
#11 = CARTESIAN_POINT ( 'NONE',  ( 2.749999999999997800, -1.508327578257905100, 0.9768614993004528500 ) ) ;
#12 = EDGE_CURVE ( 'NONE', #16, #930, #1586, .T. ) ;
#13 = CARTESIAN_POINT ( 'NONE',  ( 1.439254484199185900E-016, -1.175240473580832200, 0.8624999999999996000 ) ) ;
#14 = CARTESIAN_POINT ( 'NONE',  ( -0.06874999999279296500, -3.135733649540315000, -0.9768614992981571300 ) ) ;
#15 = LINE ( 'NONE', #515, #1099 ) ;
#16 = VERTEX_POINT ( 'NONE', #551 ) ;
#17 = CARTESIAN_POINT ( 'NONE',  ( 1.227813682861849600, -0.2501714997503960400, 0.8778136828618529100 ) ) ;
#18 = CONICAL_SURFACE ( 'NONE', #829, 2.750000000000000000, 1.047197551196600100 ) ;
#19 = DIRECTION ( 'NONE',  ( 1.000000000000000000, 1.776356839400250500E-015, 0.0000000000000000000 ) ) ;
#20 = DATE_AND_TIME ( #499, #1890 ) ;
#21 = B_SPLINE_CURVE_WITH_KNOTS ( 'NONE', 3,
 ( #311, #1597, #880, #1792, #1617, #2184, #504, #1067, #2013, #869, #2192, #1451, #1043 ),
 .UNSPECIFIED., .F., .F.,
 ( 4, 3, 3, 3, 4 ),
 ( 3.768284988948318900E-018, 4.198837217621300300E-005, 8.410849014050938500E-005, 0.0001247285044134564000, 0.0001450865298740215900 ),
 .UNSPECIFIED. ) ;
#22 = CARTESIAN_POINT ( 'NONE',  ( 1.017788105676655100, 0.5876202367904161900, -0.9708333333333336600 ) ) ;
#23 = CARTESIAN_POINT ( 'NONE',  ( 1.185063140282067300, 0.4263699917750560800, 0.9064227509964498700 ) ) ;
#24 = ORIENTED_EDGE ( 'NONE', *, *, #735, .F. ) ;
#25 = ORIENTED_EDGE ( 'NONE', *, *, #1138, .F. ) ;
#26 = VERTEX_POINT ( 'NONE', #1036 ) ;
#27 = CARTESIAN_POINT ( 'NONE',  ( -1.732050807568877400, -3.181725716174720500E-016, -1.075000000000000000 ) ) ;
#28 = CARTESIAN_POINT ( 'NONE',  ( 1.299038105676657600, -0.7499999999999993300, 0.1958333333333321400 ) ) ;
#29 = EDGE_CURVE ( 'NONE', #296, #1851, #1122, .T. ) ;
#30 = CARTESIAN_POINT ( 'NONE',  ( 1.499992716323883500, -0.4019364043437825800, -0.2848298002413224800 ) ) ;
#31 = CARTESIAN_POINT ( 'NONE',  ( -1.375000000000000200, -2.381569860407206200, 1.200000000000000000 ) ) ;
#32 = VERTEX_POINT ( 'NONE', #1823 ) ;
#33 = CARTESIAN_POINT ( 'NONE',  ( -1.017788105676654900, -0.5876202367904166400, -0.7208333333333336600 ) ) ;
#34 = CARTESIAN_POINT ( 'NONE',  ( -2.681249999999365800, 1.627406071278624700, 0.9768614993006541300 ) ) ;
#35 = CARTESIAN_POINT ( 'NONE',  ( -1.732050807568877400, -3.181725716174720500E-016, -0.07499999999999998300 ) ) ;
#36 = CARTESIAN_POINT ( 'NONE',  ( 1.299038105676657300, 0.7499999999999998900, -0.2208333333333346000 ) ) ;
#37 = CARTESIAN_POINT ( 'NONE',  ( -1.499999999999999300, -0.4019237886466844900, -0.4901709006307410400 ) ) ;
#38 = CARTESIAN_POINT ( 'NONE',  ( 2.749999999999999600, 1.264061524102090700, 1.044681007947410900 ) ) ;
#39 = ORIENTED_EDGE ( 'NONE', *, *, #49, .T. ) ;
#40 = PERSON ( 'UNSPECIFIED', 'UNSPECIFIED', 'UNSPECIFIED', ('UNSPECIFIED'), ('UNSPECIFIED'), ('UNSPECIFIED') ) ;
#41 = CARTESIAN_POINT ( 'NONE',  ( -1.500000000000000400, 0.4019237886466833800, 0.4026709006307398500 ) ) ;
#42 = CARTESIAN_POINT ( 'NONE',  ( -1.017788105676655600, 0.5876202367904153100, -0.3041666666666669700 ) ) ;
#43 = CARTESIAN_POINT ( 'NONE',  ( -2.748545569924569300, 1.528273828629814100, 0.9720293796442237600 ) ) ;
#44 = ADVANCED_FACE ( 'NONE', ( #465 ), #1656, .F. ) ;
#45 = ORIENTED_EDGE ( 'NONE', *, *, #2330, .F. ) ;
#46 = CARTESIAN_POINT ( 'NONE',  ( 1.732050807568877400, 1.060575238724907000E-016, -1.325000000000000000 ) ) ;
#47 = CARTESIAN_POINT ( 'NONE',  ( 0.8660254037844387100, -1.499999999999998900, 1.654166666666665500 ) ) ;
#48 = CARTESIAN_POINT ( 'NONE',  ( 2.749999999999997800, -1.502314598737158000E-015, 1.200000000000000000 ) ) ;
#49 = EDGE_CURVE ( 'NONE', #920, #1865, #815, .T. ) ;
#50 = CARTESIAN_POINT ( 'NONE',  ( -1.499999999999999600, 0.4019237886466830400, -0.03482909936926142900 ) ) ;
#51 = CARTESIAN_POINT ( 'NONE',  ( 1.017788105676655300, -0.5876202367904158600, -1.054166666666666900 ) ) ;
#52 = CARTESIAN_POINT ( 'NONE',  ( -0.6785254037844372600, 1.175240473580831900, 0.5916666666666661200 ) ) ;
#53 = LINE ( 'NONE', #623, #2020 ) ;
#54 = CARTESIAN_POINT ( 'NONE',  ( -0.8660254037844396000, 1.500000000000000000, -0.1583333333333332700 ) ) ;
#55 = ORIENTED_EDGE ( 'NONE', *, *, #1860, .F. ) ;
#56 = CARTESIAN_POINT ( 'NONE',  ( 1.426604668687406800, 0.4634642589016898500, 1.763248014383425700 ) ) ;
#57 = ADVANCED_FACE ( 'NONE', ( #837 ), #1684, .T. ) ;
#58 = CARTESIAN_POINT ( 'NONE',  ( -2.750000000000000000, 1.502314598737159600E-015, 1.200000000000000000 ) ) ;
#59 = CARTESIAN_POINT ( 'NONE',  ( -1.299038105676657800, -0.7500000000000007800, 0.4666666666666666700 ) ) ;
#60 = CARTESIAN_POINT ( 'NONE',  ( 0.6785254037844366000, 1.175240473580832400, 1.570833333333332900 ) ) ;
#61 = CARTESIAN_POINT ( 'NONE',  ( -0.4210610073144912000, -1.335014767654280700, -1.038127602379955300 ) ) ;
#62 = CARTESIAN_POINT ( 'NONE',  ( -0.8660254037844396000, 1.500000000000000000, -1.658333333333333200 ) ) ;
#63 = CARTESIAN_POINT ( 'NONE',  ( -3.673940397442058400E-016, 1.499999999999999300, -0.1375000000000011200 ) ) ;
#64 = EDGE_CURVE ( 'NONE', #1791, #406, #2088, .T. ) ;
#65 = DIRECTION ( 'NONE',  ( -0.0000000000000000000, -0.0000000000000000000, -1.000000000000000000 ) ) ;
#66 = CARTESIAN_POINT ( 'NONE',  ( -0.6785254037844362700, -1.175240473580832400, 1.820833333333333300 ) ) ;
#67 = CARTESIAN_POINT ( 'NONE',  ( 1.293958256229941700, -1.743066579297358400E-015, -0.9439582562299421200 ) ) ;
#68 = APPROVAL ( #1482, 'UNSPECIFIED' ) ;
#69 = CARTESIAN_POINT ( 'NONE',  ( -1.299038105676657800, -0.7500000000000007800, -0.5333333333333332100 ) ) ;
#70 = CARTESIAN_POINT ( 'NONE',  ( 0.9303285566665822100, -2.638301037916691800, -1.200000000000002200 ) ) ;
#71 = CARTESIAN_POINT ( 'NONE',  ( 1.732050807568877400, 1.060575238724907000E-016, 1.174999999999999800 ) ) ;
#72 = VERTEX_POINT ( 'NONE', #1810 ) ;
#73 = CARTESIAN_POINT ( 'NONE',  ( 0.0000000000000000000, 0.0000000000000000000, -1.200000000000000000 ) ) ;
#74 = ORIENTED_EDGE ( 'NONE', *, *, #1182, .T. ) ;
#75 = CARTESIAN_POINT ( 'NONE',  ( -0.6785254037844372600, 1.175240473580831900, -0.9083333333333336600 ) ) ;
#76 = CARTESIAN_POINT ( 'NONE',  ( 2.681250000000214400, 1.627406071278133300, -0.9768614993003823500 ) ) ;
#77 = CARTESIAN_POINT ( 'NONE',  ( -0.8837783235571438100, 1.221918351773290300, -1.087436006158609900 ) ) ;
#78 = EDGE_CURVE ( 'NONE', #701, #1893, #703, .T. ) ;
#79 = LINE ( 'NONE', #2248, #2234 ) ;
#80 = CARTESIAN_POINT ( 'NONE',  ( 0.8660254037844392600, -1.500000000000000000, 1.591666666666666600 ) ) ;
#81 = CARTESIAN_POINT ( 'NONE',  ( 0.05707080378093667300, 3.142476636617149900, 0.9731171716519635400 ) ) ;
#82 = CARTESIAN_POINT ( 'NONE',  ( -0.03042919851433035700, 3.150745849249389600, -0.9685444426531311100 ) ) ;
#83 = CONICAL_SURFACE ( 'NONE', #1708, 2.750000000000000000, 1.047197551196600100 ) ;
#84 = FACE_OUTER_BOUND ( 'NONE', #908, .T. ) ;
#85 = CARTESIAN_POINT ( 'NONE',  ( -1.817813193415203500, 2.125911543988221000, -1.178847267350319200 ) ) ;
#86 = CARTESIAN_POINT ( 'NONE',  ( -1.017788105676655600, 0.5876202367904153100, 1.695833333333333100 ) ) ;
#87 = CARTESIAN_POINT ( 'NONE',  ( -0.7500484322542795300, -1.187555736802415700, -1.051731147473618800 ) ) ;
#88 = APPROVAL_PERSON_ORGANIZATION ( #1305, #2286, #546 ) ;
#89 = CARTESIAN_POINT ( 'NONE',  ( 1.836970198721030200E-016, -1.500000000000000200, 0.05000000000000012800 ) ) ;
#90 = CARTESIAN_POINT ( 'NONE',  ( 0.0000000000000000000, 0.0000000000000000000, -1.200000000000000000 ) ) ;
#91 = CARTESIAN_POINT ( 'NONE',  ( 0.6785254037844366000, 1.175240473580832400, -1.429166666666666900 ) ) ;
#92 = CARTESIAN_POINT ( 'NONE',  ( -0.9303285566666555900, 2.638301037916651800, 1.200000000000001500 ) ) ;
#93 = ORIENTED_EDGE ( 'NONE', *, *, #1940, .T. ) ;
#94 = ORIENTED_EDGE ( 'NONE', *, *, #1646, .T. ) ;
#95 = CARTESIAN_POINT ( 'NONE',  ( -2.878508968398371900E-016, 1.175240473580832200, -1.950000000000000400 ) ) ;
#96 = CARTESIAN_POINT ( 'NONE',  ( 1.138181027646629800, -0.6956407091968611600, -0.9717955040366583800 ) ) ;
#97 = ORIENTED_EDGE ( 'NONE', *, *, #1322, .F. ) ;
#98 = CARTESIAN_POINT ( 'NONE',  ( 1.836970198721030200E-016, -1.500000000000000200, -0.4499999999999999000 ) ) ;
#99 = CARTESIAN_POINT ( 'NONE',  ( 1.017788105676655300, -0.5876202367904158600, 1.883333333333332900 ) ) ;
#100 = CARTESIAN_POINT ( 'NONE',  ( -0.8660254037844381500, -1.500000000000000700, 1.508333333333333500 ) ) ;
#101 = CARTESIAN_POINT ( 'NONE',  ( 0.06875000000000067200, 3.135733649536154700, 1.200000000000000000 ) ) ;
#102 = CARTESIAN_POINT ( 'NONE',  ( -1.017788105676655600, 0.5876202367904153100, 0.1333333333333329700 ) ) ;
#103 = ORIENTED_EDGE ( 'NONE', *, *, #1960, .T. ) ;
#104 = CARTESIAN_POINT ( 'NONE',  ( 0.7707548665672511200, -1.155319920688939100, 1.025432584017411900 ) ) ;
#105 = B_SPLINE_CURVE_WITH_KNOTS ( 'NONE', 3,
 ( #67, #435, #1771, #1570, #452, #96, #2110, #2119, #1032, #1928, #647, #1200, #1749, #625, #61, #1936, #87, #1957, #464, #813, #1189, #1362, #1946, #615, #246, #635 ),
 .UNSPECIFIED., .F., .F.,
 ( 4, 2, 2, 2, 2, 2, 2, 2, 2, 2, 2, 2, 4 ),
 ( 0.002886147850106560600, 0.003155280166733907400, 0.003424412483361254600, 0.003962677116615949100, 0.004500941749870642600, 0.004770074066497990300, 0.005039206383125337100, 0.005577471016380031500, 0.005846603333007379200, 0.006115735649634725100, 0.006384867966262072800, 0.006654000282889418700, 0.007192264916144112300 ),
 .UNSPECIFIED. ) ;
#106 =( BOUNDED_CURVE ( )  B_SPLINE_CURVE ( 2, ( #2107, #1558, #2306, #271, #612, #449, #1183 ),
 .UNSPECIFIED., .F., .F. ) 
 B_SPLINE_CURVE_WITH_KNOTS ( ( 3, 2, 2, 3 ),
 ( 0.1568986607569314600, 0.1665866792486659900, 0.1879562515756232100, 0.1986410377391017700 ),
 .UNSPECIFIED. ) 
 CURVE ( )  GEOMETRIC_REPRESENTATION_ITEM ( )  RATIONAL_B_SPLINE_CURVE ( ( 0.9335956752118084200, 0.9392618464375306300, 1.000000000000000000, 0.8660254037844387100, 1.000000000000000000, 0.9330127018922194100, 0.9330127018922194100 ) ) 
 REPRESENTATION_ITEM ( '' )  );
#107 = CARTESIAN_POINT ( 'NONE',  ( 1.499999999753692400, -2.718312466398933400E-005, 0.7374984898273955200 ) ) ;
#108 = CARTESIAN_POINT ( 'NONE',  ( 0.6785254037844366000, 1.175240473580832400, 1.008333333333332900 ) ) ;
#109 = CARTESIAN_POINT ( 'NONE',  ( 1.017788105676655300, -0.5876202367904158600, -1.054166666666666900 ) ) ;
#110 = DIRECTION ( 'NONE',  ( 0.0000000000000000000, 0.0000000000000000000, 1.000000000000000000 ) ) ;
#111 = CARTESIAN_POINT ( 'NONE',  ( -2.878508968398371900E-016, 1.175240473580832200, 1.112499999999999800 ) ) ;
#112 = CARTESIAN_POINT ( 'NONE',  ( 0.6785254037844370400, -1.175240473580832200, 0.3416666666666663400 ) ) ;
#113 = VECTOR ( 'NONE', #241, 1000.000000000000000 ) ;
#114 = CARTESIAN_POINT ( 'NONE',  ( -1.299038105676657800, -0.7500000000000007800, 0.9666666666666666700 ) ) ;
#115 = CARTESIAN_POINT ( 'NONE',  ( 1.439254484199185900E-016, -1.175240473580832200, 0.7999999999999994900 ) ) ;
#116 = EDGE_CURVE ( 'NONE', #1335, #1336, #171, .T. ) ;
#117 = CARTESIAN_POINT ( 'NONE',  ( -0.6785254037844372600, 1.175240473580831900, -0.3458333333333336000 ) ) ;
#118 = CARTESIAN_POINT ( 'NONE',  ( -3.673940397442058400E-016, 1.499999999999999300, -2.137500000000001500 ) ) ;
#119 = VECTOR ( 'NONE', #588, 1000.000000000000000 ) ;
#120 = CARTESIAN_POINT ( 'NONE',  ( -1.299038105676658900, 0.7499999999999990000, -1.116666666666666700 ) ) ;
#121 = CARTESIAN_POINT ( 'NONE',  ( -1.017788105676655600, 0.5876202367904153100, 0.6958333333333330800 ) ) ;
#122 = AXIS2_PLACEMENT_3D ( 'NONE', #1551, #65, #1721 ) ;
#123 = CARTESIAN_POINT ( 'NONE',  ( -0.8660254037844377100, -1.499999999999999800, -0.9291666666666679200 ) ) ;
#124 = CARTESIAN_POINT ( 'NONE',  ( 2.612499999999999400, 1.508327578257896700, 1.200000000000000000 ) ) ;
#125 = CARTESIAN_POINT ( 'NONE',  ( -1.299038105676657100, -0.7500000000000003300, -0.9708333333333345500 ) ) ;
#126 = ORIENTED_EDGE ( 'NONE', *, *, #218, .F. ) ;
#127 = CARTESIAN_POINT ( 'NONE',  ( -1.500000000000000400, 0.4019237886466833800, -1.097329099369260200 ) ) ;
#128 = CARTESIAN_POINT ( 'NONE',  ( 0.6785254037844370400, -1.175240473580832200, 1.904166666666666300 ) ) ;
#129 = CARTESIAN_POINT ( 'NONE',  ( 1.340652342044608600, -0.6245871164778030700, 1.125794262887852300 ) ) ;
#130 = CARTESIAN_POINT ( 'NONE',  ( -1.550000000000000300, 1.898202538678397700E-016, 1.200000000000000000 ) ) ;
#131 = DIRECTION ( 'NONE',  ( -1.000000000000000000, 0.0000000000000000000, 0.0000000000000000000 ) ) ;
#132 = CARTESIAN_POINT ( 'NONE',  ( 1.117735697627209900, 0.3631213034129410800, 1.950748014383426600 ) ) ;
#133 = ADVANCED_FACE ( 'NONE', ( #142 ), #2388, .F. ) ;
#134 = CARTESIAN_POINT ( 'NONE',  ( -0.6785254037844362700, -1.175240473580832400, 1.320833333333333300 ) ) ;
#135 = CARTESIAN_POINT ( 'NONE',  ( 0.0000000000000000000, 0.0000000000000000000, -1.200000000000000000 ) ) ;
#136 = ORIENTED_EDGE ( 'NONE', *, *, #910, .F. ) ;
#137 = CARTESIAN_POINT ( 'NONE',  ( 0.05074882542995888500, -3.144447201328759400, 0.9720293796442250900 ) ) ;
#138 = CARTESIAN_POINT ( 'NONE',  ( -2.730950645878116300, -1.579545118400165000, -0.9662798097312865800 ) ) ;
#139 = FACE_OUTER_BOUND ( 'NONE', #225, .T. ) ;
#140 = CARTESIAN_POINT ( 'NONE',  ( -0.9303285566665842100, 2.638301037916693100, -1.200000000000001500 ) ) ;
#141 = PLANE ( 'NONE',  #1663 ) ;
#142 = FACE_OUTER_BOUND ( 'NONE', #2050, .T. ) ;
#143 = CARTESIAN_POINT ( 'NONE',  ( 1.374999999999998400, -2.381569860407207100, 1.200000000000000000 ) ) ;
#144 = B_SPLINE_CURVE_WITH_KNOTS ( 'NONE', 3,
 ( #279, #81, #1565, #655, #819, #2332, #1577, #1000, #2305, #827, #1973, #1755, #1196 ),
 .UNSPECIFIED., .F., .F.,
 ( 4, 3, 3, 3, 4 ),
 ( 1.658254221707999000E-016, 4.198837217665767500E-005, 8.410849014146901200E-005, 0.0001247285044140991200, 0.0001450865298741434500 ),
 .UNSPECIFIED. ) ;
#145 = FACE_OUTER_BOUND ( 'NONE', #2133, .T. ) ;
#146 = CARTESIAN_POINT ( 'NONE',  ( 2.750000000000000000, -1.502314598737159200E-015, -1.200000000000000000 ) ) ;
#147 = ORIENTED_EDGE ( 'NONE', *, *, #149, .T. ) ;
#148 = CARTESIAN_POINT ( 'NONE',  ( 0.8660254037844387100, -1.499999999999998900, 0.1541666666666655100 ) ) ;
#149 = EDGE_CURVE ( 'NONE', #1423, #862, #722, .T. ) ;
#150 = CARTESIAN_POINT ( 'NONE',  ( -1.357050807568873400, -2.492861891654327400E-016, -1.325000000000000200 ) ) ;
#151 = CARTESIAN_POINT ( 'NONE',  ( -0.05074882542963029400, -3.144447201328891300, -0.9720293796441519300 ) ) ;
#152 = ORIENTED_EDGE ( 'NONE', *, *, #946, .T. ) ;
#153 = CARTESIAN_POINT ( 'NONE',  ( 2.749999999999999600, 1.264061524102090700, -1.044681007947410900 ) ) ;
#154 = ORIENTED_EDGE ( 'NONE', *, *, #1775, .F. ) ;
#155 = CARTESIAN_POINT ( 'NONE',  ( 0.6785254037844371500, -1.175240473580831900, -0.6583333333333336600 ) ) ;
#156 = CARTESIAN_POINT ( 'NONE',  ( 0.0000000000000000000, 0.0000000000000000000, 0.0000000000000000000 ) ) ;
#157 = ORIENTED_EDGE ( 'NONE', *, *, #456, .T. ) ;
#158 = ADVANCED_FACE ( 'NONE', ( #1884 ), #317, .T. ) ;
#159 = CARTESIAN_POINT ( 'NONE',  ( -0.6785254037844372600, 1.175240473580831900, -1.408333333333333900 ) ) ;
#160 = CARTESIAN_POINT ( 'NONE',  ( -2.252901299040864100, 1.874713309084040900, 1.101344487405192300 ) ) ;
#161 = CARTESIAN_POINT ( 'NONE',  ( 1.499999999753692400, -2.718312466398933000E-005, 0.7374984898273955200 ) ) ;
#162 = CARTESIAN_POINT ( 'NONE',  ( 2.252901299040861900, -1.874713309084041100, 1.101344487405193600 ) ) ;
#163 = B_SPLINE_CURVE_WITH_KNOTS ( 'NONE', 3,
 ( #2126, #1593, #92, #1403 ),
 .UNSPECIFIED., .F., .F.,
 ( 4, 4 ),
 ( 8.201406283564470500E-005, 0.001606744326298687500 ),
 .UNSPECIFIED. ) ;
#164 = EDGE_CURVE ( 'NONE', #1699, #1149, #1457, .T. ) ;
#165 = CARTESIAN_POINT ( 'NONE',  ( 0.02499062397882476100, -3.152540270946565700, 0.9675527327946641400 ) ) ;
#166 = CARTESIAN_POINT ( 'NONE',  ( 1.430908802125419700, -0.4499999999999970100, 1.150000000000000100 ) ) ;
#167 = AXIS2_PLACEMENT_3D ( 'NONE', #746, #1495, #1870 ) ;
#168 = CARTESIAN_POINT ( 'NONE',  ( 1.500000000000000200, 2.033577675846917800E-016, 0.6750000000000000400 ) ) ;
#169 = CARTESIAN_POINT ( 'NONE',  ( 0.6785254037844371500, -1.175240473580831900, 0.3416666666666663400 ) ) ;
#170 = PERSON_AND_ORGANIZATION_ROLE ( 'design_supplier' ) ;
#171 = LINE ( 'NONE', #2067, #1302 ) ;
#172 = CARTESIAN_POINT ( 'NONE',  ( -1.211627847059389500, 0.8883813590618666600, -1.134113584933844800 ) ) ;
#173 = CARTESIAN_POINT ( 'NONE',  ( 1.500007283714054600, 0.4019111728838724600, -0.7401716015064526700 ) ) ;
#174 = LINE ( 'NONE', #2280, #666 ) ;
#175 = CARTESIAN_POINT ( 'NONE',  ( 1.357050807568873400, 8.309539638847759200E-017, 0.4249999999999996000 ) ) ;
#176 = CARTESIAN_POINT ( 'NONE',  ( 1.017788105676655600, -0.5876202367904159700, -0.5541666666666654800 ) ) ;
#177 = EDGE_CURVE ( 'NONE', #1395, #1174, #531, .T. ) ;
#178 = ORIENTED_EDGE ( 'NONE', *, *, #859, .F. ) ;
#179 = CARTESIAN_POINT ( 'NONE',  ( -2.878508968398371900E-016, 1.175240473580832200, 1.049999999999999800 ) ) ;
#180 = CARTESIAN_POINT ( 'NONE',  ( -0.6785254037844372600, 1.175240473580831700, 0.5916666666666661200 ) ) ;
#181 = VERTEX_POINT ( 'NONE', #446 ) ;
#182 = CARTESIAN_POINT ( 'NONE',  ( -2.878508968398371900E-016, 1.175240473580832400, 0.6125000000000014900 ) ) ;
#183 = CARTESIAN_POINT ( 'NONE',  ( 0.6785254037844366000, 1.175240473580832400, 1.008333333333332900 ) ) ;
#184 = CARTESIAN_POINT ( 'NONE',  ( 0.0000000000000000000, 0.0000000000000000000, 5.442640687119285800 ) ) ;
#185 = DESIGN_CONTEXT ( 'detailed design', #539, 'design' ) ;
#186 = EDGE_CURVE ( 'NONE', #1086, #280, #1644, .T. ) ;
#187 = ORIENTED_EDGE ( 'NONE', *, *, #1274, .F. ) ;
#188 = CARTESIAN_POINT ( 'NONE',  ( -1.357050807568873200, -2.492861891654327400E-016, -0.2624999999999987300 ) ) ;
#189 = CARTESIAN_POINT ( 'NONE',  ( -1.017788105676655600, 0.5876202367904153100, 0.6333333333333329700 ) ) ;
#190 = AXIS2_PLACEMENT_3D ( 'NONE', #276, #626, #1937 ) ;
#191 = CARTESIAN_POINT ( 'NONE',  ( 0.3754708205888683300, -1.113647984611304800, 0.8252404735808327500 ) ) ;
#192 = CIRCLE ( 'NONE', #1925, 2.750000000000000000 ) ;
#193 = DIRECTION ( 'NONE',  ( -1.000000000000000000, 0.0000000000000000000, 0.0000000000000000000 ) ) ;
#194 = CARTESIAN_POINT ( 'NONE',  ( -1.396979128114972600, -8.035536930560820300E-014, 1.046979128114973400 ) ) ;
#195 = VERTEX_POINT ( 'NONE', #518 ) ;
#196 = CARTESIAN_POINT ( 'NONE',  ( -0.5329714861192910200, -1.047440483142738900, 0.8252404735808335200 ) ) ;
#197 = FACE_OUTER_BOUND ( 'NONE', #796, .T. ) ;
#198 = CARTESIAN_POINT ( 'NONE',  ( 1.017788105676655100, 0.5876202367904161900, -1.033333333333333700 ) ) ;
#199 = ORIENTED_EDGE ( 'NONE', *, *, #1659, .T. ) ;
#200 = CALENDAR_DATE ( 2023, 6, 2 ) ;
#201 = DIRECTION ( 'NONE',  ( -1.000000000000000000, 0.0000000000000000000, 0.0000000000000000000 ) ) ;
#202 = EDGE_CURVE ( 'NONE', #701, #1410, #2186, .T. ) ;
#203 = CARTESIAN_POINT ( 'NONE',  ( -0.6785254037844363800, -1.175240473580832200, 0.7583333333333330800 ) ) ;
#204 = CARTESIAN_POINT ( 'NONE',  ( 2.749999999999999100, 1.016773019940234300, -1.100750552081588300 ) ) ;
#205 = ORIENTED_EDGE ( 'NONE', *, *, #164, .F. ) ;
#206 = CARTESIAN_POINT ( 'NONE',  ( 1.017788105676655300, -0.5876202367904158600, 0.9458333333333328600 ) ) ;
#207 = CARTESIAN_POINT ( 'NONE',  ( 0.0000000000000000000, 0.0000000000000000000, 5.442640687119285800 ) ) ;
#208 = AXIS2_PLACEMENT_3D ( 'NONE', #90, #853, #663 ) ;
#209 = CARTESIAN_POINT ( 'NONE',  ( -2.750000000000000000, 1.508327578257898600, 0.9768614993004505200 ) ) ;
#210 = B_SPLINE_CURVE_WITH_KNOTS ( 'NONE', 3,
 ( #1696, #1111, #2060, #941, #2247, #1323, #1124, #10, #1507, #573, #2412, #395, #1879 ),
 .UNSPECIFIED., .F., .F.,
 ( 4, 3, 3, 3, 4 ),
 ( 1.659253029855144300E-016, 4.198837217665667900E-005, 8.410849014146679000E-005, 0.0001247285044140958900, 0.0001450865298741468700 ),
 .UNSPECIFIED. ) ;
#211 = CARTESIAN_POINT ( 'NONE',  ( -2.878508968398371900E-016, 1.175240473580832200, -0.3875000000000002300 ) ) ;
#212 = CARTESIAN_POINT ( 'NONE',  ( -2.750000000000000000, 1.508327578257897800, -0.9768614993004507400 ) ) ;
#213 = CARTESIAN_POINT ( 'NONE',  ( -1.500000000000029300, 0.4019237886466314200, 0.4651709006307412900 ) ) ;
#214 = CARTESIAN_POINT ( 'NONE',  ( -1.299038105676657800, -0.7500000000000007800, -0.03333333333333334700 ) ) ;
#215 = ORIENTED_EDGE ( 'NONE', *, *, #721, .T. ) ;
#216 = CARTESIAN_POINT ( 'NONE',  ( 1.299038105676657300, 0.7499999999999998900, 1.279166666666665200 ) ) ;
#217 = CARTESIAN_POINT ( 'NONE',  ( -0.05707080378106032400, 3.142476636617077500, -0.9731171716473118200 ) ) ;
#218 = EDGE_CURVE ( 'NONE', #2211, #2220, #2394, .T. ) ;
#219 = CARTESIAN_POINT ( 'NONE',  ( 2.681250000000007900, 1.627406071278252300, 0.9768614993004487400 ) ) ;
#220 = CARTESIAN_POINT ( 'NONE',  ( -2.878508968398371900E-016, 1.175240473580832200, -1.387500000000000200 ) ) ;
#221 = CARTESIAN_POINT ( 'NONE',  ( -2.692526578293214600, 1.620341620726205600, -0.9734028246421554400 ) ) ;
#222 = EDGE_LOOP ( 'NONE', ( #1587, #2343, #2397, #563 ) ) ;
#223 = AXIS2_PLACEMENT_3D ( 'NONE', #1005, #1013, #2317 ) ;
#224 = EDGE_LOOP ( 'NONE', ( #1873, #74, #1572, #1846, #1711, #1004 ) ) ;
#225 = EDGE_LOOP ( 'NONE', ( #1433, #93, #1923, #103 ) ) ;
#226 = CARTESIAN_POINT ( 'NONE',  ( 1.299038105676658400, -0.7499999999999997800, 0.1333333333333333900 ) ) ;
#227 = CARTESIAN_POINT ( 'NONE',  ( -1.299038105676657100, -0.7500000000000003300, -0.4708333333333346000 ) ) ;
#228 = CARTESIAN_POINT ( 'NONE',  ( -2.749999999999999600, 0.5133881092171760400, 1.178648365814070300 ) ) ;
#229 = FACE_BOUND ( 'NONE', #636, .T. ) ;
#230 = B_SPLINE_CURVE_WITH_KNOTS ( 'NONE', 3,
 ( #380, #1494, #2049, #373, #552, #2252 ),
 .UNSPECIFIED., .F., .F.,
 ( 4, 2, 4 ),
 ( 0.0000000000000000000, 0.0004711246085051898200, 0.0009422492170103796500 ),
 .UNSPECIFIED. ) ;
#231 = CARTESIAN_POINT ( 'NONE',  ( -0.6785254037844362700, -1.175240473580832400, -0.1791666666666668900 ) ) ;
#232 = CARTESIAN_POINT ( 'NONE',  ( 0.2469883619350800600, 1.479525852786237800, -1.149998294007980900 ) ) ;
#233 = VERTEX_POINT ( 'NONE', #166 ) ;
#234 = CARTESIAN_POINT ( 'NONE',  ( 1.732050807568877400, 1.060575238724907000E-016, -0.3249999999999999000 ) ) ;
#235 = CARTESIAN_POINT ( 'NONE',  ( 0.8660254037844387100, -1.499999999999998900, 0.1541666666666655100 ) ) ;
#236 = CARTESIAN_POINT ( 'NONE',  ( 0.0000000000000000000, 0.0000000000000000000, 5.442640687119285800 ) ) ;
#237 = CARTESIAN_POINT ( 'NONE',  ( -1.357050807568873400, -2.492861891654327400E-016, -0.7625000000000001800 ) ) ;
#238 = CARTESIAN_POINT ( 'NONE',  ( 1.375000000000000900, 2.381569860407206200, 1.200000000000000000 ) ) ;
#239 = CC_DESIGN_PERSON_AND_ORGANIZATION_ASSIGNMENT ( #1019, #514, ( #432 ) ) ;
#240 = CARTESIAN_POINT ( 'NONE',  ( 1.017788105676655100, 0.5876202367904161900, 0.4666666666666662300 ) ) ;
#241 = DIRECTION ( 'NONE',  ( 0.0000000000000000000, 0.0000000000000000000, -1.000000000000000000 ) ) ;
#242 = CARTESIAN_POINT ( 'NONE',  ( -0.8660254037844389300, 1.499999999999998900, -0.5958333333333345500 ) ) ;
#243 = CARTESIAN_POINT ( 'NONE',  ( 2.749999999999999600, 1.508327578257896400, 0.9768614993004515200 ) ) ;
#244 = B_SPLINE_CURVE_WITH_KNOTS ( 'NONE', 3,
 ( #1544, #1759, #85, #1768, #645, #1379 ),
 .UNSPECIFIED., .F., .F.,
 ( 4, 2, 4 ),
 ( 0.001606744326298687500, 0.002366164154470838500, 0.003125583982642989900 ),
 .UNSPECIFIED. ) ;
#245 = CARTESIAN_POINT ( 'NONE',  ( 1.017788105676655100, 0.5876202367904161900, -1.033333333333333700 ) ) ;
#246 = CARTESIAN_POINT ( 'NONE',  ( -1.445948331663559100, -0.1787982285531593300, -1.095948331663559900 ) ) ;
#247 = EDGE_LOOP ( 'NONE', ( #2125, #1328, #1840, #498 ) ) ;
#248 = CARTESIAN_POINT ( 'NONE',  ( -1.232957088284511800, 0.8544269841900845600, -1.060261940858594700 ) ) ;
#249 = CARTESIAN_POINT ( 'NONE',  ( 1.299038105676658400, -0.7499999999999997800, -1.366666666666666700 ) ) ;
#250 = CARTESIAN_POINT ( 'NONE',  ( 0.8660254037844380400, 1.499999999999999300, -0.1791666666666679700 ) ) ;
#251 = ADVANCED_FACE ( 'NONE', ( #745 ), #1648, .F. ) ;
#252 = CARTESIAN_POINT ( 'NONE',  ( -1.299038105676657800, -0.7500000000000007800, -1.033333333333333200 ) ) ;
#253 = CIRCLE ( 'NONE', #410, 2.750000000000000000 ) ;
#254 = CARTESIAN_POINT ( 'NONE',  ( 0.6785254037844370400, -1.175240473580832200, 1.404166666666666300 ) ) ;
#255 = CARTESIAN_POINT ( 'NONE',  ( -1.396979128114972600, -8.035536930560820300E-014, 1.046979128114973400 ) ) ;
#256 = VECTOR ( 'NONE', #2313, 1000.000000000000000 ) ;
#257 = CC_DESIGN_APPROVAL ( #2286, ( #739 ) ) ;
#258 = CARTESIAN_POINT ( 'NONE',  ( -1.267473155322397200, 0.8023908550842486800, -1.057134965111902000 ) ) ;
#259 = FACE_OUTER_BOUND ( 'NONE', #780, .T. ) ;
#260 = B_SPLINE_CURVE_WITH_KNOTS ( 'NONE', 3,
 ( #2373, #1308, #892, #1455, #1125, #374 ),
 .UNSPECIFIED., .F., .F.,
 ( 4, 2, 4 ),
 ( 0.001606744326298689900, 0.002366164154470839800, 0.003125583982642989900 ),
 .UNSPECIFIED. ) ;
#261 = CARTESIAN_POINT ( 'NONE',  ( 1.836970198721030200E-016, -1.500000000000000200, 1.050000000000000000 ) ) ;
#262 = VERTEX_POINT ( 'NONE', #723 ) ;
#263 = CARTESIAN_POINT ( 'NONE',  ( 2.746620646027917000, 1.541402981412601600, -0.9693170499885659400 ) ) ;
#264 = CARTESIAN_POINT ( 'NONE',  ( -1.017788105676654900, -0.5876202367904166400, 1.779166666666666300 ) ) ;
#265 = ORIENTED_EDGE ( 'NONE', *, *, #845, .F. ) ;
#266 = CARTESIAN_POINT ( 'NONE',  ( 0.8660254037844387100, -1.499999999999998900, 0.6541666666666656700 ) ) ;
#267 = CARTESIAN_POINT ( 'NONE',  ( -1.249076303398208900, 0.8305483478982751400, -1.058808373307051500 ) ) ;
#268 = CARTESIAN_POINT ( 'NONE',  ( 0.8660254037844392600, -1.500000000000000000, 1.091666666666666800 ) ) ;
#269 = DIRECTION ( 'NONE',  ( 0.0000000000000000000, 0.0000000000000000000, -1.000000000000000000 ) ) ;
#270 = EDGE_CURVE ( 'NONE', #718, #920, #2375, .T. ) ;
#271 = CARTESIAN_POINT ( 'NONE',  ( -0.8660254037844377100, -1.499999999999999800, 1.070833333333332200 ) ) ;
#272 = ORIENTED_EDGE ( 'NONE', *, *, #859, .T. ) ;
#273 = CARTESIAN_POINT ( 'NONE',  ( -0.8660254037844391500, 1.499999999999998900, -0.09583333333333449200 ) ) ;
#274 = CARTESIAN_POINT ( 'NONE',  ( -2.878508968398371900E-016, 1.175240473580832200, 1.612499999999999800 ) ) ;
#275 = CARTESIAN_POINT ( 'NONE',  ( 2.749999999999997800, -0.5080908593501825000, 1.179202469798226400 ) ) ;
#276 = CARTESIAN_POINT ( 'NONE',  ( 0.0000000000000000000, 0.0000000000000000000, 1.200000000000000000 ) ) ;
#277 = CARTESIAN_POINT ( 'NONE',  ( 1.017788105676655300, -0.5876202367904158600, 0.8833333333333327500 ) ) ;
#278 = CARTESIAN_POINT ( 'NONE',  ( -1.299038105676657800, -0.7500000000000007800, 1.466666666666666800 ) ) ;
#279 = CARTESIAN_POINT ( 'NONE',  ( 0.06875000000063487300, 3.135733649535788800, 0.9768614993006542500 ) ) ;
#280 = VERTEX_POINT ( 'NONE', #1098 ) ;
#281 = CARTESIAN_POINT ( 'NONE',  ( 1.017788105676655300, -0.5876202367904158600, -1.616666666666667100 ) ) ;
#282 = DIRECTION ( 'NONE',  ( -1.000000000000000000, 0.0000000000000000000, 0.0000000000000000000 ) ) ;
#283 = CARTESIAN_POINT ( 'NONE',  ( -2.681250000000216600, -1.627406071278131700, -0.9768614993003816900 ) ) ;
#284 = VERTEX_POINT ( 'NONE', #1267 ) ;
#285 = CARTESIAN_POINT ( 'NONE',  ( -1.299038105676658900, 0.7499999999999990000, 1.883333333333333500 ) ) ;
#286 = CARTESIAN_POINT ( 'NONE',  ( 2.713411347061180900, 1.601725383554904600, -0.9685444426531311100 ) ) ;
#287 = ORIENTED_EDGE ( 'NONE', *, *, #387, .T. ) ;
#288 = CARTESIAN_POINT ( 'NONE',  ( 1.357050807568873400, 8.309539638847759200E-017, 0.9874999999999997100 ) ) ;
#289 = CARTESIAN_POINT ( 'NONE',  ( -0.6785254037844362700, -1.175240473580832400, -0.2416666666666669500 ) ) ;
#290 = CARTESIAN_POINT ( 'NONE',  ( 0.0000000000000000000, 0.0000000000000000000, 1.200000000000000000 ) ) ;
#291 = B_SPLINE_CURVE_WITH_KNOTS ( 'NONE', 3,
 ( #76, #1738, #1580, #804 ),
 .UNSPECIFIED., .F., .F.,
 ( 4, 4 ),
 ( 8.201406283539888900E-005, 0.001606744326298686600 ),
 .UNSPECIFIED. ) ;
#292 = APPROVAL_DATE_TIME ( #376, #68 ) ;
#293 = CARTESIAN_POINT ( 'NONE',  ( -1.819671443333415800, -2.124838682897717900, -1.200000000000002000 ) ) ;
#294 = CARTESIAN_POINT ( 'NONE',  ( -1.017788105676654900, -0.5876202367904166400, 1.216666666666666300 ) ) ;
#295 = CARTESIAN_POINT ( 'NONE',  ( 1.299038105676658400, -0.7499999999999997800, 1.133333333333333300 ) ) ;
#296 = VERTEX_POINT ( 'NONE', #527 ) ;
#297 = ORIENTED_EDGE ( 'NONE', *, *, #2106, .T. ) ;
#298 = CARTESIAN_POINT ( 'NONE',  ( -1.017788105676655600, 0.5876202367904153100, 1.695833333333333100 ) ) ;
#299 = DIRECTION ( 'NONE',  ( 1.000000000000000000, 0.0000000000000000000, 0.0000000000000000000 ) ) ;
#300 = ORIENTED_EDGE ( 'NONE', *, *, #946, .F. ) ;
#301 = CARTESIAN_POINT ( 'NONE',  ( -0.8660254037844381500, -1.500000000000000700, 1.008333333333333500 ) ) ;
#302 = CARTESIAN_POINT ( 'NONE',  ( -0.6785254037844372600, 1.175240473580831900, 1.591666666666666100 ) ) ;
#303 = CARTESIAN_POINT ( 'NONE',  ( -1.017788105676654900, -0.5876202367904166400, -0.7208333333333336600 ) ) ;
#304 = CARTESIAN_POINT ( 'NONE',  ( 1.836970198721029200E-016, -1.499999999999999300, -1.387500000000001100 ) ) ;
#305 = ADVANCED_FACE ( 'NONE', ( #345 ), #1407, .F. ) ;
#306 = EDGE_CURVE ( 'NONE', #1406, #1190, #1713, .T. ) ;
#307 = CARTESIAN_POINT ( 'NONE',  ( 0.0000000000000000000, 0.0000000000000000000, -1.200000000000000000 ) ) ;
#308 = CARTESIAN_POINT ( 'NONE',  ( -1.017788105676654900, -0.5876202367904166400, 0.7791666666666663400 ) ) ;
#309 = CARTESIAN_POINT ( 'NONE',  ( 0.8660254037844387100, -1.499999999999998900, -0.8458333333333345500 ) ) ;
#310 = PRODUCT_RELATED_PRODUCT_CATEGORY ( 'detail', '', ( #432 ) ) ;
#311 = CARTESIAN_POINT ( 'NONE',  ( -2.750000000000001800, -1.508327578257902900, 0.9768614993004519600 ) ) ;
#312 = ORIENTED_EDGE ( 'NONE', *, *, #1734, .F. ) ;
#313 = CARTESIAN_POINT ( 'NONE',  ( -3.673940397442058400E-016, 1.499999999999999300, -1.137500000000001100 ) ) ;
#314 = CARTESIAN_POINT ( 'NONE',  ( 0.03690103416833342300, 1.239848649990534800, -0.8666826011284366500 ) ) ;
#315 = CARTESIAN_POINT ( 'NONE',  ( -1.143037375152267800, 0.3146033834334908700, -0.8252404735808328600 ) ) ;
#316 = CARTESIAN_POINT ( 'NONE',  ( -0.8660254037844377100, -1.499999999999999800, 0.07083333333333202700 ) ) ;
#317 = CONICAL_SURFACE ( 'NONE', #883, 2.750000000000000000, 1.047197551196600100 ) ;
#318 = CARTESIAN_POINT ( 'NONE',  ( 0.8660254037844380400, 1.499999999999999300, -1.679166666666668000 ) ) ;
#319 = FACE_OUTER_BOUND ( 'NONE', #2178, .T. ) ;
#320 = CARTESIAN_POINT ( 'NONE',  ( -0.6785254037844362700, -1.175240473580832400, 0.3208333333333329200 ) ) ;
#321 = EDGE_LOOP ( 'NONE', ( #45, #25, #1327, #2379 ) ) ;
#322 = APPROVAL_DATE_TIME ( #1434, #1242 ) ;
#323 = CARTESIAN_POINT ( 'NONE',  ( 1.499999999753692800, -2.718312128820939900E-005, 0.2374984898275826500 ) ) ;
#324 = ORIENTED_EDGE ( 'NONE', *, *, #2029, .F. ) ;
#325 = CARTESIAN_POINT ( 'NONE',  ( 1.017788105676655300, -0.5876202367904158600, -1.616666666666667100 ) ) ;
#326 = CARTESIAN_POINT ( 'NONE',  ( 0.04397730085139234200, -3.147671378627284100, -0.9702438667102193400 ) ) ;
#327 = CARTESIAN_POINT ( 'NONE',  ( 0.06874999999999001400, -3.135733649536157900, 0.9768614993004494100 ) ) ;
#328 = CARTESIAN_POINT ( 'NONE',  ( 0.6785254037844366000, 1.175240473580832200, -0.4916666666666670300 ) ) ;
#329 = ORIENTED_EDGE ( 'NONE', *, *, #1357, .F. ) ;
#330 = B_SPLINE_CURVE_WITH_KNOTS ( 'NONE', 3,
 ( #327, #1868, #1826, #2017 ),
 .UNSPECIFIED., .F., .F.,
 ( 4, 4 ),
 ( 8.201406283564470500E-005, 0.001606744326298686400 ),
 .UNSPECIFIED. ) ;
#331 = EDGE_CURVE ( 'NONE', #517, #1582, #1184, .T. ) ;
#332 = CARTESIAN_POINT ( 'NONE',  ( -0.05707080378093799800, -3.142476636617148200, 0.9731171716519645400 ) ) ;
#333 = CARTESIAN_POINT ( 'NONE',  ( 1.439254484199185900E-016, -1.175240473580832200, -1.200000000000000400 ) ) ;
#334 = AXIS2_PLACEMENT_3D ( 'NONE', #1785, #110, #2115 ) ;
#335 = CARTESIAN_POINT ( 'NONE',  ( 2.697796744494884300, 1.616173372698729300, 0.9720293796441521500 ) ) ;
#336 = CARTESIAN_POINT ( 'NONE',  ( -0.4970987009591358900, -2.888426411730370200, 1.101344487405193000 ) ) ;
#337 = CARTESIAN_POINT ( 'NONE',  ( 1.817813193412505000, -2.125911543989777100, 1.178847267350582800 ) ) ;
#338 = VERTEX_POINT ( 'NONE', #448 ) ;
#339 = PERSON_AND_ORGANIZATION_ROLE ( 'creator' ) ;
#340 = CARTESIAN_POINT ( 'NONE',  ( 0.0000000000000000000, 0.0000000000000000000, 5.442640687119285800 ) ) ;
#341 = CARTESIAN_POINT ( 'NONE',  ( -1.017788105676654900, -0.5876202367904166400, -1.283333333333333700 ) ) ;
#342 = ORIENTED_EDGE ( 'NONE', *, *, #270, .T. ) ;
#343 = CARTESIAN_POINT ( 'NONE',  ( 0.8660254037844381500, 1.499999999999999300, -0.6791666666666679200 ) ) ;
#344 =( BOUNDED_CURVE ( )  B_SPLINE_CURVE ( 2, ( #2340, #616, #1220, #1929, #89, #833, #1389, #816, #1007 ),
 .UNSPECIFIED., .F., .T. ) 
 B_SPLINE_CURVE_WITH_KNOTS ( ( 3, 2, 2, 2, 3 ),
 ( 0.4062500000000000000, 0.4166666666666666900, 0.4375000000000000000, 0.4583333333333333100, 0.4687500000000000000 ),
 .UNSPECIFIED. ) 
 CURVE ( )  GEOMETRIC_REPRESENTATION_ITEM ( )  RATIONAL_B_SPLINE_CURVE ( ( 0.9330127018922194100, 0.9330127018922194100, 1.000000000000000000, 0.8660254037844387100, 1.000000000000000000, 0.8660254037844387100, 1.000000000000000000, 0.9330127018922194100, 0.9330127018922194100 ) ) 
 REPRESENTATION_ITEM ( '' )  );
#345 = FACE_OUTER_BOUND ( 'NONE', #2167, .T. ) ;
#346 = CARTESIAN_POINT ( 'NONE',  ( -1.017788105676654900, -0.5876202367904166400, -0.7833333333333336600 ) ) ;
#347 = CYLINDRICAL_SURFACE ( 'NONE', #1621, 0.1375000000000000400 ) ;
#348 = APPROVAL_ROLE ( '' ) ;
#349 = CARTESIAN_POINT ( 'NONE',  ( 2.681250000000214400, 1.627406071278133300, -0.9768614993003823500 ) ) ;
#350 = EDGE_CURVE ( 'NONE', #1287, #701, #163, .T. ) ;
#351 = APPROVAL_PERSON_ORGANIZATION ( #841, #1242, #1852 ) ;
#352 = CARTESIAN_POINT ( 'NONE',  ( -2.748545569924518700, -1.528273828630165100, -0.9720293796441505900 ) ) ;
#353 = ORIENTED_EDGE ( 'NONE', *, *, #1659, .F. ) ;
#354 = ORIENTED_EDGE ( 'NONE', *, *, #270, .F. ) ;
#355 = CARTESIAN_POINT ( 'NONE',  ( -1.017788105676654900, -0.5876202367904166400, 0.2166666666666662300 ) ) ;
#356 = APPROVAL_STATUS ( 'not_yet_approved' ) ;
#357 = CARTESIAN_POINT ( 'NONE',  ( 1.293958256229941700, -1.743066579297358400E-015, -0.9439582562299421200 ) ) ;
#358 = CARTESIAN_POINT ( 'NONE',  ( -1.500000000000000200, -6.391244124090313400E-016, -0.07499999999999998300 ) ) ;
#359 = CARTESIAN_POINT ( 'NONE',  ( 2.749999999999999600, 1.508327578257896400, 0.9768614993004515200 ) ) ;
#360 = CARTESIAN_POINT ( 'NONE',  ( -0.6785254037844363800, -1.175240473580832200, -0.7416666666666671400 ) ) ;
#361 = EDGE_CURVE ( 'NONE', #942, #2338, #717, .T. ) ;
#362 = CARTESIAN_POINT ( 'NONE',  ( -1.960391483912279200E-015, -3.175426480542940000, 1.200000000000000000 ) ) ;
#363 = CARTESIAN_POINT ( 'NONE',  ( 1.357050807568873200, 8.309539638847758000E-017, 0.4875000000000011500 ) ) ;
#364 = CARTESIAN_POINT ( 'NONE',  ( -1.017788105676655600, 0.5876202367904153100, 1.133333333333333100 ) ) ;
#365 = CARTESIAN_POINT ( 'NONE',  ( 0.6187519780041564900, -1.043390512691580800, 0.8363895822915967700 ) ) ;
#366 = ORIENTED_EDGE ( 'NONE', *, *, #937, .F. ) ;
#367 = DIRECTION ( 'NONE',  ( 0.0000000000000000000, 0.0000000000000000000, -1.000000000000000000 ) ) ;
#368 = CARTESIAN_POINT ( 'NONE',  ( -0.8209059912955996000, 0.8410133912117497800, -0.8252404735808321900 ) ) ;
#369 = CYLINDRICAL_SURFACE ( 'NONE', #707, 0.1375000000000000400 ) ;
#370 = CARTESIAN_POINT ( 'NONE',  ( -1.357050807568873400, -2.492861891654327400E-016, 0.6749999999999993800 ) ) ;
#371 = ORIENTED_EDGE ( 'NONE', *, *, #533, .T. ) ;
#372 = CYLINDRICAL_SURFACE ( 'NONE', #1739, 0.1375000000000000400 ) ;
#373 = CARTESIAN_POINT ( 'NONE',  ( 0.07076755344674733100, -1.183463002399972600, 0.8252404735808325200 ) ) ;
#374 = CARTESIAN_POINT ( 'NONE',  ( -0.06874999999279296500, -3.135733649540315000, -0.9768614992981571300 ) ) ;
#375 = ORIENTED_EDGE ( 'NONE', *, *, #897, .T. ) ;
#376 = DATE_AND_TIME ( #200, #878 ) ;
#377 = CARTESIAN_POINT ( 'NONE',  ( -1.357050807568873200, -2.492861891654327400E-016, 0.2375000000000012400 ) ) ;
#378 = AXIS2_PLACEMENT_3D ( 'NONE', #1295, #2251, #571 ) ;
#379 = CARTESIAN_POINT ( 'NONE',  ( -0.6785254037844362700, -1.175240473580832400, 0.2583333333333328600 ) ) ;
#380 = CARTESIAN_POINT ( 'NONE',  ( -0.5329714861192910200, -1.047440483142738600, 0.8252404735808335200 ) ) ;
#381 = CARTESIAN_POINT ( 'NONE',  ( 2.749999999999998700, 0.2551119341980790400, -1.200000000000000400 ) ) ;
#382 = CARTESIAN_POINT ( 'NONE',  ( -2.878508968398371900E-016, 1.175240473580832200, -1.887500000000000200 ) ) ;
#383 = CARTESIAN_POINT ( 'NONE',  ( 1.357050807568873400, 8.309539638847759200E-017, -1.075000000000000400 ) ) ;
#384 = DIRECTION ( 'NONE',  ( -0.7071067811865487900, 0.0000000000000000000, -0.7071067811865463500 ) ) ;
#385 = CARTESIAN_POINT ( 'NONE',  ( -2.749999999999999600, 1.264061524104104000, -1.044681007946851400 ) ) ;
#386 = CARTESIAN_POINT ( 'NONE',  ( -1.299038105676658900, 0.7499999999999990000, -0.1166666666666666100 ) ) ;
#387 = EDGE_CURVE ( 'NONE', #1085, #2327, #1746, .T. ) ;
#388 = EDGE_LOOP ( 'NONE', ( #205, #786, #472, #1025 ) ) ;
#389 = CARTESIAN_POINT ( 'NONE',  ( 1.439254484199185900E-016, -1.175240473580832200, 0.3624999999999997700 ) ) ;
#390 = CARTESIAN_POINT ( 'NONE',  ( -2.733401521897300700, 1.575300076611886500, -0.9662798097312862400 ) ) ;
#391 = AXIS2_PLACEMENT_3D ( 'NONE', #1387, #1397, #282 ) ;
#392 = CARTESIAN_POINT ( 'NONE',  ( 1.499999999753692800, -2.718312128820940300E-005, 0.2374984898275826500 ) ) ;
#393 = DIRECTION ( 'NONE',  ( -0.5000000000000003300, -0.8660254037844386000, 0.0000000000000000000 ) ) ;
#394 = FACE_OUTER_BOUND ( 'NONE', #1605, .T. ) ;
#395 = CARTESIAN_POINT ( 'NONE',  ( 2.749999999999997800, -1.514935828401253700, 0.9750267446543857700 ) ) ;
#396 = ORIENTED_EDGE ( 'NONE', *, *, #2223, .T. ) ;
#397 = CARTESIAN_POINT ( 'NONE',  ( -1.017788105676654900, -0.5876202367904166400, 0.2791666666666662900 ) ) ;
#398 = CARTESIAN_POINT ( 'NONE',  ( -1.374999999999999100, 2.381569860407206600, -1.200000000000000000 ) ) ;
#399 = VECTOR ( 'NONE', #1062, 1000.000000000000000 ) ;
#400 = CARTESIAN_POINT ( 'NONE',  ( -1.299038105676658900, 0.7499999999999990000, -0.1166666666666666100 ) ) ;
#401 = CARTESIAN_POINT ( 'NONE',  ( -3.673940397442058400E-016, 1.499999999999999300, -0.6375000000000011800 ) ) ;
#402 = EDGE_CURVE ( 'NONE', #1813, #1287, #144, .T. ) ;
#403 = CARTESIAN_POINT ( 'NONE',  ( 0.8660254037844387100, -1.499999999999998900, -0.3458333333333344900 ) ) ;
#404 = CARTESIAN_POINT ( 'NONE',  ( -2.750000000000000900, 0.2551119341800217000, 1.199999999999999700 ) ) ;
#405 = ORIENTED_EDGE ( 'NONE', *, *, #1489, .F. ) ;
#406 = VERTEX_POINT ( 'NONE', #1181 ) ;
#407 = DIRECTION ( 'NONE',  ( 0.0000000000000000000, 0.0000000000000000000, -1.000000000000000000 ) ) ;
#408 = CARTESIAN_POINT ( 'NONE',  ( -2.878508968398371900E-016, 1.175240473580832200, 0.1124999999999997500 ) ) ;
#409 = DIRECTION ( 'NONE',  ( 1.000000000000000000, 0.0000000000000000000, -0.0000000000000000000 ) ) ;
#410 = AXIS2_PLACEMENT_3D ( 'NONE', #1695, #751, #1877 ) ;
#411 = CARTESIAN_POINT ( 'NONE',  ( -1.299038105676658900, 0.7499999999999990000, 0.3833333333333334100 ) ) ;
#412 = ORIENTED_EDGE ( 'NONE', *, *, #572, .T. ) ;
#413 = CARTESIAN_POINT ( 'NONE',  ( -1.299038105676657100, -0.7500000000000003300, 0.5291666666666654500 ) ) ;
#414 = DIRECTION ( 'NONE',  ( -0.0000000000000000000, -0.0000000000000000000, -1.000000000000000000 ) ) ;
#415 = CARTESIAN_POINT ( 'NONE',  ( -2.612500000000001600, -1.508327578257895100, 1.200000000000000000 ) ) ;
#416 = CARTESIAN_POINT ( 'NONE',  ( 1.017788105676655300, -0.5876202367904158600, 0.4458333333333330300 ) ) ;
#417 = CARTESIAN_POINT ( 'NONE',  ( -2.750000000000000000, 1.508327578257898600, 0.9768614993004505200 ) ) ;
#418 = CARTESIAN_POINT ( 'NONE',  ( -1.299038105676658000, 0.7499999999999985600, 0.4458333333333321400 ) ) ;
#419 = ADVANCED_FACE ( 'NONE', ( #1364 ), #83, .T. ) ;
#420 = CARTESIAN_POINT ( 'NONE',  ( -1.396979128114972600, -8.035536930560820300E-014, 1.046979128114973400 ) ) ;
#421 = EDGE_LOOP ( 'NONE', ( #1894, #540, #147, #1964 ) ) ;
#422 = EDGE_CURVE ( 'NONE', #1287, #1275, #1251, .T. ) ;
#423 = DIRECTION ( 'NONE',  ( 0.0000000000000000000, 0.0000000000000000000, -1.000000000000000000 ) ) ;
#424 = CARTESIAN_POINT ( 'NONE',  ( 0.6785254037844366000, 1.175240473580832400, 1.070833333333332900 ) ) ;
#425 = CARTESIAN_POINT ( 'NONE',  ( 1.242159249408776300, 0.08612164442272993200, 0.8921592494087760000 ) ) ;
#426 = CARTESIAN_POINT ( 'NONE',  ( 1.017788105676655100, 0.5876202367904161900, -0.5333333333333336600 ) ) ;
#427 = VECTOR ( 'NONE', #752, 1000.000000000000000 ) ;
#428 = CARTESIAN_POINT ( 'NONE',  ( -1.299038105676657800, -0.7500000000000007800, 0.4666666666666666700 ) ) ;
#429 = CARTESIAN_POINT ( 'NONE',  ( 0.8660254037844387100, -1.499999999999998900, 1.154166666666665500 ) ) ;
#430 = DIRECTION ( 'NONE',  ( 0.0000000000000000000, 0.0000000000000000000, 1.000000000000000000 ) ) ;
#431 = LINE ( 'NONE', #1176, #1717 ) ;
#432 = PRODUCT ( '90592A009_Steel Hex Nut', '90592A009_Steel Hex Nut', '', ( #911 ) ) ;
#433 = DIRECTION ( 'NONE',  ( 0.0000000000000000000, 0.0000000000000000000, -1.000000000000000000 ) ) ;
#434 = CARTESIAN_POINT ( 'NONE',  ( -0.6785254037844372600, 1.175240473580831900, 1.154166666666666100 ) ) ;
#435 = CARTESIAN_POINT ( 'NONE',  ( 1.297655926185108200, -0.09056445975966886900, -0.9476559261851087400 ) ) ;
#436 = ORIENTED_EDGE ( 'NONE', *, *, #2223, .F. ) ;
#437 = CARTESIAN_POINT ( 'NONE',  ( 0.0000000000000000000, 0.0000000000000000000, 1.150000000000000100 ) ) ;
#438 = CARTESIAN_POINT ( 'NONE',  ( -1.306652026550561900, 0.7392535816260170600, -1.053422465947575300 ) ) ;
#439 = CARTESIAN_POINT ( 'NONE',  ( 0.2469883619350800600, 1.479525852786237800, -1.149998294007980900 ) ) ;
#440 = CARTESIAN_POINT ( 'NONE',  ( 1.299038105676657300, 0.7499999999999998900, 0.2791666666666654000 ) ) ;
#441 = CARTESIAN_POINT ( 'NONE',  ( -0.8660254037844381500, -1.500000000000000700, -0.9916666666666664700 ) ) ;
#442 = CARTESIAN_POINT ( 'NONE',  ( -1.499999999999999800, -0.4019237886466846500, 0.4473290993692602400 ) ) ;
#443 = CARTESIAN_POINT ( 'NONE',  ( 1.439254484199185900E-016, -1.175240473580832200, -1.700000000000000400 ) ) ;
#444 = AXIS2_PLACEMENT_3D ( 'NONE', #1353, #584, #409 ) ;
#445 = CARTESIAN_POINT ( 'NONE',  ( -0.8660254037844381500, -1.500000000000000700, -0.4916666666666666400 ) ) ;
#446 = CARTESIAN_POINT ( 'NONE',  ( -0.5329714861192910200, -1.047440483142738600, 0.8252404735808335200 ) ) ;
#447 = CARTESIAN_POINT ( 'NONE',  ( -0.8660254037844396000, 1.500000000000000000, 1.341666666666666300 ) ) ;
#448 = CARTESIAN_POINT ( 'NONE',  ( 2.749999999999999600, 1.508327578257896400, 0.9768614993004515200 ) ) ;
#449 = CARTESIAN_POINT ( 'NONE',  ( -1.499999999999999300, -0.4019237886466844900, 1.009829099369258900 ) ) ;
#450 = CARTESIAN_POINT ( 'NONE',  ( -1.299038105676658000, 0.7499999999999985600, -0.05416666666666785500 ) ) ;
#451 = CARTESIAN_POINT ( 'NONE',  ( 0.6785254037844370400, -1.175240473580832200, -1.158333333333333700 ) ) ;
#452 = CARTESIAN_POINT ( 'NONE',  ( 1.237342279498709200, -0.4450819019038490500, -0.9618904842492033100 ) ) ;
#453 = ORIENTED_EDGE ( 'NONE', *, *, #1413, .F. ) ;
#454 = DIRECTION ( 'NONE',  ( 1.000000000000000000, 0.0000000000000000000, 0.0000000000000000000 ) ) ;
#455 = CARTESIAN_POINT ( 'NONE',  ( -0.5697880454615903400, 1.387583030047273300, -1.106963255338166300 ) ) ;
#456 = EDGE_CURVE ( 'NONE', #72, #1797, #1780, .T. ) ;
#457 = CARTESIAN_POINT ( 'NONE',  ( -1.299038105676657800, -0.7500000000000007800, 1.966666666666667000 ) ) ;
#458 = DIRECTION ( 'NONE',  ( 1.000000000000000000, 0.0000000000000000000, 0.0000000000000000000 ) ) ;
#459 = DIRECTION ( 'NONE',  ( -1.000000000000000000, 0.0000000000000000000, 0.0000000000000000000 ) ) ;
#460 = AXIS2_PLACEMENT_3D ( 'NONE', #2066, #1867, #201 ) ;
#461 = LINE ( 'NONE', #1888, #1120 ) ;
#462 = CARTESIAN_POINT ( 'NONE',  ( -1.499999999999999800, -0.4019237886466846500, -0.5526709006307395400 ) ) ;
#463 = CARTESIAN_POINT ( 'NONE',  ( -0.6785254037844362700, -1.175240473580832400, -0.7416666666666670300 ) ) ;
#464 = CARTESIAN_POINT ( 'NONE',  ( -0.9696196970152645100, -1.030061753802083800, -1.061778244757976400 ) ) ;
#465 = FACE_OUTER_BOUND ( 'NONE', #2301, .T. ) ;
#466 =( BOUNDED_CURVE ( )  B_SPLINE_CURVE ( 2, ( #368, #1112, #1293, #1674, #2216, #2409, #1661, #2243, #176, #1297, #1118, #1107, #932, #560, #6, #188, #2222, #923, #2057, #912, #1875, #2233, #1853, #1490, #2228, #553, #1691, #377, #728, #1483, #541, #1310, #938, #363, #1669, #2413, #182, #1096, #1502, #1862, #754, #1681, #196 ),
 .UNSPECIFIED., .F., .T. ) 
 B_SPLINE_CURVE_WITH_KNOTS ( ( 3, 2, 2, 2, 2, 2, 2, 2, 2, 2, 2, 2, 2, 2, 2, 2, 2, 2, 2, 2, 2, 3 ),
 ( 0.2721241531422091100, 0.2778043464100634100, 0.2991739115185299000, 0.3205434766269962800, 0.3419130417354627200, 0.3632826068439292100, 0.3846521719523955900, 0.4060217370608619800, 0.4273913021693284700, 0.4487608672777948500, 0.4701304323862612900, 0.4914999974947277800, 0.5128695626031941600, 0.5342391277116606000, 0.5556086928201269300, 0.5769782579285934700, 0.5983478230370599100, 0.6197173881455262400, 0.6410869532539926800, 0.6624565183624591100, 0.6838260834709255500, 0.6955660430962130600 ),
 .UNSPECIFIED. ) 
 CURVE ( )  GEOMETRIC_REPRESENTATION_ITEM ( )  RATIONAL_B_SPLINE_CURVE ( ( 0.9477086621321817500, 0.9643885312768658600, 1.000000000000000000, 0.8660254037844388200, 1.000000000000000000, 0.8660254037844388200, 1.000000000000000000, 0.8660254037844388200, 1.000000000000000000, 0.8660254037844388200, 1.000000000000000000, 0.8660254037844388200, 1.000000000000000000, 0.8660254037844388200, 1.000000000000000000, 0.8660254037844388200, 1.000000000000000000, 0.8660254037844388200, 1.000000000000000000, 0.8660254037844388200, 1.000000000000000000, 0.8660254037844388200, 1.000000000000000000, 0.8660254037844388200, 1.000000000000000000, 0.8660254037844388200, 1.000000000000000000, 0.8660254037844388200, 1.000000000000000000, 0.8660254037844388200, 1.000000000000000000, 0.8660254037844388200, 1.000000000000000000, 0.8660254037844388200, 1.000000000000000000, 0.8660254037844388200, 1.000000000000000000, 0.8660254037844388200, 1.000000000000000000, 0.8660254037844388200, 1.000000000000000000, 0.9263973626790500400, 0.9336660005643779800 ) ) 
 REPRESENTATION_ITEM ( '' )  );
#467 = CARTESIAN_POINT ( 'NONE',  ( 2.733401521897298900, -1.575300076611885200, -0.9662798097312876900 ) ) ;
#468 = CONICAL_SURFACE ( 'NONE', #1864, 2.750000000000000000, 1.047197551196600100 ) ;
#469 = CARTESIAN_POINT ( 'NONE',  ( 0.8660254037844386000, 1.500000000000000400, 1.258333333333333300 ) ) ;
#470 = CARTESIAN_POINT ( 'NONE',  ( 1.357050807568873400, 8.309539638847759200E-017, 1.487499999999999800 ) ) ;
#471 = EDGE_LOOP ( 'NONE', ( #329, #2011, #126, #366 ) ) ;
#472 = ORIENTED_EDGE ( 'NONE', *, *, #559, .F. ) ;
#473 = ORIENTED_EDGE ( 'NONE', *, *, #1734, .T. ) ;
#474 = CARTESIAN_POINT ( 'NONE',  ( 1.299038105676658400, -0.7499999999999997800, 2.133333333333333300 ) ) ;
#475 = CARTESIAN_POINT ( 'NONE',  ( 0.0000000000000000000, 0.0000000000000000000, 1.200000000000000000 ) ) ;
#476 = EDGE_CURVE ( 'NONE', #1851, #862, #1142, .T. ) ;
#477 = EDGE_LOOP ( 'NONE', ( #1216, #2075, #215, #1465 ) ) ;
#478 = CARTESIAN_POINT ( 'NONE',  ( -0.6785254037844372600, 1.175240473580831900, 0.6541666666666661200 ) ) ;
#479 = CARTESIAN_POINT ( 'NONE',  ( -1.017788105676654900, -0.5876202367904166400, -0.2833333333333337700 ) ) ;
#480 = CARTESIAN_POINT ( 'NONE',  ( 1.817813193415202000, -2.125911543988219700, -1.178847267350320100 ) ) ;
#481 = B_SPLINE_CURVE_WITH_KNOTS ( 'NONE', 3,
 ( #2198, #1261, #744, #336, #1641, #1508 ),
 .UNSPECIFIED., .F., .F.,
 ( 4, 2, 4 ),
 ( 0.001606744326298689900, 0.002366164154466187300, 0.003125583982633684400 ),
 .UNSPECIFIED. ) ;
#482 = DIRECTION ( 'NONE',  ( 0.0000000000000000000, 0.0000000000000000000, -1.000000000000000000 ) ) ;
#483 = DIRECTION ( 'NONE',  ( 1.000000000000000000, 0.0000000000000000000, 0.0000000000000000000 ) ) ;
#484 = CARTESIAN_POINT ( 'NONE',  ( 1.017788105676655100, 0.5876202367904161900, -0.4708333333333336000 ) ) ;
#485 = CARTESIAN_POINT ( 'NONE',  ( 2.748545569924516500, 1.528273828630166500, -0.9720293796441512600 ) ) ;
#486 = CARTESIAN_POINT ( 'NONE',  ( -0.1419519367803521700, 1.449904473271915100, -1.103590940751437300 ) ) ;
#487 = CARTESIAN_POINT ( 'NONE',  ( 0.9448091071832009900, -1.055317090388124200, 1.053257513363050600 ) ) ;
#488 = ORIENTED_EDGE ( 'NONE', *, *, #1476, .F. ) ;
#489 = CARTESIAN_POINT ( 'NONE',  ( 0.8660254037844392600, -1.499999999999999800, 1.091666666666666800 ) ) ;
#490 = CARTESIAN_POINT ( 'NONE',  ( -2.878508968398371900E-016, 1.175240473580832200, 1.549999999999999800 ) ) ;
#491 = CARTESIAN_POINT ( 'NONE',  ( -1.017788105676655600, 0.5876202367904153100, -0.3041666666666669700 ) ) ;
#492 = CARTESIAN_POINT ( 'NONE',  ( -0.6785254037844362700, -1.175240473580832400, 1.758333333333333100 ) ) ;
#493 = CARTESIAN_POINT ( 'NONE',  ( 0.0000000000000000000, 0.0000000000000000000, 5.442640687119285800 ) ) ;
#494 = CARTESIAN_POINT ( 'NONE',  ( 1.439254484199185900E-016, -1.175240473580832200, 1.362499999999999600 ) ) ;
#495 = CARTESIAN_POINT ( 'NONE',  ( 2.681250000000007900, 1.627406071278252300, 0.9768614993004487400 ) ) ;
#496 = CONICAL_SURFACE ( 'NONE', #578, 2.750000000000000000, 1.047197551196600100 ) ;
#497 = DIRECTION ( 'NONE',  ( 1.000000000000000000, 0.0000000000000000000, 0.0000000000000000000 ) ) ;
#498 = ORIENTED_EDGE ( 'NONE', *, *, #674, .F. ) ;
#499 = CALENDAR_DATE ( 2023, 6, 2 ) ;
#500 = CARTESIAN_POINT ( 'NONE',  ( -0.8660254037844389300, 1.499999999999998900, -2.095833333333334500 ) ) ;
#501 = ADVANCED_FACE ( 'NONE', ( #692 ), #141, .F. ) ;
#502 = CARTESIAN_POINT ( 'NONE',  ( -0.5106074402933183900, 1.320884167623687100, -1.052973894805663500 ) ) ;
#503 = CARTESIAN_POINT ( 'NONE',  ( 1.430908802125419700, -0.4499999999999970100, 1.150000000000000100 ) ) ;
#504 = CARTESIAN_POINT ( 'NONE',  ( -2.725406321178649000, -1.586803132654816400, 0.9669273479231819100 ) ) ;
#505 = CARTESIAN_POINT ( 'NONE',  ( 0.01150866309482918300, -3.153672676102777100, 0.9669273479231999000 ) ) ;
#506 = CARTESIAN_POINT ( 'NONE',  ( 0.6785254037844370400, -1.175240473580832200, 1.841666666666666300 ) ) ;
#507 = AXIS2_PLACEMENT_3D ( 'NONE', #1320, #393, #1306 ) ;
#508 = CARTESIAN_POINT ( 'NONE',  ( 1.017788105676655100, 0.5876202367904161900, 0.5291666666666662300 ) ) ;
#509 = ORIENTED_EDGE ( 'NONE', *, *, #2106, .F. ) ;
#510 = CARTESIAN_POINT ( 'NONE',  ( -1.357050807568873400, -2.492861891654327400E-016, -1.825000000000000200 ) ) ;
#511 = CARTESIAN_POINT ( 'NONE',  ( -1.048077066024666800, 0.7608168314581156300, -0.9414923902272637200 ) ) ;
#512 = B_SPLINE_CURVE_WITH_KNOTS ( 'NONE', 3,
 ( #2240, #381, #1072, #204, #153, #2055 ),
 .UNSPECIFIED., .F., .F.,
 ( 4, 2, 4 ),
 ( 0.004580851402316600500, 0.005343890421362422000, 0.006106929440408243400 ),
 .UNSPECIFIED. ) ;
#513 = FACE_OUTER_BOUND ( 'NONE', #2276, .T. ) ;
#514 = PERSON_AND_ORGANIZATION_ROLE ( 'design_owner' ) ;
#515 = CARTESIAN_POINT ( 'NONE',  ( 1.550000000000000300, 0.0000000000000000000, 1.200000000000000000 ) ) ;
#516 = EDGE_CURVE ( 'NONE', #930, #1807, #2323, .T. ) ;
#517 = VERTEX_POINT ( 'NONE', #2383 ) ;
#518 = CARTESIAN_POINT ( 'NONE',  ( -1.500000000000000200, -6.391244124090313400E-016, 0.4250000000000000400 ) ) ;
#519 = FACE_OUTER_BOUND ( 'NONE', #1480, .T. ) ;
#520 = CARTESIAN_POINT ( 'NONE',  ( 2.749999999999999600, 1.521813552419744700, 0.9731171716473803200 ) ) ;
#521 = AXIS2_PLACEMENT_3D ( 'NONE', #236, #1168, #793 ) ;
#522 = CARTESIAN_POINT ( 'NONE',  ( 0.6785254037844371500, -1.175240473580831900, -0.1583333333333336900 ) ) ;
#523 = CARTESIAN_POINT ( 'NONE',  ( -0.03042919851480415900, -3.150745849249280800, 0.9685444426531910600 ) ) ;
#524 = ORIENTED_EDGE ( 'NONE', *, *, #402, .F. ) ;
#525 = ORIENTED_EDGE ( 'NONE', *, *, #937, .T. ) ;
#526 = ORIENTED_EDGE ( 'NONE', *, *, #331, .F. ) ;
#527 = CARTESIAN_POINT ( 'NONE',  ( 1.499999999753692400, -2.718311538093122300E-005, -0.2625015101720891100 ) ) ;
#528 = CARTESIAN_POINT ( 'NONE',  ( 2.747952027082114900, 1.535750229586455100, 0.9702438667102201200 ) ) ;
#529 = CARTESIAN_POINT ( 'NONE',  ( 1.374999999999998400, -2.381569860407207100, 1.200000000000000000 ) ) ;
#530 = VERTEX_POINT ( 'NONE', #1636 ) ;
#531 = B_SPLINE_CURVE_WITH_KNOTS ( 'NONE', 3,
 ( #1753, #617, #1930, #2311, #1008, #2122, #627, #455, #806, #1171, #1194, #2113, #77, #1375, #1764, #1382, #248, #1555, #989, #267, #1574, #638, #1949, #258, #438, #1920, #998, #1938, #608 ),
 .UNSPECIFIED., .F., .F.,
 ( 4, 2, 2, 2, 2, 1, 2, 2, 2, 2, 2, 2, 1, 1, 2, 4 ),
 ( 0.2569973663597620000, 0.4427480247698273900, 0.4891856893723438000, 0.4949903974476582100, 0.5007951055229726800, 0.5124045216736015100, 0.5356233539748591600, 0.6284986831798897700, 0.7213740123849204900, 0.7445928446861780300, 0.7474951987238350700, 0.7503975527614922300, 0.7562022608368064200, 0.7678116769874348000, 0.8142493415899477700, 1.000000000000000000 ),
 .UNSPECIFIED. ) ;
#532 =( BOUNDED_CURVE ( )  B_SPLINE_CURVE ( 2, ( #811, #50, #450, #273, #1944, #821, #2129, #1011, #633 ),
 .UNSPECIFIED., .F., .T. ) 
 B_SPLINE_CURVE_WITH_KNOTS ( ( 3, 2, 2, 2, 3 ),
 ( 0.4550759056625892100, 0.4657606918260678300, 0.4871302641530251300, 0.5084998364799824300, 0.5191849839629235600 ),
 .UNSPECIFIED. ) 
 CURVE ( )  GEOMETRIC_REPRESENTATION_ITEM ( )  RATIONAL_B_SPLINE_CURVE ( ( 0.9330127018922194100, 0.9330127018922194100, 1.000000000000000000, 0.8660254037844387100, 1.000000000000000000, 0.8660254037844387100, 1.000000000000000000, 0.9330104366326086300, 0.9330127019688219100 ) ) 
 REPRESENTATION_ITEM ( '' )  );
#533 = EDGE_CURVE ( 'NONE', #1314, #1791, #330, .T. ) ;
#534 = DIRECTION ( 'NONE',  ( -0.0000000000000000000, -0.0000000000000000000, -1.000000000000000000 ) ) ;
#535 = CARTESIAN_POINT ( 'NONE',  ( -2.746620646027919200, -1.541402981412600200, -0.9693170499885651600 ) ) ;
#536 = AXIS2_PLACEMENT_3D ( 'NONE', #1919, #1318, #1903 ) ;
#537 = DIRECTION ( 'NONE',  ( 0.0000000000000000000, 0.0000000000000000000, -1.000000000000000000 ) ) ;
#538 = CARTESIAN_POINT ( 'NONE',  ( -1.175235580361204000, 0.003391371550646557700, -0.8252404735877665300 ) ) ;
#539 = APPLICATION_CONTEXT ( 'configuration controlled 3d designs of mechanical parts and assemblies' ) ;
#540 = ORIENTED_EDGE ( 'NONE', *, *, #2077, .F. ) ;
#541 = CARTESIAN_POINT ( 'NONE',  ( 1.439254484199185900E-016, -1.175240473580832400, 0.3625000000000014300 ) ) ;
#542 = CARTESIAN_POINT ( 'NONE',  ( -2.736914984273125300, -1.566869543447991300, -0.9669273479231816900 ) ) ;
#543 = CARTESIAN_POINT ( 'NONE',  ( 2.739720977257542200, 1.562316802831065700, 0.9668416760243298000 ) ) ;
#544 = VECTOR ( 'NONE', #562, 1000.000000000000000 ) ;
#545 = CARTESIAN_POINT ( 'NONE',  ( -1.357050807568873400, -2.492861891654327400E-016, -0.3250000000000003400 ) ) ;
#546 = APPROVAL_ROLE ( '' ) ;
#547 = CARTESIAN_POINT ( 'NONE',  ( -2.681250000000010100, -1.627406071278250800, 0.9768614993004480800 ) ) ;
#548 = EDGE_CURVE ( 'NONE', #262, #2338, #512, .T. ) ;
#549 = LINE ( 'NONE', #1934, #1431 ) ;
#550 = CARTESIAN_POINT ( 'NONE',  ( 1.439254484199185900E-016, -1.175240473580832200, 0.2999999999999997100 ) ) ;
#551 = CARTESIAN_POINT ( 'NONE',  ( -1.499999999999999300, -1.119920277198552600E-013, 0.4875000000000048700 ) ) ;
#552 = CARTESIAN_POINT ( 'NONE',  ( 0.2264481014834185100, -1.163891583488229700, 0.8252404735808320800 ) ) ;
#553 = CARTESIAN_POINT ( 'NONE',  ( -0.6785254037844373800, 1.175240473580831500, 0.1541666666666679800 ) ) ;
#554 = ORIENTED_EDGE ( 'NONE', *, *, #759, .F. ) ;
#555 = CARTESIAN_POINT ( 'NONE',  ( -0.6785254037844372600, 1.175240473580831900, 1.091666666666666100 ) ) ;
#556 = CARTESIAN_POINT ( 'NONE',  ( 1.238485479061078600, -1.400263485368877800E-014, 0.8884854790610791100 ) ) ;
#557 = DIRECTION ( 'NONE',  ( 0.0000000000000000000, 0.0000000000000000000, -1.000000000000000000 ) ) ;
#558 = CARTESIAN_POINT ( 'NONE',  ( -1.115808836957842300, -0.9297809769200398000, 1.081346441702645900 ) ) ;
#559 = EDGE_CURVE ( 'NONE', #26, #1406, #260, .T. ) ;
#560 = CARTESIAN_POINT ( 'NONE',  ( -0.6785254037844373800, 1.175240473580831500, -0.3458333333333320500 ) ) ;
#561 = CARTESIAN_POINT ( 'NONE',  ( 1.439254484199185900E-016, -1.175240473580832200, 1.299999999999999600 ) ) ;
#562 = DIRECTION ( 'NONE',  ( 0.0000000000000000000, 0.0000000000000000000, -1.000000000000000000 ) ) ;
#563 = ORIENTED_EDGE ( 'NONE', *, *, #2061, .F. ) ;
#564 = CARTESIAN_POINT ( 'NONE',  ( 1.500000000000000200, 2.033577675846917800E-016, -0.3249999999999999600 ) ) ;
#565 = CARTESIAN_POINT ( 'NONE',  ( -1.348836130929023500, -0.4950084590098430800, 1.065493868969451300 ) ) ;
#566 = CARTESIAN_POINT ( 'NONE',  ( -0.6785254037844372600, 1.175240473580831900, -1.845833333333333700 ) ) ;
#567 = CONICAL_SURFACE ( 'NONE', #954, 1.550000000000000300, 0.7853981633974500600 ) ;
#568 = CARTESIAN_POINT ( 'NONE',  ( 0.6785254037844366000, 1.175240473580832400, 0.008333333333332849200 ) ) ;
#569 = ORIENTED_EDGE ( 'NONE', *, *, #422, .T. ) ;
#570 = ORIENTED_EDGE ( 'NONE', *, *, #1286, .F. ) ;
#571 = DIRECTION ( 'NONE',  ( 1.000000000000000000, 0.0000000000000000000, 0.0000000000000000000 ) ) ;
#572 = EDGE_CURVE ( 'NONE', #753, #1190, #481, .T. ) ;
#573 = CARTESIAN_POINT ( 'NONE',  ( 2.748545569924567100, -1.528273828629813400, 0.9720293796442252000 ) ) ;
#574 = CARTESIAN_POINT ( 'NONE',  ( -0.2839972849311645500, -1.460568949889551100, 1.117290450802931800 ) ) ;
#575 = APPROVAL_PERSON_ORGANIZATION ( #1369, #68, #348 ) ;
#576 = CARTESIAN_POINT ( 'NONE',  ( 0.6785254037844366000, 1.175240473580832400, -1.429166666666666900 ) ) ;
#577 = CARTESIAN_POINT ( 'NONE',  ( 1.236672534003408200, 0.1738077536452552500, 0.8958659802320176900 ) ) ;
#578 = AXIS2_PLACEMENT_3D ( 'NONE', #1556, #1329, #1164 ) ;
#579 = EDGE_LOOP ( 'NONE', ( #2245, #756, #805, #1405 ) ) ;
#580 = ORIENTED_EDGE ( 'NONE', *, *, #116, .F. ) ;
#581 = CARTESIAN_POINT ( 'NONE',  ( 1.836970198721030200E-016, -1.500000000000000200, -1.450000000000000000 ) ) ;
#582 = CARTESIAN_POINT ( 'NONE',  ( 1.500000000000000200, 2.033577675846917800E-016, -0.8249999999999998400 ) ) ;
#583 = CARTESIAN_POINT ( 'NONE',  ( 0.6785254037844366000, 1.175240473580832400, 0.5708333333333328600 ) ) ;
#584 = DIRECTION ( 'NONE',  ( 0.0000000000000000000, 0.0000000000000000000, 1.000000000000000000 ) ) ;
#585 = CARTESIAN_POINT ( 'NONE',  ( -1.299038105676658000, 0.7499999999999985600, 0.4458333333333321400 ) ) ;
#586 = CARTESIAN_POINT ( 'NONE',  ( -3.673940397442060400E-016, 1.500000000000000200, 0.3000000000000001600 ) ) ;
#587 = CARTESIAN_POINT ( 'NONE',  ( 1.732050807568876300, 1.060575238724906400E-016, -0.2625000000000012300 ) ) ;
#588 = DIRECTION ( 'NONE',  ( -0.0000000000000000000, -0.0000000000000000000, 1.000000000000000000 ) ) ;
#589 = CARTESIAN_POINT ( 'NONE',  ( 0.0000000000000000000, 0.0000000000000000000, 1.200000000000000000 ) ) ;
#590 = ORIENTED_EDGE ( 'NONE', *, *, #1018, .T. ) ;
#591 = EDGE_CURVE ( 'NONE', #1014, #1582, #79, .T. ) ;
#592 = CARTESIAN_POINT ( 'NONE',  ( 2.253636436458945200, 1.874288877297820300, 1.113953578308282300 ) ) ;
#593 = CARTESIAN_POINT ( 'NONE',  ( 0.6785254037844370400, -1.175240473580832200, 0.4041666666666663400 ) ) ;
#594 = CARTESIAN_POINT ( 'NONE',  ( -2.692929196219063600, 1.620663084197263800, 0.9731171716519635400 ) ) ;
#595 = CARTESIAN_POINT ( 'NONE',  ( -1.299038105676658900, 0.7499999999999990000, -0.6166666666666665900 ) ) ;
#596 = CARTESIAN_POINT ( 'NONE',  ( -0.8660254037844377100, -1.500000000000000000, 0.07083333333333202700 ) ) ;
#597 = CYLINDRICAL_SURFACE ( 'NONE', #460, 0.1375000000000000400 ) ;
#598 = CARTESIAN_POINT ( 'NONE',  ( 1.836970198721030200E-016, -1.500000000000000200, 0.5500000000000001600 ) ) ;
#599 = CARTESIAN_POINT ( 'NONE',  ( -2.878508968398371900E-016, 1.175240473580832200, 0.6124999999999997100 ) ) ;
#600 = CARTESIAN_POINT ( 'NONE',  ( 0.06875000000063487300, 3.135733649535788800, 0.9768614993006542500 ) ) ;
#601 = ADVANCED_FACE ( 'NONE', ( #1484 ), #925, .F. ) ;
#602 = CYLINDRICAL_SURFACE ( 'NONE', #1110, 0.1375000000000000400 ) ;
#603 =( BOUNDED_CURVE ( )  B_SPLINE_CURVE ( 2, ( #1568, #462, #69, #445, #98, #824, #1948, #1781, #1374 ),
 .UNSPECIFIED., .F., .T. ) 
 B_SPLINE_CURVE_WITH_KNOTS ( ( 3, 2, 2, 2, 3 ),
 ( 0.2812500000000000000, 0.2916666666666666900, 0.3125000000000000000, 0.3333333333333333100, 0.3437500000000000000 ),
 .UNSPECIFIED. ) 
 CURVE ( )  GEOMETRIC_REPRESENTATION_ITEM ( )  RATIONAL_B_SPLINE_CURVE ( ( 0.9330127018922194100, 0.9330127018922194100, 1.000000000000000000, 0.8660254037844387100, 1.000000000000000000, 0.8660254037844387100, 1.000000000000000000, 0.9330127018922194100, 0.9330127018922194100 ) ) 
 REPRESENTATION_ITEM ( '' )  );
#604 = CARTESIAN_POINT ( 'NONE',  ( 1.732050807568877400, 1.060575238724907000E-016, -0.8249999999999999600 ) ) ;
#605 = CARTESIAN_POINT ( 'NONE',  ( 1.299038105676657300, 0.7499999999999998900, 0.7791666666666656700 ) ) ;
#606 = CARTESIAN_POINT ( 'NONE',  ( 1.017788105676655300, -0.5876202367904158600, -1.554166666666666900 ) ) ;
#607 = CARTESIAN_POINT ( 'NONE',  ( -2.722866528639652700, 1.591509564170813500, 0.9668416760243282400 ) ) ;
#608 = CARTESIAN_POINT ( 'NONE',  ( -1.499999999999999300, -9.151099541311131000E-015, -1.012500000000000800 ) ) ;
#609 = CARTESIAN_POINT ( 'NONE',  ( 1.836970198721030200E-016, -1.500000000000000200, 0.05000000000000012800 ) ) ;
#610 = VERTEX_POINT ( 'NONE', #11 ) ;
#611 = CARTESIAN_POINT ( 'NONE',  ( -0.8660254037844389300, 1.499999999999998900, 1.404166666666665200 ) ) ;
#612 = CARTESIAN_POINT ( 'NONE',  ( -1.299038105676657100, -0.7500000000000003300, 1.029166666666665500 ) ) ;
#613 = CARTESIAN_POINT ( 'NONE',  ( -0.8660254037844396000, 1.499999999999999800, 0.3416666666666667900 ) ) ;
#614 = CARTESIAN_POINT ( 'NONE',  ( 0.6785254037844366000, 1.175240473580832400, -0.4916666666666670300 ) ) ;
#615 = CARTESIAN_POINT ( 'NONE',  ( -1.405455584469938600, -0.3584069363820128200, -1.089322639351482800 ) ) ;
#616 = CARTESIAN_POINT ( 'NONE',  ( -1.499999999999999800, -0.4019237886466846500, -0.05267090063073977300 ) ) ;
#617 = CARTESIAN_POINT ( 'NONE',  ( 0.03506054380660809200, 1.514904205907512800, -1.139631569041382700 ) ) ;
#618 = CARTESIAN_POINT ( 'NONE',  ( -0.8660254037844381500, -1.500000000000000700, 2.008333333333333300 ) ) ;
#619 = CARTESIAN_POINT ( 'NONE',  ( -0.8660254037844389300, 1.499999999999998900, 0.4041666666666653400 ) ) ;
#620 = CARTESIAN_POINT ( 'NONE',  ( 1.500000000000000200, -0.4019237886466838800, -0.8473290993692601500 ) ) ;
#621 = ORIENTED_EDGE ( 'NONE', *, *, #735, .T. ) ;
#622 = AXIS2_PLACEMENT_3D ( 'NONE', #1159, #1137, #19 ) ;
#623 = CARTESIAN_POINT ( 'NONE',  ( -1.550000000000000300, 1.898202538678397700E-016, 1.200000000000000000 ) ) ;
#624 = CARTESIAN_POINT ( 'NONE',  ( -1.017788105676654900, -0.5876202367904166400, 1.279166666666666300 ) ) ;
#625 = CARTESIAN_POINT ( 'NONE',  ( -0.2426590452665930700, -1.371895263348548800, -1.031452015663011400 ) ) ;
#626 = DIRECTION ( 'NONE',  ( 0.0000000000000000000, 0.0000000000000000000, -1.000000000000000000 ) ) ;
#627 = CARTESIAN_POINT ( 'NONE',  ( -0.5573432356488380300, 1.392628306369864300, -1.107701459809931100 ) ) ;
#628 = FACE_OUTER_BOUND ( 'NONE', #2149, .T. ) ;
#629 = CARTESIAN_POINT ( 'NONE',  ( -3.673940397442060400E-016, 1.500000000000000200, 0.8000000000000001600 ) ) ;
#630 = CARTESIAN_POINT ( 'NONE',  ( 1.500000000000000200, 0.4019237886466843200, -0.3026709006307397000 ) ) ;
#631 = CARTESIAN_POINT ( 'NONE',  ( -1.500000000000000200, -6.391244124090313400E-016, -1.074999999999999700 ) ) ;
#632 = CIRCLE ( 'NONE', #1312, 2.750000000000000000 ) ;
#633 = CARTESIAN_POINT ( 'NONE',  ( 1.499999999753692400, -2.718311538093122300E-005, -0.2625015101720891100 ) ) ;
#634 = CARTESIAN_POINT ( 'NONE',  ( 1.017788105676655300, -0.5876202367904158600, -0.6166666666666670300 ) ) ;
#635 = CARTESIAN_POINT ( 'NONE',  ( -1.452451905283832700, 1.481606592402754400E-015, -1.102451905283832900 ) ) ;
#636 = EDGE_LOOP ( 'NONE', ( #1280, #1229 ) ) ;
#637 = CARTESIAN_POINT ( 'NONE',  ( 0.06874999999279179900, 3.135733649540316700, -0.9768614992981562400 ) ) ;
#638 = CARTESIAN_POINT ( 'NONE',  ( -1.250873387447348600, 0.8278448937338047700, -1.058646436395900700 ) ) ;
#639 = CARTESIAN_POINT ( 'NONE',  ( -2.878508968398371900E-016, 1.175240473580832200, -1.887500000000000200 ) ) ;
#640 = CARTESIAN_POINT ( 'NONE',  ( 2.749520295504705600, 1.521625606803917300, -0.9734028246420928200 ) ) ;
#641 = EDGE_LOOP ( 'NONE', ( #524, #97, #713, #808 ) ) ;
#642 = EDGE_CURVE ( 'NONE', #828, #1219, #660, .T. ) ;
#643 = ORIENTED_EDGE ( 'NONE', *, *, #350, .T. ) ;
#644 = CARTESIAN_POINT ( 'NONE',  ( 0.03841618364157313400, 3.149344744725303800, -0.9693170499885659400 ) ) ;
#645 = CARTESIAN_POINT ( 'NONE',  ( -2.467956445611847500, 1.750551162320671300, -1.045242999101399600 ) ) ;
#646 = CARTESIAN_POINT ( 'NONE',  ( -0.6785254037844372600, 1.175240473580831900, -0.4083333333333336600 ) ) ;
#647 = CARTESIAN_POINT ( 'NONE',  ( 0.2937377782197772000, -1.333772924041021000, -1.012788593091754800 ) ) ;
#648 = CARTESIAN_POINT ( 'NONE',  ( -1.017788105676655600, 0.5876202367904153100, 0.6333333333333329700 ) ) ;
#649 = CARTESIAN_POINT ( 'NONE',  ( 1.836970198721030200E-016, -1.500000000000000200, 0.5500000000000001600 ) ) ;
#650 = CARTESIAN_POINT ( 'NONE',  ( 2.749999999999999600, 1.514935828401367400, -0.9750267446543533500 ) ) ;
#651 = CARTESIAN_POINT ( 'NONE',  ( -0.6785254037844372600, 1.175240473580831900, -1.408333333333333900 ) ) ;
#652 = CARTESIAN_POINT ( 'NONE',  ( 0.7487130371441083100, 1.060307715092983800, 0.9364980884957236900 ) ) ;
#653 = CARTESIAN_POINT ( 'NONE',  ( -1.357050807568873400, -2.492861891654327400E-016, 1.674999999999999200 ) ) ;
#654 = CARTESIAN_POINT ( 'NONE',  ( -0.8660254037844381500, -1.500000000000000700, 1.008333333333333500 ) ) ;
#655 = CARTESIAN_POINT ( 'NONE',  ( 0.03042919851480276400, 3.150745849249282600, 0.9685444426531902900 ) ) ;
#656 = CARTESIAN_POINT ( 'NONE',  ( 0.1493821842030471600, 1.483662972365956700, -1.137948967567092600 ) ) ;
#657 = ORIENTED_EDGE ( 'NONE', *, *, #1058, .T. ) ;
#658 = CARTESIAN_POINT ( 'NONE',  ( -0.6785254037844362700, -1.175240473580832400, 0.2583333333333328600 ) ) ;
#659 = CARTESIAN_POINT ( 'NONE',  ( -1.500000000000000200, -6.391244124090313400E-016, 0.9249999999999998200 ) ) ;
#660 = B_SPLINE_CURVE_WITH_KNOTS ( 'NONE', 3,
 ( #194, #1680, #565, #558, #1448, #1316, #574, #691, #2009, #1166 ),
 .UNSPECIFIED., .F., .F.,
 ( 4, 2, 2, 2, 4 ),
 ( 0.005628090625891929100, 0.006367045557055348000, 0.007106000488218767800, 0.007844955419382187600, 0.008583910350545606600 ),
 .UNSPECIFIED. ) ;
#661 = ORIENTED_EDGE ( 'NONE', *, *, #456, .F. ) ;
#662 = CARTESIAN_POINT ( 'NONE',  ( 2.749999999999999600, 1.508327578257896400, -0.9768614993004513000 ) ) ;
#663 = DIRECTION ( 'NONE',  ( 1.000000000000000000, 0.0000000000000000000, 0.0000000000000000000 ) ) ;
#664 = CARTESIAN_POINT ( 'NONE',  ( 1.357050807568873400, 8.309539638847759200E-017, -0.5125000000000002900 ) ) ;
#665 = CARTESIAN_POINT ( 'NONE',  ( 2.742675273082496800, 1.554627620251535000, -0.9675527327946271700 ) ) ;
#666 = VECTOR ( 'NONE', #1187, 1000.000000000000000 ) ;
#667 = CARTESIAN_POINT ( 'NONE',  ( 1.357050807568873400, 8.309539638847759200E-017, 1.487499999999999800 ) ) ;
#668 = CARTESIAN_POINT ( 'NONE',  ( -0.3746645873102146300, -1.164492222166725100, 0.8577714047512716700 ) ) ;
#669 = ORIENTED_EDGE ( 'NONE', *, *, #1167, .T. ) ;
#670 = CARTESIAN_POINT ( 'NONE',  ( 0.0000000000000000000, 0.0000000000000000000, 1.200000000000000000 ) ) ;
#671 = CARTESIAN_POINT ( 'NONE',  ( -2.750000000000000000, 1.502314598737159600E-015, 1.200000000000000000 ) ) ;
#672 = CARTESIAN_POINT ( 'NONE',  ( -1.017788105676654900, -0.5876202367904166400, -0.2208333333333337400 ) ) ;
#673 = CARTESIAN_POINT ( 'NONE',  ( 0.8660254037844387100, -1.499999999999998900, -1.345833333333334300 ) ) ;
#674 = EDGE_CURVE ( 'NONE', #1977, #2100, #900, .T. ) ;
#675 = ORIENTED_EDGE ( 'NONE', *, *, #1203, .T. ) ;
#676 = CARTESIAN_POINT ( 'NONE',  ( 1.279404198933000100, -0.1344878711927484100, 1.977963804769036700 ) ) ;
#677 = CARTESIAN_POINT ( 'NONE',  ( -0.8209059912955994900, 0.8410133912117497800, -0.8252404735808321900 ) ) ;
#678 = ADVANCED_FACE ( 'NONE', ( #1427 ), #2385, .F. ) ;
#679 = CARTESIAN_POINT ( 'NONE',  ( 2.739720977257540400, -1.562316802831067000, -0.9668416760243302400 ) ) ;
#680 = CARTESIAN_POINT ( 'NONE',  ( 0.8660254037844387100, -1.499999999999998900, -0.8458333333333344400 ) ) ;
#681 = CARTESIAN_POINT ( 'NONE',  ( 1.017788105676655300, -0.5876202367904158600, 0.4458333333333330300 ) ) ;
#682 = CARTESIAN_POINT ( 'NONE',  ( 0.4925303244585309500, -1.242741526994591000, 0.9833189887843147800 ) ) ;
#683 = ORIENTED_EDGE ( 'NONE', *, *, #559, .T. ) ;
#684 = CARTESIAN_POINT ( 'NONE',  ( -1.499999999999999600, 0.4019237886466830400, 0.9651709006307385200 ) ) ;
#685 = EDGE_CURVE ( 'NONE', #1127, #701, #192, .T. ) ;
#686 = CARTESIAN_POINT ( 'NONE',  ( -0.8660254037844389300, 1.499999999999998900, -1.595833333333334500 ) ) ;
#687 = CARTESIAN_POINT ( 'NONE',  ( -2.878508968398371900E-016, 1.175240473580832200, -1.950000000000000400 ) ) ;
#688 = CYLINDRICAL_SURFACE ( 'NONE', #2052, 1.500000000000000200 ) ;
#689 = DIRECTION ( 'NONE',  ( -1.000000000000000000, 0.0000000000000000000, 0.0000000000000000000 ) ) ;
#690 = CARTESIAN_POINT ( 'NONE',  ( 2.725406321178645900, 1.586803132654819100, 0.9669273479231825800 ) ) ;
#691 = CARTESIAN_POINT ( 'NONE',  ( 0.2093128050448435400, -1.488603972167603200, 1.132827969825440900 ) ) ;
#692 = FACE_OUTER_BOUND ( 'NONE', #1384, .T. ) ;
#693 = CARTESIAN_POINT ( 'NONE',  ( 2.681250000007206100, -1.627406071274096300, -0.9768614992981573500 ) ) ;
#694 = VECTOR ( 'NONE', #715, 1000.000000000000000 ) ;
#695 = DIRECTION ( 'NONE',  ( 0.0000000000000000000, 0.0000000000000000000, -1.000000000000000000 ) ) ;
#696 = ORIENTED_EDGE ( 'NONE', *, *, #306, .T. ) ;
#697 = CARTESIAN_POINT ( 'NONE',  ( -2.750000000000001800, -1.261933435746982500, -1.045271863304290300 ) ) ;
#698 = ORGANIZATION ( 'UNSPECIFIED', 'UNSPECIFIED', '' ) ;
#699 = CARTESIAN_POINT ( 'NONE',  ( -1.446818292190560800, 0.2335218808720442000, -1.110908213708067500 ) ) ;
#700 = CARTESIAN_POINT ( 'NONE',  ( -1.499999999999999300, -6.100733027540754000E-016, -0.5125000000000012900 ) ) ;
#701 = VERTEX_POINT ( 'NONE', #710 ) ;
#702 = CARTESIAN_POINT ( 'NONE',  ( 1.191132474150081900, 0.4692240258500536300, -0.9245261178848640500 ) ) ;
#703 = B_SPLINE_CURVE_WITH_KNOTS ( 'NONE', 3,
 ( #1994, #2173, #1277, #160, #1463, #1 ),
 .UNSPECIFIED., .F., .F.,
 ( 4, 2, 4 ),
 ( 0.001606744326298687500, 0.002366164154466186400, 0.003125583982633684000 ),
 .UNSPECIFIED. ) ;
#704 = EDGE_CURVE ( 'NONE', #1336, #1639, #1767, .T. ) ;
#705 = ORIENTED_EDGE ( 'NONE', *, *, #1239, .T. ) ;
#706 = CARTESIAN_POINT ( 'NONE',  ( 0.6785254037844370400, -1.175240473580832200, -1.158333333333333700 ) ) ;
#707 = AXIS2_PLACEMENT_3D ( 'NONE', #927, #8, #1300 ) ;
#708 = DIRECTION ( 'NONE',  ( 0.0000000000000000000, 0.0000000000000000000, -1.000000000000000000 ) ) ;
#709 = CARTESIAN_POINT ( 'NONE',  ( 2.681250000007206100, -1.627406071274096300, -0.9768614992981573500 ) ) ;
#710 = CARTESIAN_POINT ( 'NONE',  ( -1.374999999999999100, 2.381569860407206600, 1.200000000000000000 ) ) ;
#711 = CARTESIAN_POINT ( 'NONE',  ( -0.6785254037844363800, -1.175240473580832200, -0.2416666666666669500 ) ) ;
#712 =( BOUNDED_CURVE ( )  B_SPLINE_CURVE ( 2, ( #582, #2232, #1307, #2079, #2227, #1105, #1487, #1673, #1526 ),
 .UNSPECIFIED., .F., .T. ) 
 B_SPLINE_CURVE_WITH_KNOTS ( ( 3, 2, 2, 2, 3 ),
 ( 0.2187500000000000000, 0.2291666666666666600, 0.2500000000000000000, 0.2708333333333333100, 0.2812500000000000000 ),
 .UNSPECIFIED. ) 
 CURVE ( )  GEOMETRIC_REPRESENTATION_ITEM ( )  RATIONAL_B_SPLINE_CURVE ( ( 0.9330127018922194100, 0.9330127018922194100, 1.000000000000000000, 0.8660254037844387100, 1.000000000000000000, 0.8660254037844387100, 1.000000000000000000, 0.9330127018922194100, 0.9330127018922194100 ) ) 
 REPRESENTATION_ITEM ( '' )  );
#713 = ORIENTED_EDGE ( 'NONE', *, *, #809, .F. ) ;
#714 = CARTESIAN_POINT ( 'NONE',  ( 0.0000000000000000000, 0.0000000000000000000, 1.200000000000000000 ) ) ;
#715 = DIRECTION ( 'NONE',  ( -0.0000000000000000000, -0.0000000000000000000, 1.000000000000000000 ) ) ;
#716 = CARTESIAN_POINT ( 'NONE',  ( 1.357050807568873400, 8.309539638847759200E-017, -0.07500000000000041400 ) ) ;
#717 = B_SPLINE_CURVE_WITH_KNOTS ( 'NONE', 3,
 ( #1952, #1214, #2142, #286, #1415, #2322, #1600, #665, #263, #485, #640, #650, #1028 ),
 .UNSPECIFIED., .F., .F.,
 ( 4, 3, 3, 3, 4 ),
 ( 2.400369741961872300E-016, 4.198837217620700000E-005, 8.410849014049646900E-005, 0.0001247285044134454200, 0.0001450865298740301200 ),
 .UNSPECIFIED. ) ;
#718 = VERTEX_POINT ( 'NONE', #1712 ) ;
#719 = DATE_TIME_ROLE ( 'creation_date' ) ;
#720 = DIRECTION ( 'NONE',  ( -1.000000000000000000, 0.0000000000000000000, 0.0000000000000000000 ) ) ;
#721 = EDGE_CURVE ( 'NONE', #284, #1410, #1590, .T. ) ;
#722 = LINE ( 'NONE', #2043, #1861 ) ;
#723 = CARTESIAN_POINT ( 'NONE',  ( 2.750000000000000000, -1.502314598737159200E-015, -1.200000000000000000 ) ) ;
#724 = CARTESIAN_POINT ( 'NONE',  ( -1.207220423859859600, 0.1974709731888261700, -0.8577852361112388000 ) ) ;
#725 = FACE_OUTER_BOUND ( 'NONE', #1982, .T. ) ;
#726 = CARTESIAN_POINT ( 'NONE',  ( -1.357050807568873400, -2.492861891654327400E-016, 0.1749999999999996000 ) ) ;
#727 = APPROVAL_STATUS ( 'not_yet_approved' ) ;
#728 = CARTESIAN_POINT ( 'NONE',  ( -1.017788105676655100, -0.5876202367904167500, 0.2791666666666679500 ) ) ;
#729 = ORIENTED_EDGE ( 'NONE', *, *, #1357, .T. ) ;
#730 = CARTESIAN_POINT ( 'NONE',  ( 1.017788105676655300, -0.5876202367904158600, 0.8833333333333327500 ) ) ;
#731 = DIRECTION ( 'NONE',  ( 1.000000000000000000, 0.0000000000000000000, 0.0000000000000000000 ) ) ;
#732 = CARTESIAN_POINT ( 'NONE',  ( 1.375000000000000900, 2.381569860407206200, 1.200000000000000000 ) ) ;
#733 = CARTESIAN_POINT ( 'NONE',  ( 1.017788105676655300, -0.5876202367904158600, -0.6166666666666670300 ) ) ;
#734 = ORIENTED_EDGE ( 'NONE', *, *, #1690, .F. ) ;
#735 = EDGE_CURVE ( 'NONE', #26, #1977, #2117, .T. ) ;
#736 = CARTESIAN_POINT ( 'NONE',  ( 1.017788105676655300, -0.5876202367904158600, -0.1166666666666670400 ) ) ;
#737 = DIRECTION ( 'NONE',  ( 0.0000000000000000000, 0.0000000000000000000, -1.000000000000000000 ) ) ;
#738 = DIRECTION ( 'NONE',  ( 1.000000000000000000, 0.0000000000000000000, 0.0000000000000000000 ) ) ;
#739 = SECURITY_CLASSIFICATION ( '', '', #2395 ) ;
#740 = EDGE_LOOP ( 'NONE', ( #2224, #1404, #1631, #136, #1450, #1288, #353, #1670 ) ) ;
#741 = CARTESIAN_POINT ( 'NONE',  ( 1.357050807568873400, 8.309539638847759200E-017, 1.424999999999999600 ) ) ;
#742 = CARTESIAN_POINT ( 'NONE',  ( -0.06875000000063583000, -3.135733649535787000, 0.9768614993006551300 ) ) ;
#743 = CIRCLE ( 'NONE', #167, 2.750000000000000000 ) ;
#744 = CARTESIAN_POINT ( 'NONE',  ( -0.9321868065874925300, -2.637228176824634800, 1.178847267350582300 ) ) ;
#745 = FACE_OUTER_BOUND ( 'NONE', #1790, .T. ) ;
#746 = CARTESIAN_POINT ( 'NONE',  ( 0.0000000000000000000, 0.0000000000000000000, 1.200000000000000000 ) ) ;
#747 = AXIS2_PLACEMENT_3D ( 'NONE', #1672, #1858, #738 ) ;
#748 = FACE_BOUND ( 'NONE', #1296, .T. ) ;
#749 = CARTESIAN_POINT ( 'NONE',  ( -0.6785254037844362700, -1.175240473580832400, -0.7416666666666670300 ) ) ;
#750 = ORIENTED_EDGE ( 'NONE', *, *, #825, .F. ) ;
#751 = DIRECTION ( 'NONE',  ( -0.0000000000000000000, -0.0000000000000000000, -1.000000000000000000 ) ) ;
#752 = DIRECTION ( 'NONE',  ( 0.0000000000000000000, 0.0000000000000000000, -1.000000000000000000 ) ) ;
#753 = VERTEX_POINT ( 'NONE', #31 ) ;
#754 = CARTESIAN_POINT ( 'NONE',  ( -1.017788105676655100, -0.5876202367904167500, 0.7791666666666680100 ) ) ;
#755 = CARTESIAN_POINT ( 'NONE',  ( 1.439254484199185900E-016, -1.175240473580832200, -0.2000000000000003200 ) ) ;
#756 = ORIENTED_EDGE ( 'NONE', *, *, #1854, .T. ) ;
#757 = CARTESIAN_POINT ( 'NONE',  ( -2.878508968398371900E-016, 1.175240473580832200, 0.5499999999999997100 ) ) ;
#758 = CARTESIAN_POINT ( 'NONE',  ( -1.500000000000000200, -6.391244124090313400E-016, 0.9249999999999998200 ) ) ;
#759 = EDGE_CURVE ( 'NONE', #2338, #338, #2291, .T. ) ;
#760 = CARTESIAN_POINT ( 'NONE',  ( 1.357050807568873400, 8.309539638847759200E-017, -0.01250000000000036000 ) ) ;
#761 = CARTESIAN_POINT ( 'NONE',  ( 0.2820435543947310600, 3.012588558489945400, 1.045242999103193300 ) ) ;
#762 = CARTESIAN_POINT ( 'NONE',  ( -3.673940397442058400E-016, 1.499999999999999300, 0.3624999999999988800 ) ) ;
#763 = CARTESIAN_POINT ( 'NONE',  ( -1.299038105676657800, -0.7500000000000007800, -0.5333333333333332100 ) ) ;
#764 = ORIENTED_EDGE ( 'NONE', *, *, #2352, .T. ) ;
#765 = CARTESIAN_POINT ( 'NONE',  ( -1.357050807568873400, -2.492861891654327400E-016, 0.6749999999999993800 ) ) ;
#766 = DIRECTION ( 'NONE',  ( 0.0000000000000000000, 0.0000000000000000000, -1.000000000000000000 ) ) ;
#767 = B_SPLINE_CURVE_WITH_KNOTS ( 'NONE', 3,
 ( #929, #385, #1679, #2054, #1116, #5 ),
 .UNSPECIFIED., .F., .F.,
 ( 4, 2, 4 ),
 ( 0.008629028915602824900, 0.009391637273468044600, 0.01015424563133326300 ),
 .UNSPECIFIED. ) ;
#768 = CARTESIAN_POINT ( 'NONE',  ( 0.6785254037844370400, -1.175240473580832200, -0.5958333333333336600 ) ) ;
#769 = CARTESIAN_POINT ( 'NONE',  ( -2.747952027082115400, 1.535750229586456900, -0.9702438667102194500 ) ) ;
#770 = ORIENTED_EDGE ( 'NONE', *, *, #29, .T. ) ;
#771 = CARTESIAN_POINT ( 'NONE',  ( 1.299038105676657300, 0.7499999999999998900, 0.2791666666666654000 ) ) ;
#772 = CARTESIAN_POINT ( 'NONE',  ( 1.836970198721030200E-016, -1.500000000000000200, -0.4499999999999999000 ) ) ;
#773 = CARTESIAN_POINT ( 'NONE',  ( -3.673940397442058400E-016, 1.499999999999999300, 0.8624999999999989300 ) ) ;
#774 = EDGE_CURVE ( 'NONE', #406, #338, #1208, .T. ) ;
#775 = CARTESIAN_POINT ( 'NONE',  ( -2.681249999999365800, 1.627406071278624700, 0.9768614993006541300 ) ) ;
#776 = CARTESIAN_POINT ( 'NONE',  ( 2.749999999999999600, 1.508327578257896700, 1.200000000000000000 ) ) ;
#777 = LOCAL_TIME ( 11, 33, 0.0000000000000000000, #1866 ) ;
#778 = CARTESIAN_POINT ( 'NONE',  ( -1.017788105676655600, 0.5876202367904153100, 0.1958333333333330300 ) ) ;
#779 = CARTESIAN_POINT ( 'NONE',  ( -2.730950645878182500, 1.579545118400109900, 0.9662798097312701500 ) ) ;
#780 = EDGE_LOOP ( 'NONE', ( #2190, #1638, #887, #2095 ) ) ;
#781 = EDGE_LOOP ( 'NONE', ( #1762, #2153, #2132, #1706 ) ) ;
#782 = CARTESIAN_POINT ( 'NONE',  ( 1.299038105676658400, -0.7499999999999997800, -0.8666666666666665900 ) ) ;
#783 = CARTESIAN_POINT ( 'NONE',  ( -0.8660254037844389300, 1.499999999999998900, 0.9041666666666652300 ) ) ;
#784 = ADVANCED_FACE ( 'NONE', ( #1010 ), #947, .F. ) ;
#785 = B_SPLINE_CURVE_WITH_KNOTS ( 'NONE', 3,
 ( #2303, #1177, #1381, #1202, #1264, #146 ),
 .UNSPECIFIED., .F., .F.,
 ( 4, 2, 4 ),
 ( 0.003055388771707922900, 0.003818120087012261500, 0.004580851402316600500 ),
 .UNSPECIFIED. ) ;
#786 = ORIENTED_EDGE ( 'NONE', *, *, #1309, .T. ) ;
#787 = CARTESIAN_POINT ( 'NONE',  ( 1.357050807568873400, 8.309539638847759200E-017, -1.012500000000000400 ) ) ;
#788 = PLANE ( 'NONE',  #223 ) ;
#789 = CARTESIAN_POINT ( 'NONE',  ( 1.299038105676658200, 0.7500000000000003300, -1.283333333333333200 ) ) ;
#790 = CARTESIAN_POINT ( 'NONE',  ( -1.732050807568876300, -3.181725716174719000E-016, -0.01250000000000122500 ) ) ;
#791 = CARTESIAN_POINT ( 'NONE',  ( -1.299038105676658900, 0.7499999999999990000, 0.8833333333333334100 ) ) ;
#792 = EDGE_CURVE ( 'NONE', #284, #1943, #461, .T. ) ;
#793 = DIRECTION ( 'NONE',  ( -1.000000000000000000, 0.0000000000000000000, 0.0000000000000000000 ) ) ;
#794 = CARTESIAN_POINT ( 'NONE',  ( -1.357050807568873400, -2.492861891654327400E-016, -1.325000000000000200 ) ) ;
#795 = CARTESIAN_POINT ( 'NONE',  ( -2.742675273082618000, 1.554627620251196600, 0.9675527327946622500 ) ) ;
#796 = EDGE_LOOP ( 'NONE', ( #580, #1342, #705, #2069 ) ) ;
#797 = ORIENTED_EDGE ( 'NONE', *, *, #2029, .T. ) ;
#798 = CARTESIAN_POINT ( 'NONE',  ( 0.8660254037844392600, -1.500000000000000000, -0.9083333333333333300 ) ) ;
#799 = CARTESIAN_POINT ( 'NONE',  ( 0.8660254037844380400, 1.499999999999999300, 0.8208333333333319700 ) ) ;
#800 = CARTESIAN_POINT ( 'NONE',  ( 0.01150866309447485600, 3.153672676102808700, -0.9669273479231821300 ) ) ;
#801 = LINE ( 'NONE', #2176, #1074 ) ;
#802 = CARTESIAN_POINT ( 'NONE',  ( -1.299038105676658900, 0.7499999999999990000, 0.3833333333333334100 ) ) ;
#803 = CARTESIAN_POINT ( 'NONE',  ( 1.017788105676655300, -0.5876202367904158600, 1.945833333333332900 ) ) ;
#804 = CARTESIAN_POINT ( 'NONE',  ( 1.375000000000000900, 2.381569860407206200, -1.200000000000000000 ) ) ;
#805 = ORIENTED_EDGE ( 'NONE', *, *, #1533, .T. ) ;
#806 = CARTESIAN_POINT ( 'NONE',  ( -0.5737712270850466900, 1.385966721079845400, -1.106726612830830800 ) ) ;
#807 = CARTESIAN_POINT ( 'NONE',  ( 1.017788105676655300, -0.5876202367904158600, -1.554166666666666900 ) ) ;
#808 = ORIENTED_EDGE ( 'NONE', *, *, #422, .F. ) ;
#809 = EDGE_CURVE ( 'NONE', #1275, #2220, #832, .T. ) ;
#810 = CARTESIAN_POINT ( 'NONE',  ( 2.708204462386340200, -1.607941763312704900, -0.9693170499885672700 ) ) ;
#811 = CARTESIAN_POINT ( 'NONE',  ( -1.499999999999999300, -6.100733027540754000E-016, -0.01250000000000122400 ) ) ;
#812 = CARTESIAN_POINT ( 'NONE',  ( 1.439254484199185900E-016, -1.175240473580832200, -1.200000000000000400 ) ) ;
#813 = CARTESIAN_POINT ( 'NONE',  ( -1.097059054767928400, -0.9032254182028777200, -1.068197082433248300 ) ) ;
#814 = ORIENTED_EDGE ( 'NONE', *, *, #1138, .T. ) ;
#815 =( BOUNDED_CURVE ( )  B_SPLINE_CURVE ( 2, ( #1604, #1235, #120, #127, #865 ),
 .UNSPECIFIED., .F., .T. ) 
 B_SPLINE_CURVE_WITH_KNOTS ( ( 3, 2, 3 ),
 ( 0.1373653270202321900, 0.1458333333333333400, 0.1562500000000000000 ),
 .UNSPECIFIED. ) 
 CURVE ( )  GEOMETRIC_REPRESENTATION_ITEM ( )  RATIONAL_B_SPLINE_CURVE ( ( 0.9353569697114394500, 0.9455441091256695500, 1.000000000000000000, 0.9330127018922194100, 0.9330127018922194100 ) ) 
 REPRESENTATION_ITEM ( '' )  );
#816 = CARTESIAN_POINT ( 'NONE',  ( 1.500000000000000200, -0.4019237886466838800, 0.1526709006307397900 ) ) ;
#817 = CARTESIAN_POINT ( 'NONE',  ( -2.692929196218940600, -1.620663084197332600, -0.9731171716473113700 ) ) ;
#818 = CARTESIAN_POINT ( 'NONE',  ( -0.8660254037844396000, 1.500000000000000000, 1.841666666666666600 ) ) ;
#819 = CARTESIAN_POINT ( 'NONE',  ( 0.01685444861799764700, 3.153826367001693900, 0.9668416760243289100 ) ) ;
#820 = EDGE_LOOP ( 'NONE', ( #1466, #851, #1750, #152, #814, #1969 ) ) ;
#821 = CARTESIAN_POINT ( 'NONE',  ( 0.8660254037844381500, 1.499999999999999300, -0.1791666666666679700 ) ) ;
#822 = CARTESIAN_POINT ( 'NONE',  ( -0.6785254037844362700, -1.175240473580832400, -1.741666666666666900 ) ) ;
#823 = CARTESIAN_POINT ( 'NONE',  ( 2.749999999999998200, -1.010946657050024300, 1.101911994747482200 ) ) ;
#824 = CARTESIAN_POINT ( 'NONE',  ( 0.8660254037844392600, -1.499999999999999800, -0.4083333333333332700 ) ) ;
#825 = EDGE_CURVE ( 'NONE', #1219, #860, #106, .T. ) ;
#826 = CARTESIAN_POINT ( 'NONE',  ( -1.299038105676657800, -0.7500000000000007800, 0.9666666666666666700 ) ) ;
#827 = CARTESIAN_POINT ( 'NONE',  ( -0.05074882542996032200, 3.144447201328761200, 0.9720293796442243100 ) ) ;
#828 = VERTEX_POINT ( 'NONE', #420 ) ;
#829 = AXIS2_PLACEMENT_3D ( 'NONE', #2400, #537, #915 ) ;
#830 = CARTESIAN_POINT ( 'NONE',  ( -1.017788105676655600, 0.5876202367904153100, -0.3666666666666670300 ) ) ;
#831 = CARTESIAN_POINT ( 'NONE',  ( 2.749999999999998700, -0.2550090575499726100, 1.200000000000000600 ) ) ;
#832 = B_SPLINE_CURVE_WITH_KNOTS ( 'NONE', 3,
 ( #1550, #217, #2116, #82, #1173, #2315, #800, #1001, #644, #1953, #1941, #1198, #2294 ),
 .UNSPECIFIED., .F., .F.,
 ( 4, 3, 3, 3, 4 ),
 ( 2.401100176791917900E-016, 4.198837217620702700E-005, 8.410849014049641500E-005, 0.0001247285044134460500, 0.0001450865298655176200 ),
 .UNSPECIFIED. ) ;
#833 = CARTESIAN_POINT ( 'NONE',  ( 0.8660254037844392600, -1.499999999999999800, 0.09166666666666675700 ) ) ;
#834 = CARTESIAN_POINT ( 'NONE',  ( -0.6785254037844362700, -1.175240473580832400, 1.258333333333333100 ) ) ;
#835 = ORIENTED_EDGE ( 'NONE', *, *, #1690, .T. ) ;
#836 = CARTESIAN_POINT ( 'NONE',  ( 0.8660254037844386000, 1.500000000000000400, 0.7583333333333333000 ) ) ;
#837 = FACE_OUTER_BOUND ( 'NONE', #388, .T. ) ;
#838 = CARTESIAN_POINT ( 'NONE',  ( 0.6785254037844370400, -1.175240473580832200, -0.09583333333333361700 ) ) ;
#839 = LINE ( 'NONE', #1812, #399 ) ;
#840 = CARTESIAN_POINT ( 'NONE',  ( 1.357050807568873400, 8.309539638847759200E-017, 0.4249999999999996000 ) ) ;
#841 = PERSON_AND_ORGANIZATION ( #40, #698 ) ;
#842 = CARTESIAN_POINT ( 'NONE',  ( -1.017788105676655600, 0.5876202367904153100, -1.304166666666666900 ) ) ;
#843 = DIRECTION ( 'NONE',  ( 0.0000000000000000000, 0.0000000000000000000, -1.000000000000000000 ) ) ;
#844 = ORIENTED_EDGE ( 'NONE', *, *, #774, .T. ) ;
#845 = EDGE_CURVE ( 'NONE', #1582, #517, #1989, .T. ) ;
#846 = VERTEX_POINT ( 'NONE', #1542 ) ;
#847 = CARTESIAN_POINT ( 'NONE',  ( -0.6785254037844362700, -1.175240473580832400, 1.820833333333333300 ) ) ;
#848 = CARTESIAN_POINT ( 'NONE',  ( 1.017788105676655300, -0.5876202367904158600, -0.1166666666666670400 ) ) ;
#849 = CARTESIAN_POINT ( 'NONE',  ( 2.252901299046162500, -1.874713309080980200, -1.101344487404031900 ) ) ;
#850 = B_SPLINE_CURVE_WITH_KNOTS ( 'NONE', 3,
 ( #2371, #1247, #896, #1630, #697, #2365 ),
 .UNSPECIFIED., .F., .F.,
 ( 4, 2, 4 ),
 ( 0.01015424563133326300, 0.01091654645915988600, 0.01167884728698651000 ),
 .UNSPECIFIED. ) ;
#851 = ORIENTED_EDGE ( 'NONE', *, *, #792, .T. ) ;
#852 = CARTESIAN_POINT ( 'NONE',  ( -0.8209059912955994900, 0.8410133912117497800, -0.8252404735808321900 ) ) ;
#853 = DIRECTION ( 'NONE',  ( -0.0000000000000000000, -0.0000000000000000000, 1.000000000000000000 ) ) ;
#854 = CARTESIAN_POINT ( 'NONE',  ( -1.017788105676655600, 0.5876202367904153100, -0.8041666666666670300 ) ) ;
#855 = CARTESIAN_POINT ( 'NONE',  ( 1.732050807568876300, 1.060575238724906400E-016, -1.262500000000001100 ) ) ;
#856 = CARTESIAN_POINT ( 'NONE',  ( 1.439254484199185900E-016, -1.175240473580832200, 0.3624999999999997700 ) ) ;
#857 = CARTESIAN_POINT ( 'NONE',  ( -0.5329714861192910200, -1.047440483142738600, 0.8252404735808335200 ) ) ;
#858 = CARTESIAN_POINT ( 'NONE',  ( -2.750000000000001300, -1.010946657039691000, 1.101911994749544400 ) ) ;
#859 = EDGE_CURVE ( 'NONE', #1865, #1797, #1657, .T. ) ;
#860 = VERTEX_POINT ( 'NONE', #993 ) ;
#861 = CARTESIAN_POINT ( 'NONE',  ( 0.6785254037844366000, 1.175240473580832400, -0.9291666666666669200 ) ) ;
#862 = VERTEX_POINT ( 'NONE', #358 ) ;
#863 = CARTESIAN_POINT ( 'NONE',  ( -1.299038105676658000, 0.7499999999999985600, -1.054166666666667800 ) ) ;
#864 = ADVANCED_FACE ( 'NONE', ( #1917 ), #688, .F. ) ;
#865 = CARTESIAN_POINT ( 'NONE',  ( -1.500000000000000200, -6.391244124090313400E-016, -1.074999999999999700 ) ) ;
#866 = CARTESIAN_POINT ( 'NONE',  ( -2.878508968398371900E-016, 1.175240473580832200, 0.6124999999999997100 ) ) ;
#867 = PRODUCT_DEFINITION ( 'UNKNOWN', '', #2236, #185 ) ;
#868 = FACE_OUTER_BOUND ( 'NONE', #224, .T. ) ;
#869 = CARTESIAN_POINT ( 'NONE',  ( -2.697796744494887800, -1.616173372698726900, 0.9720293796441514800 ) ) ;
#870 = CARTESIAN_POINT ( 'NONE',  ( -0.6785254037844362700, -1.175240473580832400, 0.7583333333333330800 ) ) ;
#871 = CC_DESIGN_APPROVAL ( #68, ( #2236 ) ) ;
#872 = ORIENTED_EDGE ( 'NONE', *, *, #177, .F. ) ;
#873 = CARTESIAN_POINT ( 'NONE',  ( 1.017788105676655300, -0.5876202367904158600, 1.883333333333332900 ) ) ;
#874 = FACE_OUTER_BOUND ( 'NONE', #1996, .T. ) ;
#875 = CARTESIAN_POINT ( 'NONE',  ( 0.0000000000000000000, 0.0000000000000000000, 1.200000000000000000 ) ) ;
#876 = CARTESIAN_POINT ( 'NONE',  ( 1.017788105676655100, 0.5876202367904161900, 0.02916666666666627200 ) ) ;
#877 = EDGE_LOOP ( 'NONE', ( #906, #1694, #1616, #657 ) ) ;
#878 = LOCAL_TIME ( 11, 33, 0.0000000000000000000, #1578 ) ;
#879 = CARTESIAN_POINT ( 'NONE',  ( -0.6428305032640507800, 1.003869684967399400, -0.8358799499612256100 ) ) ;
#880 = CARTESIAN_POINT ( 'NONE',  ( -2.747952027082116700, -1.535750229586455600, 0.9702438667102190100 ) ) ;
#881 = CARTESIAN_POINT ( 'NONE',  ( -0.8660254037844377100, -1.500000000000000000, -1.429166666666667800 ) ) ;
#882 = CARTESIAN_POINT ( 'NONE',  ( 0.9321868065847964700, 2.637228176826191800, -1.178847267350319900 ) ) ;
#883 = AXIS2_PLACEMENT_3D ( 'NONE', #2078, #1345, #731 ) ;
#884 = DIRECTION ( 'NONE',  ( 1.000000000000000000, 0.0000000000000000000, 0.0000000000000000000 ) ) ;
#885 = CARTESIAN_POINT ( 'NONE',  ( -0.06874999999999113800, 3.135733649536159600, 0.9768614993004483000 ) ) ;
#886 = DIRECTION ( 'NONE',  ( -1.000000000000000000, 0.0000000000000000000, 0.0000000000000000000 ) ) ;
#887 = ORIENTED_EDGE ( 'NONE', *, *, #1082, .F. ) ;
#888 = CARTESIAN_POINT ( 'NONE',  ( 0.8660254037844381500, 1.499999999999999300, 0.8208333333333321900 ) ) ;
#889 = CARTESIAN_POINT ( 'NONE',  ( 0.0000000000000000000, 0.0000000000000000000, -1.200000000000000000 ) ) ;
#890 = CARTESIAN_POINT ( 'NONE',  ( -2.713411347061183100, -1.601725383554903200, -0.9685444426531307800 ) ) ;
#891 = CARTESIAN_POINT ( 'NONE',  ( -0.9440525673431096100, 0.9262138068458918300, -0.9689966158247586000 ) ) ;
#892 = CARTESIAN_POINT ( 'NONE',  ( -0.9321868065847965800, -2.637228176826190900, -1.178847267350320100 ) ) ;
#893 = CARTESIAN_POINT ( 'NONE',  ( 1.500000000000000200, 2.033577675846917800E-016, 0.1749999999999999900 ) ) ;
#894 = VERTEX_POINT ( 'NONE', #2028 ) ;
#895 = DIRECTION ( 'NONE',  ( -0.4999999999999995000, 0.8660254037844389300, 0.0000000000000000000 ) ) ;
#896 = CARTESIAN_POINT ( 'NONE',  ( -2.750000000000001300, -0.5080908593404098700, -1.179202469799252900 ) ) ;
#897 = EDGE_CURVE ( 'NONE', #930, #1423, #1942, .T. ) ;
#898 =( BOUNDED_CURVE ( )  B_SPLINE_CURVE ( 2, ( #2260, #30, #1331, #403, #2085, #2268, #1150, #37, #1778 ),
 .UNSPECIFIED., .F., .T. ) 
 B_SPLINE_CURVE_WITH_KNOTS ( ( 3, 2, 2, 2, 3 ),
 ( 0.5191849839629235600, 0.5298694088069397800, 0.5512389811338970200, 0.5726085534608542600, 0.5832933396243329400 ),
 .UNSPECIFIED. ) 
 CURVE ( )  GEOMETRIC_REPRESENTATION_ITEM ( )  RATIONAL_B_SPLINE_CURVE ( ( 0.9330127019688219100, 0.9330149671518300800, 1.000000000000000000, 0.8660254037844387100, 1.000000000000000000, 0.8660254037844387100, 1.000000000000000000, 0.9330127018922194100, 0.9330127018922194100 ) ) 
 REPRESENTATION_ITEM ( '' )  );
#899 = CARTESIAN_POINT ( 'NONE',  ( 0.8660254037844386000, 1.500000000000000200, -0.2416666666666666100 ) ) ;
#900 = CIRCLE ( 'NONE', #1259, 2.750000000000000000 ) ;
#901 = CARTESIAN_POINT ( 'NONE',  ( -0.02499062397847325000, -3.152540270946631000, -0.9675527327946278300 ) ) ;
#902 = AXIS2_PLACEMENT_3D ( 'NONE', #1211, #1563, #2134 ) ;
#903 = ORIENTED_EDGE ( 'NONE', *, *, #1459, .T. ) ;
#904 = DIRECTION ( 'NONE',  ( 5.462962177226035400E-016, 1.000000000000000000, 0.0000000000000000000 ) ) ;
#905 = DIRECTION ( 'NONE',  ( 1.000000000000000000, 0.0000000000000000000, 0.0000000000000000000 ) ) ;
#906 = ORIENTED_EDGE ( 'NONE', *, *, #1518, .F. ) ;
#907 = ORIENTED_EDGE ( 'NONE', *, *, #1459, .F. ) ;
#908 = EDGE_LOOP ( 'NONE', ( #1772, #960, #669, #621, #2254, #525 ) ) ;
#909 = CARTESIAN_POINT ( 'NONE',  ( -0.6785254037844372600, 1.175240473580831700, 0.09166666666666632700 ) ) ;
#910 = EDGE_CURVE ( 'NONE', #1160, #1085, #15, .T. ) ;
#911 = MECHANICAL_CONTEXT ( 'NONE', #1651, 'mechanical' ) ;
#912 = CARTESIAN_POINT ( 'NONE',  ( 0.6785254037844370400, -1.175240473580831900, -0.09583333333333198000 ) ) ;
#913 = ORIENTED_EDGE ( 'NONE', *, *, #1222, .T. ) ;
#914 = AXIS2_PLACEMENT_3D ( 'NONE', #493, #1049, #689 ) ;
#915 = DIRECTION ( 'NONE',  ( 1.000000000000000000, 0.0000000000000000000, 0.0000000000000000000 ) ) ;
#916 = CARTESIAN_POINT ( 'NONE',  ( 2.467956445605266500, -1.750551162324467600, 1.045242999103194200 ) ) ;
#917 = CARTESIAN_POINT ( 'NONE',  ( 0.6785254037844370400, -1.175240473580832200, -1.595833333333333700 ) ) ;
#918 = CARTESIAN_POINT ( 'NONE',  ( -1.357050807568873400, -2.492861891654327400E-016, 0.1749999999999996000 ) ) ;
#919 = CARTESIAN_POINT ( 'NONE',  ( 0.8331595097158484000, -0.8965609146856391400, 0.8477902132660331000 ) ) ;
#920 = VERTEX_POINT ( 'NONE', #1645 ) ;
#921 = DIRECTION ( 'NONE',  ( 1.000000000000000000, 0.0000000000000000000, 0.0000000000000000000 ) ) ;
#922 =( LENGTH_UNIT ( ) NAMED_UNIT ( * ) SI_UNIT ( .MILLI., .METRE. ) );
#923 = CARTESIAN_POINT ( 'NONE',  ( -0.6785254037844363800, -1.175240473580832400, -0.1791666666666652500 ) ) ;
#924 = EDGE_CURVE ( 'NONE', #1190, #1314, #1779, .T. ) ;
#925 = CYLINDRICAL_SURFACE ( 'NONE', #2014, 1.500000000000000200 ) ;
#926 = CARTESIAN_POINT ( 'NONE',  ( -1.017788105676654900, -0.5876202367904166400, -0.2833333333333337700 ) ) ;
#927 = CARTESIAN_POINT ( 'NONE',  ( 7.453889935837843000E-016, 3.016655156515794200, 1.200000000000000000 ) ) ;
#928 = FACE_OUTER_BOUND ( 'NONE', #247, .T. ) ;
#929 = CARTESIAN_POINT ( 'NONE',  ( -2.750000000000000000, 1.508327578257897800, -0.9768614993004507400 ) ) ;
#930 = VERTEX_POINT ( 'NONE', #323 ) ;
#931 = LOCAL_TIME ( 11, 33, 0.0000000000000000000, #2127 ) ;
#932 = CARTESIAN_POINT ( 'NONE',  ( -2.878508968398371900E-016, 1.175240473580832400, -0.3874999999999986800 ) ) ;
#933 = CARTESIAN_POINT ( 'NONE',  ( 1.017788105676655300, -0.5876202367904158600, 0.3833333333333329700 ) ) ;
#934 = CARTESIAN_POINT ( 'NONE',  ( -1.550000000000000300, 0.0000000000000000000, -1.200000000000000000 ) ) ;
#935 = CARTESIAN_POINT ( 'NONE',  ( -1.017788105676655600, 0.5876202367904153100, 0.6333333333333329700 ) ) ;
#936 = CARTESIAN_POINT ( 'NONE',  ( 1.500000000000000200, 1.836970198721030200E-016, 5.442640687119285800 ) ) ;
#937 = EDGE_CURVE ( 'NONE', #2100, #2211, #1301, .T. ) ;
#938 = CARTESIAN_POINT ( 'NONE',  ( 1.017788105676655600, -0.5876202367904159700, 0.4458333333333346900 ) ) ;
#939 = CARTESIAN_POINT ( 'NONE',  ( -2.878508968398371900E-016, 1.175240473580832200, -0.9500000000000002900 ) ) ;
#940 = DIRECTION ( 'NONE',  ( 0.0000000000000000000, 0.0000000000000000000, -1.000000000000000000 ) ) ;
#941 = CARTESIAN_POINT ( 'NONE',  ( 2.713411347060851000, -1.601725383555260300, 0.9685444426531909500 ) ) ;
#942 = VERTEX_POINT ( 'NONE', #349 ) ;
#943 = CARTESIAN_POINT ( 'NONE',  ( 1.017788105676655100, 0.5876202367904161900, 0.02916666666666627200 ) ) ;
#944 = CARTESIAN_POINT ( 'NONE',  ( 1.357050807568873400, 8.309539638847759200E-017, 0.4249999999999996000 ) ) ;
#945 = DIRECTION ( 'NONE',  ( -0.0000000000000000000, -0.0000000000000000000, 1.000000000000000000 ) ) ;
#946 = EDGE_CURVE ( 'NONE', #1977, #280, #850, .T. ) ;
#947 = CYLINDRICAL_SURFACE ( 'NONE', #2180, 1.500000000000000200 ) ;
#948 = DIRECTION ( 'NONE',  ( -1.000000000000000000, 0.0000000000000000000, 0.0000000000000000000 ) ) ;
#949 = CARTESIAN_POINT ( 'NONE',  ( 1.439254484199185900E-016, -1.175240473580832200, 0.7999999999999994900 ) ) ;
#950 = CARTESIAN_POINT ( 'NONE',  ( 2.749999999999999100, 1.016773019940234300, 1.100750552081588300 ) ) ;
#951 = ORIENTED_EDGE ( 'NONE', *, *, #1097, .T. ) ;
#952 = CARTESIAN_POINT ( 'NONE',  ( -1.357050807568873400, -2.492861891654327400E-016, -0.2625000000000004000 ) ) ;
#953 = CARTESIAN_POINT ( 'NONE',  ( 1.208049911268078700, 0.3434412119327128200, 0.9029766172129827200 ) ) ;
#954 = AXIS2_PLACEMENT_3D ( 'NONE', #889, #1452, #131 ) ;
#955 = CARTESIAN_POINT ( 'NONE',  ( 0.0000000000000000000, 0.0000000000000000000, 5.442640687119285800 ) ) ;
#956 = CARTESIAN_POINT ( 'NONE',  ( 1.836970198721029200E-016, -1.499999999999999300, 0.6124999999999987100 ) ) ;
#957 = DIRECTION ( 'NONE',  ( -0.0000000000000000000, -0.0000000000000000000, -1.000000000000000000 ) ) ;
#958 = ORIENTED_EDGE ( 'NONE', *, *, #186, .T. ) ;
#959 = ORIENTED_EDGE ( 'NONE', *, *, #350, .F. ) ;
#960 = ORIENTED_EDGE ( 'NONE', *, *, #1148, .T. ) ;
#961 = B_SPLINE_CURVE_WITH_KNOTS ( 'NONE', 3,
 ( #1254, #2377, #315, #1442, #1629, #852 ),
 .UNSPECIFIED., .F., .F.,
 ( 4, 2, 4 ),
 ( 0.0000000000000000000, 0.0004703602831881259600, 0.0009407205663762517000 ),
 .UNSPECIFIED. ) ;
#962 = CARTESIAN_POINT ( 'NONE',  ( -0.6785254037844372600, 1.175240473580831900, -1.345833333333333700 ) ) ;
#963 = CARTESIAN_POINT ( 'NONE',  ( 0.9321868065874925300, 2.637228176824635300, 1.178847267350581700 ) ) ;
#964 = CARTESIAN_POINT ( 'NONE',  ( 1.500007283713066200, 0.4019111728855842000, 0.2598283984936423700 ) ) ;
#965 = ORIENTED_EDGE ( 'NONE', *, *, #1097, .F. ) ;
#966 = CARTESIAN_POINT ( 'NONE',  ( 1.732050807568876300, 1.060575238724906400E-016, -0.7625000000000010700 ) ) ;
#967 = CARTESIAN_POINT ( 'NONE',  ( -2.681249999999999500, 1.627406071278259000, 1.200000000000000000 ) ) ;
#968 = EDGE_CURVE ( 'NONE', #1292, #2398, #801, .T. ) ;
#969 = CARTESIAN_POINT ( 'NONE',  ( 0.0000000000000000000, 0.0000000000000000000, 5.442640687119285800 ) ) ;
#970 = CARTESIAN_POINT ( 'NONE',  ( 1.017788105676655100, 0.5876202367904161900, -1.470833333333333400 ) ) ;
#971 = CARTESIAN_POINT ( 'NONE',  ( 2.749999999999997800, -1.508327578257957500, -0.9768614993004353100 ) ) ;
#972 = CARTESIAN_POINT ( 'NONE',  ( 1.836970198721030200E-016, -1.500000000000000200, -0.9499999999999998400 ) ) ;
#973 = CARTESIAN_POINT ( 'NONE',  ( 0.8660254037844380400, 1.499999999999999300, 1.320833333333332200 ) ) ;
#974 = DIRECTION ( 'NONE',  ( 1.000000000000000000, 0.0000000000000000000, 0.0000000000000000000 ) ) ;
#975 = ORIENTED_EDGE ( 'NONE', *, *, #1239, .F. ) ;
#976 = CARTESIAN_POINT ( 'NONE',  ( 1.299038105676658400, -0.7499999999999997800, 0.6333333333333334100 ) ) ;
#977 = CARTESIAN_POINT ( 'NONE',  ( 1.017788105676655300, -0.5876202367904158600, -0.05416666666666698800 ) ) ;
#978 = CARTESIAN_POINT ( 'NONE',  ( -2.750000000000000000, 1.502314598737159600E-015, 1.200000000000000000 ) ) ;
#979 = CARTESIAN_POINT ( 'NONE',  ( -0.8660254037844396000, 1.500000000000000000, 0.3416666666666667900 ) ) ;
#980 = CARTESIAN_POINT ( 'NONE',  ( -1.732050807568876300, -3.181725716174719000E-016, 0.9874999999999984900 ) ) ;
#981 = EDGE_CURVE ( 'NONE', #2327, #1085, #1628, .T. ) ;
#982 = DIRECTION ( 'NONE',  ( 1.000000000000000000, 0.0000000000000000000, 0.0000000000000000000 ) ) ;
#983 = FACE_OUTER_BOUND ( 'NONE', #471, .T. ) ;
#984 = CARTESIAN_POINT ( 'NONE',  ( 1.500000000000000200, 0.4019237886466843200, 0.1973290993692602100 ) ) ;
#985 = CARTESIAN_POINT ( 'NONE',  ( 1.028901302187329400, 0.6365653954490402300, 2.032637244232059700 ) ) ;
#986 = CARTESIAN_POINT ( 'NONE',  ( 0.4970987009591353300, 2.888426411730372000, 1.101344487405192500 ) ) ;
#987 = AXIS2_PLACEMENT_3D ( 'NONE', #1263, #1850, #904 ) ;
#988 = ORIENTED_EDGE ( 'NONE', *, *, #1106, .F. ) ;
#989 = CARTESIAN_POINT ( 'NONE',  ( -1.248247257640465300, 0.8317939001845138200, -1.058883177443058700 ) ) ;
#990 = CARTESIAN_POINT ( 'NONE',  ( -1.299038105676657800, -0.7500000000000007800, -1.533333333333333200 ) ) ;
#991 = CARTESIAN_POINT ( 'NONE',  ( -1.732050807568876300, -3.181725716174719000E-016, 1.487499999999998700 ) ) ;
#992 = CC_DESIGN_SECURITY_CLASSIFICATION ( #739, ( #2236 ) ) ;
#993 = CARTESIAN_POINT ( 'NONE',  ( -1.499999999999999300, -6.391244124090313400E-016, 0.9874999999999986000 ) ) ;
#994 = DIRECTION ( 'NONE',  ( -1.000000000000000000, 0.0000000000000000000, 0.0000000000000000000 ) ) ;
#995 = CARTESIAN_POINT ( 'NONE',  ( -1.357050807568873400, -2.492861891654327400E-016, 1.737499999999999400 ) ) ;
#996 = CARTESIAN_POINT ( 'NONE',  ( -1.383934009746219600, 0.3449429966515390500, 1.033934009746199100 ) ) ;
#997 = ADVANCED_FACE ( 'NONE', ( #628 ), #567, .F. ) ;
#998 = CARTESIAN_POINT ( 'NONE',  ( -1.452055823896747600, 0.4340078025211247500, -1.036149585293536300 ) ) ;
#999 = CARTESIAN_POINT ( 'NONE',  ( -0.8660254037844396000, 1.500000000000000000, 0.8416666666666665600 ) ) ;
#1000 = CARTESIAN_POINT ( 'NONE',  ( -0.02499062397882615900, 3.152540270946567100, 0.9675527327946629200 ) ) ;
#1001 = CARTESIAN_POINT ( 'NONE',  ( 0.02499062397847216100, 3.152540270946632800, -0.9675527327946268400 ) ) ;
#1002 = CARTESIAN_POINT ( 'NONE',  ( -0.8660254037844381500, -1.500000000000000700, 0.5083333333333333000 ) ) ;
#1003 = CARTESIAN_POINT ( 'NONE',  ( 1.439254484199185900E-016, -1.175240473580832200, 1.362499999999999600 ) ) ;
#1004 = ORIENTED_EDGE ( 'NONE', *, *, #1394, .F. ) ;
#1005 = CARTESIAN_POINT ( 'NONE',  ( 2.749999999999997800, -1.587713240271471300, 1.200000000000000000 ) ) ;
#1006 = ORIENTED_EDGE ( 'NONE', *, *, #202, .T. ) ;
#1007 = CARTESIAN_POINT ( 'NONE',  ( 1.500000000000000200, 2.033577675846917800E-016, 0.1749999999999999900 ) ) ;
#1008 = CARTESIAN_POINT ( 'NONE',  ( -0.4948024267967480200, 1.417058858377910000, -1.111382357014572200 ) ) ;
#1009 = CARTESIAN_POINT ( 'NONE',  ( 1.426597008544470100, 0.4634878371780303800, 2.200749324287667500 ) ) ;
#1010 = FACE_OUTER_BOUND ( 'NONE', #2195, .T. ) ;
#1011 = CARTESIAN_POINT ( 'NONE',  ( 1.500007283711483300, 0.4019111728883256700, -0.2401716015062053700 ) ) ;
#1012 = CARTESIAN_POINT ( 'NONE',  ( 1.279398380299563400, -0.1344979493614922600, 1.977963090151549000 ) ) ;
#1013 = DIRECTION ( 'NONE',  ( -1.000000000000000000, 5.462962177226034500E-016, 0.0000000000000000000 ) ) ;
#1014 = VERTEX_POINT ( 'NONE', #357 ) ;
#1015 = CARTESIAN_POINT ( 'NONE',  ( -1.017788105676655600, 0.5876202367904153100, 1.133333333333333100 ) ) ;
#1016 = CARTESIAN_POINT ( 'NONE',  ( -0.6785254037844362700, -1.175240473580832400, -1.679166666666666900 ) ) ;
#1017 = DIRECTION ( 'NONE',  ( -0.0000000000000000000, -0.0000000000000000000, 1.000000000000000000 ) ) ;
#1018 = EDGE_CURVE ( 'NONE', #894, #181, #466, .T. ) ;
#1019 = PERSON_AND_ORGANIZATION ( #40, #698 ) ;
#1020 = CARTESIAN_POINT ( 'NONE',  ( 0.9400669065857881800, 0.9100094879827535000, 2.052026474115976800 ) ) ;
#1021 = CARTESIAN_POINT ( 'NONE',  ( -0.2344789344634355100, 1.316411273068866400, 0.9760427020538937600 ) ) ;
#1022 = B_SPLINE_CURVE_WITH_KNOTS ( 'NONE', 3,
 ( #238, #2072, #963, #986, #761, #600 ),
 .UNSPECIFIED., .F., .F.,
 ( 4, 2, 4 ),
 ( 0.001606744326298686600, 0.002366164154466185100, 0.003125583982633683100 ),
 .UNSPECIFIED. ) ;
#1023 = ORIENTED_EDGE ( 'NONE', *, *, #2077, .T. ) ;
#1024 = ORIENTED_EDGE ( 'NONE', *, *, #591, .F. ) ;
#1025 = ORIENTED_EDGE ( 'NONE', *, *, #1167, .F. ) ;
#1026 = CARTESIAN_POINT ( 'NONE',  ( 1.017788105676655300, -0.5876202367904158600, 1.383333333333332900 ) ) ;
#1027 = CARTESIAN_POINT ( 'NONE',  ( 1.836970198721030200E-016, -1.500000000000000200, 1.550000000000000000 ) ) ;
#1028 = CARTESIAN_POINT ( 'NONE',  ( 2.749999999999999600, 1.508327578257896400, -0.9768614993004513000 ) ) ;
#1029 = ORIENTED_EDGE ( 'NONE', *, *, #78, .F. ) ;
#1030 = CARTESIAN_POINT ( 'NONE',  ( -1.357050807568873400, -2.492861891654327400E-016, 1.737499999999999400 ) ) ;
#1031 = CARTESIAN_POINT ( 'NONE',  ( -1.357050807568873400, -2.492861891654327400E-016, -0.3250000000000004000 ) ) ;
#1032 = CARTESIAN_POINT ( 'NONE',  ( 0.6306483287048555400, -1.205970294044147200, -0.9990500374910305000 ) ) ;
#1033 = CARTESIAN_POINT ( 'NONE',  ( 1.439254484199185900E-016, -1.175240473580832200, 1.799999999999999600 ) ) ;
#1034 = EDGE_CURVE ( 'NONE', #1410, #753, #743, .T. ) ;
#1035 = CARTESIAN_POINT ( 'NONE',  ( -1.017788105676654900, -0.5876202367904166400, -1.220833333333333400 ) ) ;
#1036 = CARTESIAN_POINT ( 'NONE',  ( -1.375000000000000200, -2.381569860407206200, -1.200000000000000000 ) ) ;
#1037 = CARTESIAN_POINT ( 'NONE',  ( 1.017788105676655300, -0.5876202367904158600, -0.05416666666666698800 ) ) ;
#1038 = AXIS2_PLACEMENT_3D ( 'NONE', #307, #2154, #884 ) ;
#1039 = CARTESIAN_POINT ( 'NONE',  ( 1.017788105676655100, 0.5876202367904161900, 0.4666666666666662300 ) ) ;
#1040 = CARTESIAN_POINT ( 'NONE',  ( 0.0000000000000000000, 0.0000000000000000000, -1.200000000000000000 ) ) ;
#1041 = VERTEX_POINT ( 'NONE', #547 ) ;
#1042 = B_SPLINE_CURVE_WITH_KNOTS ( 'NONE', 3,
 ( #191, #365, #919, #1497, #17, #2246 ),
 .UNSPECIFIED., .F., .F.,
 ( 4, 2, 4 ),
 ( 0.0000000000000000000, 0.0007496118222661092200, 0.001499223644532218400 ),
 .UNSPECIFIED. ) ;
#1043 = CARTESIAN_POINT ( 'NONE',  ( -2.681250000000010100, -1.627406071278250800, 0.9768614993004480800 ) ) ;
#1044 = CARTESIAN_POINT ( 'NONE',  ( -2.878508968398371900E-016, 1.175240473580832200, 0.5499999999999997100 ) ) ;
#1045 = CARTESIAN_POINT ( 'NONE',  ( -0.6785254037844362700, -1.175240473580832400, -0.6791666666666669200 ) ) ;
#1046 = CARTESIAN_POINT ( 'NONE',  ( -1.732050807568876300, -3.181725716174719000E-016, -1.012500000000001300 ) ) ;
#1047 = CIRCLE ( 'NONE', #208, 2.750000000000000000 ) ;
#1048 =( BOUNDED_CURVE ( )  B_SPLINE_CURVE ( 2, ( #1789, #1252, #1606, #309, #1440, #123, #2361, #2004, #1622 ),
 .UNSPECIFIED., .F., .T. ) 
 B_SPLINE_CURVE_WITH_KNOTS ( ( 3, 2, 2, 2, 3 ),
 ( 0.6474024179247948000, 0.6580868427686834600, 0.6794564150956407000, 0.7008259874225979400, 0.7115107735860765100 ),
 .UNSPECIFIED. ) 
 CURVE ( )  GEOMETRIC_REPRESENTATION_ITEM ( )  RATIONAL_B_SPLINE_CURVE ( ( 0.9330127019688220200, 0.9330149671526297700, 1.000000000000000000, 0.8660254037844387100, 1.000000000000000000, 0.8660254037844387100, 1.000000000000000000, 0.9330127018922200800, 0.9330127018922194100 ) ) 
 REPRESENTATION_ITEM ( '' )  );
#1049 = DIRECTION ( 'NONE',  ( 0.0000000000000000000, 0.0000000000000000000, -1.000000000000000000 ) ) ;
#1050 = CARTESIAN_POINT ( 'NONE',  ( -1.357050807568873400, -2.492861891654327400E-016, 0.7374999999999993800 ) ) ;
#1051 = CARTESIAN_POINT ( 'NONE',  ( 1.550000000000000300, 1.898202538678397700E-016, -1.200000000000000000 ) ) ;
#1052 = ADVANCED_FACE ( 'NONE', ( #1249 ), #2026, .F. ) ;
#1053 = CYLINDRICAL_SURFACE ( 'NONE', #391, 0.1375000000000000100 ) ;
#1054 = CARTESIAN_POINT ( 'NONE',  ( 1.381457290957134500, -0.6072457835757822900, 1.141264123134678500 ) ) ;
#1055 = CARTESIAN_POINT ( 'NONE',  ( -2.750000000000001800, -1.508327578257902900, 0.9768614993004519600 ) ) ;
#1056 = CARTESIAN_POINT ( 'NONE',  ( 0.6785254037844370400, -1.175240473580832200, -0.5958333333333336600 ) ) ;
#1057 = CARTESIAN_POINT ( 'NONE',  ( 1.299038105676657600, -0.7499999999999993300, -1.804166666666667800 ) ) ;
#1058 = EDGE_CURVE ( 'NONE', #262, #2211, #1047, .T. ) ;
#1059 = CARTESIAN_POINT ( 'NONE',  ( 0.6785254037844366000, 1.175240473580832400, 1.570833333333332900 ) ) ;
#1060 = CARTESIAN_POINT ( 'NONE',  ( 0.1032435633415315500, -1.276876561013402500, 0.9273717263806429100 ) ) ;
#1061 = ORIENTED_EDGE ( 'NONE', *, *, #1444, .F. ) ;
#1062 = DIRECTION ( 'NONE',  ( 0.0000000000000000000, 0.0000000000000000000, -1.000000000000000000 ) ) ;
#1063 = DIRECTION ( 'NONE',  ( -0.0000000000000000000, -0.0000000000000000000, 1.000000000000000000 ) ) ;
#1064 = CARTESIAN_POINT ( 'NONE',  ( -1.299038105676658000, 0.7499999999999985600, -2.054166666666667600 ) ) ;
#1065 = CARTESIAN_POINT ( 'NONE',  ( -2.878508968398371900E-016, 1.175240473580832200, 1.549999999999999800 ) ) ;
#1066 = CARTESIAN_POINT ( 'NONE',  ( 1.017788105676655300, -0.5876202367904158600, 1.445833333333332900 ) ) ;
#1067 = CARTESIAN_POINT ( 'NONE',  ( -2.717684649104025000, -1.597912650695098000, 0.9675527327946268400 ) ) ;
#1068 = EDGE_CURVE ( 'NONE', #1410, #32, #1419, .T. ) ;
#1069 = ORIENTED_EDGE ( 'NONE', *, *, #1341, .F. ) ;
#1070 = CARTESIAN_POINT ( 'NONE',  ( 1.017788105676655100, 0.5876202367904161900, -1.533333333333333700 ) ) ;
#1071 = CARTESIAN_POINT ( 'NONE',  ( -0.06302708750174293400, -3.139037774607621700, -0.9750267446545016800 ) ) ;
#1072 = CARTESIAN_POINT ( 'NONE',  ( 2.749999999999999100, 0.5133881092333302300, -1.178648365811950600 ) ) ;
#1073 = ADVANCED_FACE ( 'NONE', ( #1454 ), #2015, .T. ) ;
#1074 = VECTOR ( 'NONE', #1063, 1000.000000000000000 ) ;
#1075 = DIRECTION ( 'NONE',  ( -1.000000000000000000, 0.0000000000000000000, 0.0000000000000000000 ) ) ;
#1076 = CARTESIAN_POINT ( 'NONE',  ( -0.06875000000063583000, -3.135733649535787000, 0.9768614993006551300 ) ) ;
#1077 = VECTOR ( 'NONE', #2136, 1000.000000000000000 ) ;
#1078 = CARTESIAN_POINT ( 'NONE',  ( -1.362558174551638200, 0.5715964919370336600, -1.122962912687864400 ) ) ;
#1079 = CIRCLE ( 'NONE', #122, 1.500000000000000200 ) ;
#1080 = CARTESIAN_POINT ( 'NONE',  ( -1.499999999999999600, 0.4019237886466830400, -0.5348290993692613700 ) ) ;
#1081 = PERSON_AND_ORGANIZATION ( #40, #698 ) ;
#1082 = EDGE_CURVE ( 'NONE', #1417, #1292, #1968, .T. ) ;
#1083 = APPLICATION_PROTOCOL_DEFINITION ( 'international standard', 'config_control_design', 1994, #1651 ) ;
#1084 = DIRECTION ( 'NONE',  ( 1.000000000000000000, 0.0000000000000000000, 0.0000000000000000000 ) ) ;
#1085 = VERTEX_POINT ( 'NONE', #1135 ) ;
#1086 = VERTEX_POINT ( 'NONE', #1114 ) ;
#1087 = ADVANCED_FACE ( 'NONE', ( #868 ), #1702, .F. ) ;
#1088 = CARTESIAN_POINT ( 'NONE',  ( -0.6785254037844362700, -1.175240473580832400, -1.741666666666666900 ) ) ;
#1089 = CARTESIAN_POINT ( 'NONE',  ( -0.06874999999279296500, -3.135733649540315000, -0.9768614992981571300 ) ) ;
#1090 = CARTESIAN_POINT ( 'NONE',  ( 0.0000000000000000000, 0.0000000000000000000, 5.442640687119285800 ) ) ;
#1091 = CARTESIAN_POINT ( 'NONE',  ( 0.9323475255874471600, 0.8763010943813923600, -0.9067144949803159800 ) ) ;
#1092 = CARTESIAN_POINT ( 'NONE',  ( -1.499999999999999300, -6.100733027540754000E-016, -0.01250000000000122400 ) ) ;
#1093 = CARTESIAN_POINT ( 'NONE',  ( 0.2820435543881534300, 3.012588558493742900, -1.045242999101399800 ) ) ;
#1094 = CARTESIAN_POINT ( 'NONE',  ( 0.06874999999978369200, -3.135733649536277300, -0.9768614993003832400 ) ) ;
#1095 = CARTESIAN_POINT ( 'NONE',  ( -0.6785254037844363800, -1.175240473580832200, 0.2583333333333328600 ) ) ;
#1096 = CARTESIAN_POINT ( 'NONE',  ( -0.6785254037844373800, 1.175240473580831500, 0.6541666666666679000 ) ) ;
#1097 = EDGE_CURVE ( 'NONE', #718, #517, #1741, .T. ) ;
#1098 = CARTESIAN_POINT ( 'NONE',  ( -2.750000000000001800, -1.508327578257955300, -0.9768614993004339800 ) ) ;
#1099 = VECTOR ( 'NONE', #1273, 1000.000000000000000 ) ;
#1100 = CARTESIAN_POINT ( 'NONE',  ( 1.017788105676655300, -0.5876202367904158600, -0.1166666666666670400 ) ) ;
#1101 = CARTESIAN_POINT ( 'NONE',  ( 2.681249999999363500, -1.627406071278624200, 0.9768614993006551300 ) ) ;
#1102 = CARTESIAN_POINT ( 'NONE',  ( 0.0000000000000000000, 0.0000000000000000000, -1.200000000000000000 ) ) ;
#1103 = CARTESIAN_POINT ( 'NONE',  ( 1.357050807568873400, 8.309539638847759200E-017, 0.9249999999999996000 ) ) ;
#1104 = ORIENTED_EDGE ( 'NONE', *, *, #1148, .F. ) ;
#1105 = CARTESIAN_POINT ( 'NONE',  ( -0.8660254037844396000, 1.499999999999999800, -0.6583333333333332100 ) ) ;
#1106 = EDGE_CURVE ( 'NONE', #406, #1127, #1359, .T. ) ;
#1107 = CARTESIAN_POINT ( 'NONE',  ( 0.6785254037844366000, 1.175240473580832400, -0.4291666666666653100 ) ) ;
#1108 = VERTEX_POINT ( 'NONE', #1872 ) ;
#1109 = CARTESIAN_POINT ( 'NONE',  ( -1.017788105676655600, 0.5876202367904153100, 0.1333333333333329700 ) ) ;
#1110 = AXIS2_PLACEMENT_3D ( 'NONE', #415, #433, #1152 ) ;
#1111 = CARTESIAN_POINT ( 'NONE',  ( 2.692929196219061300, -1.620663084197263100, 0.9731171716519643200 ) ) ;
#1112 = CARTESIAN_POINT ( 'NONE',  ( -0.9368072912783698100, 0.7278831217665520100, -0.8141123535373682200 ) ) ;
#1113 = CARTESIAN_POINT ( 'NONE',  ( -2.878508968398371900E-016, 1.175240473580832200, 0.04999999999999969700 ) ) ;
#1114 = CARTESIAN_POINT ( 'NONE',  ( -2.681250000000216600, -1.627406071278131700, -0.9768614993003816900 ) ) ;
#1115 = EDGE_LOOP ( 'NONE', ( #844, #1509, #1151, #988 ) ) ;
#1116 = CARTESIAN_POINT ( 'NONE',  ( -2.750000000000000900, 0.2551119341800227000, -1.199999999999999700 ) ) ;
#1117 = CARTESIAN_POINT ( 'NONE',  ( -1.500000000000000400, 0.4019237886466833800, -0.09732909936926019400 ) ) ;
#1118 = CARTESIAN_POINT ( 'NONE',  ( 1.017788105676655300, 0.5876202367904163100, -0.4708333333333320500 ) ) ;
#1119 = AXIS2_PLACEMENT_3D ( 'NONE', #714, #2022, #1258 ) ;
#1120 = VECTOR ( 'NONE', #766, 1000.000000000000000 ) ;
#1121 = CARTESIAN_POINT ( 'NONE',  ( -1.017788105676655600, 0.5876202367904153100, -0.3666666666666670300 ) ) ;
#1122 = LINE ( 'NONE', #2353, #2213 ) ;
#1123 = CARTESIAN_POINT ( 'NONE',  ( 2.681250000007206100, -1.627406071274096300, -0.9768614992981573500 ) ) ;
#1124 = CARTESIAN_POINT ( 'NONE',  ( 2.736914984273273600, -1.566869543447669600, 0.9669273479231995600 ) ) ;
#1125 = CARTESIAN_POINT ( 'NONE',  ( -0.2820435543881543200, -3.012588558493741500, -1.045242999101400300 ) ) ;
#1126 = ORIENTED_EDGE ( 'NONE', *, *, #1906, .T. ) ;
#1127 = VERTEX_POINT ( 'NONE', #732 ) ;
#1128 = ADVANCED_BREP_SHAPE_REPRESENTATION ( '90592A009_Steel Hex Nut', ( #2199, #2401 ), #2033 ) ;
#1129 = PERSON_AND_ORGANIZATION ( #40, #698 ) ;
#1130 = B_SPLINE_CURVE_WITH_KNOTS ( 'NONE', 3,
 ( #529, #1637, #337, #162, #916, #2392 ),
 .UNSPECIFIED., .F., .F.,
 ( 4, 2, 4 ),
 ( 0.001606744326298686400, 0.002366164154466184700, 0.003125583982633682700 ),
 .UNSPECIFIED. ) ;
#1131 = CARTESIAN_POINT ( 'NONE',  ( -0.6785254037844362700, -1.175240473580832400, 0.3208333333333329200 ) ) ;
#1132 = CARTESIAN_POINT ( 'NONE',  ( -1.357050807568873400, -2.492861891654327400E-016, -0.3250000000000004000 ) ) ;
#1133 = EDGE_LOOP ( 'NONE', ( #2318, #770, #509, #1770 ) ) ;
#1134 = ORIENTED_EDGE ( 'NONE', *, *, #2366, .F. ) ;
#1135 = CARTESIAN_POINT ( 'NONE',  ( 1.550000000000000300, 0.0000000000000000000, 1.200000000000000000 ) ) ;
#1136 = CARTESIAN_POINT ( 'NONE',  ( 1.017788105676655100, 0.5876202367904161900, 0.4666666666666662300 ) ) ;
#1137 = DIRECTION ( 'NONE',  ( -0.0000000000000000000, -0.0000000000000000000, -1.000000000000000000 ) ) ;
#1138 = EDGE_CURVE ( 'NONE', #280, #32, #2183, .T. ) ;
#1139 = CARTESIAN_POINT ( 'NONE',  ( 1.439254484199185900E-016, -1.175240473580832200, -1.137500000000000200 ) ) ;
#1140 = CARTESIAN_POINT ( 'NONE',  ( 2.749999999999997800, -1.508327578257905100, 0.9768614993004528500 ) ) ;
#1141 = CARTESIAN_POINT ( 'NONE',  ( -1.499999999999999300, -1.119920277198552600E-013, 0.4875000000000048700 ) ) ;
#1142 =( BOUNDED_CURVE ( )  B_SPLINE_CURVE ( 2, ( #1205, #630, #1585, #899, #1834, #1697, #386, #1117, #1874 ),
 .UNSPECIFIED., .F., .T. ) 
 B_SPLINE_CURVE_WITH_KNOTS ( ( 3, 2, 2, 2, 3 ),
 ( 0.3437500000000000000, 0.3541666666666666900, 0.3750000000000000000, 0.3958333333333333100, 0.4062500000000000000 ),
 .UNSPECIFIED. ) 
 CURVE ( )  GEOMETRIC_REPRESENTATION_ITEM ( )  RATIONAL_B_SPLINE_CURVE ( ( 0.9330127018922194100, 0.9330127018922194100, 1.000000000000000000, 0.8660254037844387100, 1.000000000000000000, 0.8660254037844387100, 1.000000000000000000, 0.9330127018922194100, 0.9330127018922194100 ) ) 
 REPRESENTATION_ITEM ( '' )  );
#1143 = CARTESIAN_POINT ( 'NONE',  ( -0.8660254037844381500, -1.500000000000000700, 0.008333333333333499800 ) ) ;
#1144 = CARTESIAN_POINT ( 'NONE',  ( -1.299038105676658000, 0.7499999999999985600, -0.05416666666666785500 ) ) ;
#1145 = CARTESIAN_POINT ( 'NONE',  ( 0.6785254037844370400, -1.175240473580832200, -0.09583333333333361700 ) ) ;
#1146 = CARTESIAN_POINT ( 'NONE',  ( -0.8660254037844381500, -1.500000000000000700, -0.9916666666666665900 ) ) ;
#1147 = CARTESIAN_POINT ( 'NONE',  ( 0.8660254037844387100, -1.499999999999998900, 0.6541666666666654500 ) ) ;
#1148 = EDGE_CURVE ( 'NONE', #262, #1149, #253, .T. ) ;
#1149 = VERTEX_POINT ( 'NONE', #2226 ) ;
#1150 = CARTESIAN_POINT ( 'NONE',  ( -1.299038105676657100, -0.7500000000000003300, -0.4708333333333346000 ) ) ;
#1151 = ORIENTED_EDGE ( 'NONE', *, *, #2039, .T. ) ;
#1152 = DIRECTION ( 'NONE',  ( -1.000000000000000000, 0.0000000000000000000, 0.0000000000000000000 ) ) ;
#1153 = CARTESIAN_POINT ( 'NONE',  ( 0.6785254037844366000, 1.175240473580832400, -0.4291666666666669700 ) ) ;
#1154 = CARTESIAN_POINT ( 'NONE',  ( -2.750000000000000000, 1.521813552419746300, -0.9731171716473796500 ) ) ;
#1155 = CONICAL_SURFACE ( 'NONE', #2283, 1.550000000000000300, 0.7853981633974500600 ) ;
#1156 = CARTESIAN_POINT ( 'NONE',  ( -1.299038105676658900, 0.7499999999999990000, -1.616666666666666500 ) ) ;
#1157 = CARTESIAN_POINT ( 'NONE',  ( -1.299038105676658000, 0.7499999999999985600, 1.445833333333332200 ) ) ;
#1158 = CC_DESIGN_PERSON_AND_ORGANIZATION_ASSIGNMENT ( #1081, #1829, ( #2236 ) ) ;
#1159 = CARTESIAN_POINT ( 'NONE',  ( 0.0000000000000000000, 0.0000000000000000000, -1.200000000000000000 ) ) ;
#1160 = VERTEX_POINT ( 'NONE', #556 ) ;
#1161 = CARTESIAN_POINT ( 'NONE',  ( 0.6785254037844370400, -1.175240473580832200, 0.9041666666666664500 ) ) ;
#1162 = CARTESIAN_POINT ( 'NONE',  ( -2.681250000007209300, 1.627406071274096500, -0.9768614992981556900 ) ) ;
#1163 = ADVANCED_FACE ( 'NONE', ( #513 ), #597, .T. ) ;
#1164 = DIRECTION ( 'NONE',  ( 1.000000000000000000, 0.0000000000000000000, 0.0000000000000000000 ) ) ;
#1165 = CARTESIAN_POINT ( 'NONE',  ( -1.732050807568876300, -3.181725716174719000E-016, 0.4874999999999986000 ) ) ;
#1166 = CARTESIAN_POINT ( 'NONE',  ( 0.6841610353969066500, -1.334887140414724700, 1.150000006171473900 ) ) ;
#1167 = EDGE_CURVE ( 'NONE', #1149, #26, #2059, .T. ) ;
#1168 = DIRECTION ( 'NONE',  ( 0.0000000000000000000, 0.0000000000000000000, -1.000000000000000000 ) ) ;
#1169 = CARTESIAN_POINT ( 'NONE',  ( 1.017788105676655100, 0.5876202367904161900, -1.533333333333333700 ) ) ;
#1170 = CARTESIAN_POINT ( 'NONE',  ( 0.6016613279709889200, 1.158102045694655800, 0.9437215417634138300 ) ) ;
#1171 = CARTESIAN_POINT ( 'NONE',  ( -0.6036852282055837900, 1.373329107363694800, -1.104937141016495600 ) ) ;
#1172 = CARTESIAN_POINT ( 'NONE',  ( -0.8660254037844381500, -1.500000000000000700, -1.491666666666666500 ) ) ;
#1173 = CARTESIAN_POINT ( 'NONE',  ( -0.01685444861777993900, 3.153826367001693100, -0.9668416760243294700 ) ) ;
#1174 = VERTEX_POINT ( 'NONE', #2048 ) ;
#1175 = CARTESIAN_POINT ( 'NONE',  ( -1.357050807568873400, -2.492861891654327400E-016, -1.825000000000000200 ) ) ;
#1176 = CARTESIAN_POINT ( 'NONE',  ( -1.500000000000000200, 0.0000000000000000000, 5.442640687119285800 ) ) ;
#1177 = CARTESIAN_POINT ( 'NONE',  ( 2.749999999999998200, -1.261933435753985100, -1.045271863302347900 ) ) ;
#1178 = CARTESIAN_POINT ( 'NONE',  ( -2.681250000000216600, -1.627406071278131700, -0.9768614993003816900 ) ) ;
#1179 = FACE_OUTER_BOUND ( 'NONE', #641, .T. ) ;
#1180 = CARTESIAN_POINT ( 'NONE',  ( 1.357050807568873400, 8.309539638847759200E-017, -1.012500000000000400 ) ) ;
#1181 = CARTESIAN_POINT ( 'NONE',  ( 2.749999999999997800, -1.502314598737158000E-015, 1.200000000000000000 ) ) ;
#1182 = EDGE_CURVE ( 'NONE', #1623, #942, #1391, .T. ) ;
#1183 = CARTESIAN_POINT ( 'NONE',  ( -1.499999999999999300, -6.391244124090313400E-016, 0.9874999999999986000 ) ) ;
#1184 = CIRCLE ( 'NONE', #2334, 1.550000000000000300 ) ;
#1185 = ORIENTED_EDGE ( 'NONE', *, *, #1719, .F. ) ;
#1186 = CONICAL_SURFACE ( 'NONE', #1447, 2.750000000000000000, 1.047197551196600100 ) ;
#1187 = DIRECTION ( 'NONE',  ( 0.0000000000000000000, 0.0000000000000000000, -1.000000000000000000 ) ) ;
#1188 = CARTESIAN_POINT ( 'NONE',  ( -2.878508968398371900E-016, 1.175240473580832200, -0.9500000000000002900 ) ) ;
#1189 = CARTESIAN_POINT ( 'NONE',  ( -1.154130869918299300, -0.8343095287072215300, -1.071273839356850400 ) ) ;
#1190 = VERTEX_POINT ( 'NONE', #742 ) ;
#1191 = ORIENTED_EDGE ( 'NONE', *, *, #1068, .T. ) ;
#1192 = PERSON_AND_ORGANIZATION ( #40, #698 ) ;
#1193 = CARTESIAN_POINT ( 'NONE',  ( 1.375000000000000900, 2.381569860407206200, -1.200000000000000000 ) ) ;
#1194 = CARTESIAN_POINT ( 'NONE',  ( -0.6619419455362873800, 1.347190803930138100, -1.101421659967627000 ) ) ;
#1195 = CARTESIAN_POINT ( 'NONE',  ( -1.017788105676655600, 0.5876202367904153100, -1.804166666666666900 ) ) ;
#1196 = CARTESIAN_POINT ( 'NONE',  ( -0.06874999999999113800, 3.135733649536159600, 0.9768614993004483000 ) ) ;
#1197 = ORIENTED_EDGE ( 'NONE', *, *, #897, .F. ) ;
#1198 = CARTESIAN_POINT ( 'NONE',  ( 0.06302708750174167200, 3.139037774607623500, -0.9750267446545006800 ) ) ;
#1199 = CARTESIAN_POINT ( 'NONE',  ( 1.357050807568873400, 8.309539638847759200E-017, -0.5750000000000002900 ) ) ;
#1200 = CARTESIAN_POINT ( 'NONE',  ( 0.1174276036890140600, -1.367147073981879800, -1.019248340589805600 ) ) ;
#1201 = EDGE_LOOP ( 'NONE', ( #1965, #2207, #643, #1524 ) ) ;
#1202 = CARTESIAN_POINT ( 'NONE',  ( 2.749999999999997800, -0.5080908593502011500, -1.179202469798224600 ) ) ;
#1203 = EDGE_CURVE ( 'NONE', #846, #1160, #1042, .T. ) ;
#1204 = CARTESIAN_POINT ( 'NONE',  ( 1.017788105676655100, 0.5876202367904161900, -1.470833333333333400 ) ) ;
#1205 = CARTESIAN_POINT ( 'NONE',  ( 1.500000000000000200, 2.033577675846917800E-016, -0.3249999999999999600 ) ) ;
#1206 = ADVANCED_FACE ( 'NONE', ( #1179 ), #369, .T. ) ;
#1207 = CARTESIAN_POINT ( 'NONE',  ( -1.017788105676655600, 0.5876202367904153100, -1.866666666666667100 ) ) ;
#1208 = B_SPLINE_CURVE_WITH_KNOTS ( 'NONE', 3,
 ( #48, #1527, #1340, #950, #38, #243 ),
 .UNSPECIFIED., .F., .F.,
 ( 4, 2, 4 ),
 ( 0.004580851402316600500, 0.005343890421362422000, 0.006106929440408243400 ),
 .UNSPECIFIED. ) ;
#1209 =( BOUNDED_CURVE ( )  B_SPLINE_CURVE ( 2, ( #2363, #684, #1246, #1230, #2168, #888, #2370, #1998, #1420 ),
 .UNSPECIFIED., .F., .T. ) 
 B_SPLINE_CURVE_WITH_KNOTS ( ( 3, 2, 2, 2, 3 ),
 ( 0.1986410377391017700, 0.2093258239025803700, 0.2306953962295376900, 0.2520649685564950200, 0.2627501160395595000 ),
 .UNSPECIFIED. ) 
 CURVE ( )  GEOMETRIC_REPRESENTATION_ITEM ( )  RATIONAL_B_SPLINE_CURVE ( ( 0.9330127018922194100, 0.9330127018922194100, 1.000000000000000000, 0.8660254037844387100, 1.000000000000000000, 0.8660254037844387100, 1.000000000000000000, 0.9330104366318350300, 0.9330127019688219100 ) ) 
 REPRESENTATION_ITEM ( '' )  );
#1210 = EDGE_LOOP ( 'NONE', ( #570, #554, #1282, #1562 ) ) ;
#1211 = CARTESIAN_POINT ( 'NONE',  ( 0.0000000000000000000, 0.0000000000000000000, -1.200000000000000000 ) ) ;
#1212 = CARTESIAN_POINT ( 'NONE',  ( -0.6785254037844362700, -1.175240473580832400, 1.758333333333333100 ) ) ;
#1213 = CARTESIAN_POINT ( 'NONE',  ( 1.299038105676658200, 0.7500000000000003300, 1.216666666666666800 ) ) ;
#1214 = CARTESIAN_POINT ( 'NONE',  ( 2.692929196218938300, 1.620663084197334000, -0.9731171716473120400 ) ) ;
#1215 = CARTESIAN_POINT ( 'NONE',  ( 1.439254484199185900E-016, -1.175240473580832200, 1.862499999999999600 ) ) ;
#1216 = ORIENTED_EDGE ( 'NONE', *, *, #78, .T. ) ;
#1217 = CARTESIAN_POINT ( 'NONE',  ( 1.017788105676655100, 0.5876202367904161900, -0.03333333333333378400 ) ) ;
#1218 = ADVANCED_FACE ( 'NONE', ( #139 ), #1883, .F. ) ;
#1219 = VERTEX_POINT ( 'NONE', #1313 ) ;
#1220 = CARTESIAN_POINT ( 'NONE',  ( -1.299038105676657800, -0.7500000000000007800, -0.03333333333333334700 ) ) ;
#1221 = CARTESIAN_POINT ( 'NONE',  ( 0.6785254037844370400, -1.175240473580832200, -1.095833333333333700 ) ) ;
#1222 = EDGE_CURVE ( 'NONE', #1314, #1699, #1603, .T. ) ;
#1223 = CYLINDRICAL_SURFACE ( 'NONE', #1693, 1.500000000000000200 ) ;
#1224 =( BOUNDED_CURVE ( )  B_SPLINE_CURVE ( 2, ( #700, #1080, #2032, #2016, #1464, #343, #1649, #173, #1473 ),
 .UNSPECIFIED., .F., .T. ) 
 B_SPLINE_CURVE_WITH_KNOTS ( ( 3, 2, 2, 2, 3 ),
 ( 0.5832933396243329400, 0.5939781257878116200, 0.6153476981147688600, 0.6367172704417261000, 0.6474024179247948000 ),
 .UNSPECIFIED. ) 
 CURVE ( )  GEOMETRIC_REPRESENTATION_ITEM ( )  RATIONAL_B_SPLINE_CURVE ( ( 0.9330127018922194100, 0.9330127018922194100, 1.000000000000000000, 0.8660254037844387100, 1.000000000000000000, 0.8660254037844387100, 1.000000000000000000, 0.9330104366318090500, 0.9330127019688220200 ) ) 
 REPRESENTATION_ITEM ( '' )  );
#1225 = CARTESIAN_POINT ( 'NONE',  ( 1.017788105676655300, -0.5876202367904158600, 0.9458333333333328600 ) ) ;
#1226 = CARTESIAN_POINT ( 'NONE',  ( 0.6785254037844370400, -1.175240473580832200, -0.1583333333333336900 ) ) ;
#1227 = CARTESIAN_POINT ( 'NONE',  ( 1.226763569667056900, -0.7843197051294393800, 1.102796335963695600 ) ) ;
#1228 = B_SPLINE_CURVE_WITH_KNOTS ( 'NONE', 3,
 ( #359, #520, #528, #1843, #543, #1664, #690, #2406, #1833, #335, #2189, #2008, #1849 ),
 .UNSPECIFIED., .F., .F.,
 ( 4, 3, 3, 3, 4 ),
 ( 2.168404344971008900E-019, 4.198837217621476500E-005, 8.410849014051293600E-005, 0.0001247285044134588700, 0.0001450865298740219400 ),
 .UNSPECIFIED. ) ;
#1229 = ORIENTED_EDGE ( 'NONE', *, *, #981, .F. ) ;
#1230 = CARTESIAN_POINT ( 'NONE',  ( -0.8660254037844391500, 1.499999999999998900, 0.9041666666666654500 ) ) ;
#1231 = CARTESIAN_POINT ( 'NONE',  ( -1.357050807568873400, -2.492861891654327400E-016, 0.6749999999999993800 ) ) ;
#1232 = CARTESIAN_POINT ( 'NONE',  ( 1.439254484199185900E-016, -1.175240473580832200, -0.6375000000000002900 ) ) ;
#1233 = CARTESIAN_POINT ( 'NONE',  ( 1.279398380456292900, -0.1344979490900282100, 1.915463090170797600 ) ) ;
#1234 = ORIENTED_EDGE ( 'NONE', *, *, #1984, .F. ) ;
#1235 = CARTESIAN_POINT ( 'NONE',  ( -1.137835564023932600, 1.029210992451759600, -1.132178388469542000 ) ) ;
#1236 = CARTESIAN_POINT ( 'NONE',  ( 0.6785254037844370400, -1.175240473580832200, 0.4041666666666663400 ) ) ;
#1237 = CARTESIAN_POINT ( 'NONE',  ( 0.06874999999978369200, -3.135733649536277300, -0.9768614993003832400 ) ) ;
#1238 = CARTESIAN_POINT ( 'NONE',  ( 0.6785254037844370400, -1.175240473580832200, 1.841666666666666300 ) ) ;
#1239 = EDGE_CURVE ( 'NONE', #860, #1639, #1539, .T. ) ;
#1240 = CARTESIAN_POINT ( 'NONE',  ( -1.299038105676658000, 0.7499999999999985600, -1.554166666666667800 ) ) ;
#1241 = CARTESIAN_POINT ( 'NONE',  ( -1.017788105676654900, -0.5876202367904166400, 1.779166666666666300 ) ) ;
#1242 = APPROVAL ( #356, 'UNSPECIFIED' ) ;
#1243 = CARTESIAN_POINT ( 'NONE',  ( -0.7374802612661832700, 0.9298559048612417000, -0.8305441218289131300 ) ) ;
#1244 = ORIENTED_EDGE ( 'NONE', *, *, #331, .T. ) ;
#1245 = ADVANCED_FACE ( 'NONE', ( #394 ), #496, .T. ) ;
#1246 = CARTESIAN_POINT ( 'NONE',  ( -1.299038105676658000, 0.7499999999999985600, 0.9458333333333321900 ) ) ;
#1247 = CARTESIAN_POINT ( 'NONE',  ( -2.750000000000000000, -0.2550090575433350800, -1.199999999999999500 ) ) ;
#1248 = CARTESIAN_POINT ( 'NONE',  ( -1.017788105676654900, -0.5876202367904166400, 1.716666666666666300 ) ) ;
#1249 = FACE_OUTER_BOUND ( 'NONE', #2356, .T. ) ;
#1250 = CARTESIAN_POINT ( 'NONE',  ( 1.117729695953867600, 0.3631397768427093200, 2.013249324287667500 ) ) ;
#1251 = LINE ( 'NONE', #1393, #256 ) ;
#1252 = CARTESIAN_POINT ( 'NONE',  ( 1.499992716321311800, -0.4019364043482357400, -0.7848298002415697900 ) ) ;
#1253 = FACE_OUTER_BOUND ( 'NONE', #1689, .T. ) ;
#1254 = CARTESIAN_POINT ( 'NONE',  ( -1.175235580361204200, 0.003391371550646557700, -0.8252404735877665300 ) ) ;
#1255 = ORIENTED_EDGE ( 'NONE', *, *, #968, .T. ) ;
#1256 = CARTESIAN_POINT ( 'NONE',  ( -0.002450876019103671200, -3.154845195012078800, 0.9662798097312719200 ) ) ;
#1257 = DATE_AND_TIME ( #1751, #1786 ) ;
#1258 = DIRECTION ( 'NONE',  ( 1.000000000000000000, 0.0000000000000000000, 0.0000000000000000000 ) ) ;
#1259 = AXIS2_PLACEMENT_3D ( 'NONE', #1705, #414, #1727 ) ;
#1260 = CARTESIAN_POINT ( 'NONE',  ( 0.06874999999999001400, -3.135733649536157900, 0.9768614993004494100 ) ) ;
#1261 = CARTESIAN_POINT ( 'NONE',  ( -1.153523244944179700, -2.509439524557927700, 1.200000000000002000 ) ) ;
#1262 = ORIENTED_EDGE ( 'NONE', *, *, #792, .F. ) ;
#1263 = CARTESIAN_POINT ( 'NONE',  ( -2.750000000000000000, 1.587713240271471800, 1.200000000000000000 ) ) ;
#1264 = CARTESIAN_POINT ( 'NONE',  ( 2.749999999999998700, -0.2550090575499817100, -1.200000000000000600 ) ) ;
#1265 = CARTESIAN_POINT ( 'NONE',  ( 1.499999999753692800, -2.718312128820940300E-005, 0.2374984898275826500 ) ) ;
#1266 = VERTEX_POINT ( 'NONE', #1913 ) ;
#1267 = CARTESIAN_POINT ( 'NONE',  ( -2.750000000000000000, 1.508327578257898600, 0.9768614993004505200 ) ) ;
#1268 = CARTESIAN_POINT ( 'NONE',  ( 0.002450876019184640700, -3.154845195012049500, -0.9662798097312880200 ) ) ;
#1269 = CARTESIAN_POINT ( 'NONE',  ( -2.750000000000001800, -1.587713240271468900, 1.200000000000000000 ) ) ;
#1270 = CARTESIAN_POINT ( 'NONE',  ( 0.06875000000063487300, 3.135733649535788800, 0.9768614993006542500 ) ) ;
#1271 = ADVANCED_FACE ( 'NONE', ( #519 ), #1401, .F. ) ;
#1272 =( NAMED_UNIT ( * ) SI_UNIT ( $, .STERADIAN. ) SOLID_ANGLE_UNIT ( ) );
#1273 = DIRECTION ( 'NONE',  ( 0.7071067811865487900, 0.0000000000000000000, 0.7071067811865463500 ) ) ;
#1274 = EDGE_CURVE ( 'NONE', #1395, #530, #1607, .T. ) ;
#1275 = VERTEX_POINT ( 'NONE', #1626 ) ;
#1276 = CARTESIAN_POINT ( 'NONE',  ( -1.062044223092492000, 1.073607089373185100, -1.141766180460488800 ) ) ;
#1277 = CARTESIAN_POINT ( 'NONE',  ( -1.817813193412507000, 2.125911543989777600, 1.178847267350581400 ) ) ;
#1278 = CARTESIAN_POINT ( 'NONE',  ( -0.8826465796522717800, 1.003731537234883200, -0.9831593456991317700 ) ) ;
#1279 = CARTESIAN_POINT ( 'NONE',  ( 1.357050807568873400, 8.309539638847759200E-017, -0.5750000000000002900 ) ) ;
#1280 = ORIENTED_EDGE ( 'NONE', *, *, #387, .F. ) ;
#1281 = CARTESIAN_POINT ( 'NONE',  ( 0.03841618364191687300, -3.149344744725201700, 0.9693170499886222300 ) ) ;
#1282 = ORIENTED_EDGE ( 'NONE', *, *, #361, .F. ) ;
#1283 = CARTESIAN_POINT ( 'NONE',  ( -2.750000000000001800, -1.514935828401368100, -0.9750267446543520200 ) ) ;
#1284 = CARTESIAN_POINT ( 'NONE',  ( 0.01685444861777883600, -3.153826367001691300, -0.9668416760243304700 ) ) ;
#1285 = CARTESIAN_POINT ( 'NONE',  ( 0.2888380920325818200, 1.215259188265743100, -0.8758047412742695500 ) ) ;
#1286 = EDGE_CURVE ( 'NONE', #338, #1623, #1228, .T. ) ;
#1287 = VERTEX_POINT ( 'NONE', #885 ) ;
#1288 = ORIENTED_EDGE ( 'NONE', *, *, #1794, .F. ) ;
#1289 = CARTESIAN_POINT ( 'NONE',  ( -1.456664432016931500, 0.1158120691158159200, -1.106664432016932800 ) ) ;
#1290 = AXIS2_PLACEMENT_3D ( 'NONE', #955, #737, #948 ) ;
#1291 = CARTESIAN_POINT ( 'NONE',  ( -2.878508968398371900E-016, 1.175240473580832200, -0.4500000000000002900 ) ) ;
#1292 = VERTEX_POINT ( 'NONE', #709 ) ;
#1293 = CARTESIAN_POINT ( 'NONE',  ( -1.017788105676655800, 0.5876202367904153100, -0.8041666666666654800 ) ) ;
#1294 = CARTESIAN_POINT ( 'NONE',  ( 1.439254484199185900E-016, -1.175240473580832200, 0.7999999999999994900 ) ) ;
#1295 = CARTESIAN_POINT ( 'NONE',  ( 0.0000000000000000000, 0.0000000000000000000, 1.200000000000000000 ) ) ;
#1296 = EDGE_LOOP ( 'NONE', ( #526, #265 ) ) ;
#1297 = CARTESIAN_POINT ( 'NONE',  ( 1.357050807568873200, 8.309539638847758000E-017, -0.5124999999999986200 ) ) ;
#1298 = AXIS2_PLACEMENT_3D ( 'NONE', #73, #1745, #459 ) ;
#1299 = CARTESIAN_POINT ( 'NONE',  ( -1.017788105676654900, -0.5876202367904166400, -0.7833333333333336600 ) ) ;
#1300 = DIRECTION ( 'NONE',  ( -1.000000000000000000, 0.0000000000000000000, 0.0000000000000000000 ) ) ;
#1301 = CIRCLE ( 'NONE', #3, 2.750000000000000000 ) ;
#1302 = VECTOR ( 'NONE', #1703, 1000.000000000000000 ) ;
#1303 = CARTESIAN_POINT ( 'NONE',  ( 0.6785254037844370400, -1.175240473580832200, 0.3416666666666663400 ) ) ;
#1304 = ORIENTED_EDGE ( 'NONE', *, *, #685, .T. ) ;
#1305 = PERSON_AND_ORGANIZATION ( #40, #698 ) ;
#1306 = DIRECTION ( 'NONE',  ( 0.8660254037844384900, -0.5000000000000002200, 0.0000000000000000000 ) ) ;
#1307 = CARTESIAN_POINT ( 'NONE',  ( 1.299038105676658200, 0.7500000000000003300, -0.7833333333333332100 ) ) ;
#1308 = CARTESIAN_POINT ( 'NONE',  ( -1.153523244942823000, -2.509439524558710700, -1.200000000000002000 ) ) ;
#1309 = EDGE_CURVE ( 'NONE', #1699, #1406, #1801, .T. ) ;
#1310 = CARTESIAN_POINT ( 'NONE',  ( 0.6785254037844370400, -1.175240473580831900, 0.4041666666666679500 ) ) ;
#1311 = CARTESIAN_POINT ( 'NONE',  ( -0.6785254037844372600, 1.175240473580831900, 0.09166666666666634100 ) ) ;
#1312 = AXIS2_PLACEMENT_3D ( 'NONE', #290, #1435, #2010 ) ;
#1313 = CARTESIAN_POINT ( 'NONE',  ( 0.6841610353969066500, -1.334887140414724700, 1.150000006171473900 ) ) ;
#1314 = VERTEX_POINT ( 'NONE', #1260 ) ;
#1315 = CARTESIAN_POINT ( 'NONE',  ( 1.500000000000000200, 2.033577675846917800E-016, -0.8249999999999998400 ) ) ;
#1316 = CARTESIAN_POINT ( 'NONE',  ( -0.5259735999204582200, -1.382314305657299100, 1.108402002325840700 ) ) ;
#1317 = CARTESIAN_POINT ( 'NONE',  ( -1.017788105676654900, -0.5876202367904166400, -0.2208333333333337400 ) ) ;
#1318 = DIRECTION ( 'NONE',  ( 0.0000000000000000000, 0.0000000000000000000, 1.000000000000000000 ) ) ;
#1319 =( BOUNDED_CURVE ( )  B_SPLINE_CURVE ( 2, ( #538, #1481, #346, #360, #2045, #155, #733, #1279, #1650, #328, #1291, #1456, #2374, #545, #1844, #711, #1642, #522, #1100, #716, #2034, #1835, #2027, #909, #2214, #726, #355, #1095, #2402, #169, #1474, #175, #1136, #1859, #757, #180, #935, #765, #1887, #203, #949, #1704, #2 ),
 .UNSPECIFIED., .F., .T. ) 
 B_SPLINE_CURVE_WITH_KNOTS ( ( 3, 2, 2, 2, 2, 2, 2, 2, 2, 2, 2, 2, 2, 2, 2, 2, 2, 2, 2, 2, 2, 3 ),
 ( 0.2811939086568826000, 0.2916666666666666900, 0.3125000000000000000, 0.3333333333333333100, 0.3541666666666666900, 0.3750000000000000000, 0.3958333333333333100, 0.4166666666666666900, 0.4375000000000000000, 0.4583333333333333100, 0.4791666666666666900, 0.5000000000000000000, 0.5208333333333333700, 0.5416666666666666300, 0.5625000000000000000, 0.5833333333333333700, 0.6041666666666666300, 0.6250000000000000000, 0.6458333333333333700, 0.6666666666666666300, 0.6875000000000000000, 0.6940472469494557400 ),
 .UNSPECIFIED. ) 
 CURVE ( )  GEOMETRIC_REPRESENTATION_ITEM ( )  RATIONAL_B_SPLINE_CURVE ( ( 0.9330146442382660800, 0.9326519907700429000, 1.000000000000000000, 0.8660254037844387100, 1.000000000000000000, 0.8660254037844387100, 1.000000000000000000, 0.8660254037844387100, 1.000000000000000000, 0.8660254037844387100, 1.000000000000000000, 0.8660254037844387100, 1.000000000000000000, 0.8660254037844387100, 1.000000000000000000, 0.8660254037844387100, 1.000000000000000000, 0.8660254037844387100, 1.000000000000000000, 0.8660254037844387100, 1.000000000000000000, 0.8660254037844387100, 1.000000000000000000, 0.8660254037844387100, 1.000000000000000000, 0.8660254037844387100, 1.000000000000000000, 0.8660254037844387100, 1.000000000000000000, 0.8660254037844387100, 1.000000000000000000, 0.8660254037844387100, 1.000000000000000000, 0.8660254037844387100, 1.000000000000000000, 0.8660254037844387100, 1.000000000000000000, 0.8660254037844387100, 1.000000000000000000, 0.8660254037844387100, 1.000000000000000000, 0.9578960912139089500, 0.9422559925103679600 ) ) 
 REPRESENTATION_ITEM ( '' )  );
#1320 = CARTESIAN_POINT ( 'NONE',  ( 2.749999999999999600, 1.587713240271470400, 1.200000000000000000 ) ) ;
#1321 = ORIENTED_EDGE ( 'NONE', *, *, #759, .T. ) ;
#1322 = EDGE_CURVE ( 'NONE', #2220, #1813, #2044, .T. ) ;
#1323 = CARTESIAN_POINT ( 'NONE',  ( 2.730950645878180300, -1.579545118400109000, 0.9662798097312715900 ) ) ;
#1324 = DIRECTION ( 'NONE',  ( 0.0000000000000000000, 0.0000000000000000000, -1.000000000000000000 ) ) ;
#1325 = CARTESIAN_POINT ( 'NONE',  ( 0.6785254037844366000, 1.175240473580832400, -0.9291666666666669200 ) ) ;
#1326 = CARTESIAN_POINT ( 'NONE',  ( 1.089128515343335900, 0.6692853952404870200, 0.9164408058556511300 ) ) ;
#1327 = ORIENTED_EDGE ( 'NONE', *, *, #186, .F. ) ;
#1328 = ORIENTED_EDGE ( 'NONE', *, *, #1413, .T. ) ;
#1329 = DIRECTION ( 'NONE',  ( 0.0000000000000000000, 0.0000000000000000000, -1.000000000000000000 ) ) ;
#1330 = CARTESIAN_POINT ( 'NONE',  ( 1.732050807568876300, 1.060575238724906400E-016, 1.237499999999998700 ) ) ;
#1331 = CARTESIAN_POINT ( 'NONE',  ( 1.299038105676657600, -0.7499999999999993300, -0.3041666666666678600 ) ) ;
#1332 = CARTESIAN_POINT ( 'NONE',  ( -1.500000000000000400, 0.4019237886466833800, 0.9026709006307397400 ) ) ;
#1333 = CARTESIAN_POINT ( 'NONE',  ( 1.439254484199185900E-016, -1.175240473580832200, -0.1375000000000002600 ) ) ;
#1334 = CARTESIAN_POINT ( 'NONE',  ( -2.703974726230256000, 1.611921149041251100, 0.9702438667103210300 ) ) ;
#1335 = VERTEX_POINT ( 'NONE', #161 ) ;
#1336 = VERTEX_POINT ( 'NONE', #168 ) ;
#1337 = CARTESIAN_POINT ( 'NONE',  ( 0.8660254037844392600, -1.500000000000000000, 0.09166666666666675700 ) ) ;
#1338 = CARTESIAN_POINT ( 'NONE',  ( 0.8660254037844380400, 1.499999999999999300, -0.6791666666666678100 ) ) ;
#1339 = CARTESIAN_POINT ( 'NONE',  ( -1.500000000000000200, -6.391244124090313400E-016, -0.5749999999999998400 ) ) ;
#1340 = CARTESIAN_POINT ( 'NONE',  ( 2.749999999999999100, 0.5133881092333302300, 1.178648365811950600 ) ) ;
#1341 = EDGE_CURVE ( 'NONE', #1108, #72, #1224, .T. ) ;
#1342 = ORIENTED_EDGE ( 'NONE', *, *, #2314, .F. ) ;
#1343 = CARTESIAN_POINT ( 'NONE',  ( 0.6785254037844366000, 1.175240473580832400, 0.07083333333333290100 ) ) ;
#1344 = DIRECTION ( 'NONE',  ( -1.000000000000000000, 0.0000000000000000000, 0.0000000000000000000 ) ) ;
#1345 = DIRECTION ( 'NONE',  ( 0.0000000000000000000, 0.0000000000000000000, -1.000000000000000000 ) ) ;
#1346 = CARTESIAN_POINT ( 'NONE',  ( -3.673940397442060400E-016, 1.500000000000000200, -1.200000000000000000 ) ) ;
#1347 = CARTESIAN_POINT ( 'NONE',  ( 1.299038105676657600, -0.7499999999999993300, 1.695833333333332000 ) ) ;
#1348 = ADVANCED_FACE ( 'NONE', ( #1747 ), #18, .T. ) ;
#1349 = CARTESIAN_POINT ( 'NONE',  ( 0.0000000000000000000, 0.0000000000000000000, 5.442640687119285800 ) ) ;
#1350 = B_SPLINE_CURVE_WITH_KNOTS ( 'NONE', 3,
 ( #503, #2346, #129, #1227, #1986, #487, #104, #682, #2355, #2336, #1060, #1800, #668, #857 ),
 .UNSPECIFIED., .F., .F.,
 ( 4, 2, 2, 2, 2, 2, 4 ),
 ( 0.0000000000000000000, 0.0002958675136301799000, 0.0005917350272603597900, 0.001183470054520719600, 0.001479337568150899400, 0.001775205081781079500, 0.002366940109041438700 ),
 .UNSPECIFIED. ) ;
#1351 = CARTESIAN_POINT ( 'NONE',  ( -3.673940397442060400E-016, 1.500000000000000200, 0.3000000000000001600 ) ) ;
#1352 = CARTESIAN_POINT ( 'NONE',  ( 1.017788105676655100, 0.5876202367904161900, 1.029166666666666600 ) ) ;
#1353 = CARTESIAN_POINT ( 'NONE',  ( 0.0000000000000000000, 0.0000000000000000000, 1.200000000000000000 ) ) ;
#1354 = ORIENTED_EDGE ( 'NONE', *, *, #1274, .T. ) ;
#1355 = CARTESIAN_POINT ( 'NONE',  ( -1.357050807568873400, -2.492861891654327400E-016, -0.8250000000000002900 ) ) ;
#1356 = CARTESIAN_POINT ( 'NONE',  ( -1.732050807568877400, -3.181725716174720500E-016, 0.4250000000000000400 ) ) ;
#1357 = EDGE_CURVE ( 'NONE', #1275, #2100, #1987, .T. ) ;
#1358 = CARTESIAN_POINT ( 'NONE',  ( -3.673940397442060400E-016, 1.500000000000000200, 0.8000000000000001600 ) ) ;
#1359 = CIRCLE ( 'NONE', #378, 2.750000000000000000 ) ;
#1360 = CARTESIAN_POINT ( 'NONE',  ( 0.8660254037844392600, -1.499999999999999800, 0.5916666666666669000 ) ) ;
#1361 = CARTESIAN_POINT ( 'NONE',  ( 1.439254484199185900E-016, -1.175240473580832200, -0.7000000000000002900 ) ) ;
#1362 = CARTESIAN_POINT ( 'NONE',  ( -1.254987901895912900, -0.6854903019919909000, -1.077172189989807000 ) ) ;
#1363 = CC_DESIGN_APPROVAL ( #1242, ( #867 ) ) ;
#1364 = FACE_OUTER_BOUND ( 'NONE', #1201, .T. ) ;
#1365 = CARTESIAN_POINT ( 'NONE',  ( 1.374999999999998400, -2.381569860407207100, -1.200000000000000000 ) ) ;
#1366 = CARTESIAN_POINT ( 'NONE',  ( -3.673940397442060400E-016, 1.500000000000000200, -0.1999999999999998700 ) ) ;
#1367 = ORIENTED_EDGE ( 'NONE', *, *, #2000, .T. ) ;
#1368 = CARTESIAN_POINT ( 'NONE',  ( 1.732050807568876300, 1.060575238724906400E-016, 0.2374999999999988000 ) ) ;
#1369 = PERSON_AND_ORGANIZATION ( #40, #698 ) ;
#1370 = CARTESIAN_POINT ( 'NONE',  ( 2.717684649104021000, -1.597912650695100500, -0.9675527327946280600 ) ) ;
#1371 = CARTESIAN_POINT ( 'NONE',  ( 1.819671443333343900, 2.124838682897760600, 1.200000000000001700 ) ) ;
#1372 = CARTESIAN_POINT ( 'NONE',  ( -1.357050807568873400, -2.492861891654327400E-016, 1.237499999999999600 ) ) ;
#1373 = CARTESIAN_POINT ( 'NONE',  ( -1.239649323826322200, 0.6833638972031443900, 1.022442264872849500 ) ) ;
#1374 = CARTESIAN_POINT ( 'NONE',  ( 1.500000000000000200, 2.033577675846917800E-016, -0.3249999999999999600 ) ) ;
#1375 = CARTESIAN_POINT ( 'NONE',  ( -0.9853399614976209300, 1.136114674158074800, -1.080261426128053400 ) ) ;
#1376 = CARTESIAN_POINT ( 'NONE',  ( 0.8660254037844392600, -1.500000000000000000, 0.5916666666666669000 ) ) ;
#1377 = CARTESIAN_POINT ( 'NONE',  ( 1.836970198721030200E-016, -1.500000000000000200, -0.9499999999999998400 ) ) ;
#1378 = ORIENTED_EDGE ( 'NONE', *, *, #910, .T. ) ;
#1379 = CARTESIAN_POINT ( 'NONE',  ( -2.681250000007209300, 1.627406071274096500, -0.9768614992981556900 ) ) ;
#1380 = CARTESIAN_POINT ( 'NONE',  ( 1.357050807568873400, 8.309539638847759200E-017, -1.575000000000000600 ) ) ;
#1381 = CARTESIAN_POINT ( 'NONE',  ( 2.749999999999998200, -1.010946657050061100, -1.101911994747474900 ) ) ;
#1382 = CARTESIAN_POINT ( 'NONE',  ( -1.189268298627110800, 0.9161328286288750200, -1.064153159512723600 ) ) ;
#1383 = CARTESIAN_POINT ( 'NONE',  ( 1.299038105676658400, -0.7499999999999997800, 1.633333333333333300 ) ) ;
#1384 = EDGE_LOOP ( 'NONE', ( #312, #2310, #2241, #683, #696, #2144 ) ) ;
#1385 = CARTESIAN_POINT ( 'NONE',  ( -1.374999999999999100, 2.381569860407206600, -1.200000000000000000 ) ) ;
#1386 = CARTESIAN_POINT ( 'NONE',  ( -1.017788105676655600, 0.5876202367904153100, 1.195833333333333100 ) ) ;
#1387 = CARTESIAN_POINT ( 'NONE',  ( -1.843143693225357500E-015, -3.016655156515792400, 1.200000000000000000 ) ) ;
#1388 = ADVANCED_FACE ( 'NONE', ( #229, #1253 ), #1882, .T. ) ;
#1389 = CARTESIAN_POINT ( 'NONE',  ( 1.299038105676658400, -0.7499999999999997800, 0.1333333333333333900 ) ) ;
#1390 = CARTESIAN_POINT ( 'NONE',  ( 1.117735697788870800, 0.3631213029153271300, 1.950748014348142200 ) ) ;
#1391 = LINE ( 'NONE', #2230, #1682 ) ;
#1392 = CARTESIAN_POINT ( 'NONE',  ( -2.878508968398371900E-016, 1.175240473580832200, -1.387500000000000200 ) ) ;
#1393 = CARTESIAN_POINT ( 'NONE',  ( -0.06874999999999931200, 3.135733649536154700, 1.200000000000000000 ) ) ;
#1394 = EDGE_CURVE ( 'NONE', #1127, #1813, #1022, .T. ) ;
#1395 = VERTEX_POINT ( 'NONE', #232 ) ;
#1396 = CARTESIAN_POINT ( 'NONE',  ( 0.6785254037844366000, 1.175240473580832400, -1.491666666666666900 ) ) ;
#1397 = DIRECTION ( 'NONE',  ( 0.0000000000000000000, 0.0000000000000000000, -1.000000000000000000 ) ) ;
#1398 = B_SPLINE_CURVE_WITH_KNOTS ( 'NONE', 3,
 ( #212, #1154, #769, #2102, #1892, #390, #2082, #1530, #2282, #2264, #221, #2274, #1162 ),
 .UNSPECIFIED., .F., .F.,
 ( 4, 3, 3, 3, 4 ),
 ( 6.857096618313869600E-019, 4.198837217621357300E-005, 8.410849014051052300E-005, 0.0001247285044134553700, 0.0001450865298655191900 ),
 .UNSPECIFIED. ) ;
#1399 = SHAPE_DEFINITION_REPRESENTATION ( #1869, #1128 ) ;
#1400 = CARTESIAN_POINT ( 'NONE',  ( 1.299038105676657600, -0.7499999999999993300, 0.6958333333333319700 ) ) ;
#1401 =( BOUNDED_SURFACE ( )  B_SPLINE_SURFACE ( 1, 2, ( 
 ( #1531, #62, #1156, #2257, #990, #1172, #581, #2292, #249, #46, #789, #2266, #1346, #1885, #2083, #27, #1922, #1146, #972, #798, #782, #604, #1547, #2104, #2284, #1897, #595, #1732, #763, #2074, #772, #2096, #1523, #234, #1904, #1540, #1366, #54, #400, #35, #214, #1143, #609, #1337, #226, #2275, #1724, #1709, #586, #979, #411, #1356, #428, #1774, #649, #1376, #1961, #2312, #1599, #836, #629, #999, #2331, #2135, #826, #654, #261, #268, #295, #71, #1213, #469, #1564, #447, #1742, #1754, #278, #100, #1027, #80, #1383, #2141, #1939, #1765, #1972, #818, #285, #2114, #457, #618, #1414, #1402, #474, #2124, #1009 ),
 ( #639, #1951, #1195, #1576, #1931, #1016, #1592, #2321, #807, #1784, #1204, #91, #1392, #1584, #842, #2150, #1035, #2342, #2304, #1221, #109, #1180, #2350, #861, #1611, #2171, #854, #1795, #303, #1045, #1232, #1056, #1422, #664, #484, #1981, #2161, #117, #491, #1804, #672, #1992, #1425, #838, #1037, #1408, #876, #2344, #2354, #2181, #2165, #1995, #1620, #320, #856, #1236, #681, #1966, #508, #2155, #866, #478, #121, #1050, #308, #1439, #1432, #1787, #1225, #288, #2368, #2002, #111, #1416, #1614, #1985, #2145, #134, #494, #1817, #1066, #667, #2174, #1059, #1594, #2360, #298, #1030, #1241, #847, #1215, #128, #1806, #676, #1250 ) ),
 .UNSPECIFIED., .F., .F., .T. ) 
 B_SPLINE_SURFACE_WITH_KNOTS ( ( 2, 2 ),
 ( 3, 2, 2, 2, 2, 2, 2, 2, 2, 2, 2, 2, 2, 2, 2, 2, 2, 2, 2, 2, 2, 2, 2, 2, 2, 2, 2, 2, 2, 2, 2, 2, 2, 2, 2, 2, 2, 2, 2, 2, 2, 2, 2, 2, 2, 2, 2, 3 ),
 ( 0.0000000000000000000, 1.000000000000000000 ),
 ( 0.0000000000000000000, 0.02083333333333333200, 0.04166666666666666400, 0.06250000000000000000, 0.08333333333333332900, 0.1041666666666666700, 0.1250000000000000000, 0.1458333333333333400, 0.1666666666666666600, 0.1875000000000000000, 0.2083333333333333400, 0.2291666666666666600, 0.2500000000000000000, 0.2708333333333333100, 0.2916666666666666900, 0.3125000000000000000, 0.3333333333333333100, 0.3541666666666666900, 0.3750000000000000000, 0.3958333333333333100, 0.4166666666666666900, 0.4375000000000000000, 0.4583333333333333100, 0.4791666666666666900, 0.5000000000000000000, 0.5208333333333333700, 0.5416666666666666300, 0.5625000000000000000, 0.5833333333333333700, 0.6041666666666666300, 0.6250000000000000000, 0.6458333333333333700, 0.6666666666666666300, 0.6875000000000000000, 0.7083333333333333700, 0.7291666666666666300, 0.7500000000000000000, 0.7708333333333333700, 0.7916666666666666300, 0.8125000000000000000, 0.8333333333333333700, 0.8541666666666666300, 0.8750000000000000000, 0.8958333333333333700, 0.9166666666666666300, 0.9375000000000000000, 0.9583333333333333700, 0.9749067530194782700 ),
 .UNSPECIFIED. ) 
 GEOMETRIC_REPRESENTATION_ITEM ( )  RATIONAL_B_SPLINE_SURFACE ( (
 ( 1.000000000000000000, 0.8660254037844387100, 1.000000000000000000, 0.8660254037844387100, 1.000000000000000000, 0.8660254037844387100, 1.000000000000000000, 0.8660254037844387100, 1.000000000000000000, 0.8660254037844387100, 1.000000000000000000, 0.8660254037844387100, 1.000000000000000000, 0.8660254037844387100, 1.000000000000000000, 0.8660254037844387100, 1.000000000000000000, 0.8660254037844387100, 1.000000000000000000, 0.8660254037844387100, 1.000000000000000000, 0.8660254037844387100, 1.000000000000000000, 0.8660254037844387100, 1.000000000000000000, 0.8660254037844387100, 1.000000000000000000, 0.8660254037844387100, 1.000000000000000000, 0.8660254037844387100, 1.000000000000000000, 0.8660254037844387100, 1.000000000000000000, 0.8660254037844387100, 1.000000000000000000, 0.8660254037844387100, 1.000000000000000000, 0.8660254037844387100, 1.000000000000000000, 0.8660254037844387100, 1.000000000000000000, 0.8660254037844387100, 1.000000000000000000, 0.8660254037844387100, 1.000000000000000000, 0.8660254037844387100, 1.000000000000000000, 0.8660254037844387100, 1.000000000000000000, 0.8660254037844387100, 1.000000000000000000, 0.8660254037844387100, 1.000000000000000000, 0.8660254037844387100, 1.000000000000000000, 0.8660254037844387100, 1.000000000000000000, 0.8660254037844387100, 1.000000000000000000, 0.8660254037844387100, 1.000000000000000000, 0.8660254037844387100, 1.000000000000000000, 0.8660254037844387100, 1.000000000000000000, 0.8660254037844387100, 1.000000000000000000, 0.8660254037844387100, 1.000000000000000000, 0.8660254037844387100, 1.000000000000000000, 0.8660254037844387100, 1.000000000000000000, 0.8660254037844387100, 1.000000000000000000, 0.8660254037844387100, 1.000000000000000000, 0.8660254037844387100, 1.000000000000000000, 0.8660254037844387100, 1.000000000000000000, 0.8660254037844387100, 1.000000000000000000, 0.8660254037844387100, 1.000000000000000000, 0.8660254037844387100, 1.000000000000000000, 0.8660254037844387100, 1.000000000000000000, 0.8660254037844387100, 1.000000000000000000, 0.8660254037844387100, 1.000000000000000000, 0.8934199739026094100, 0.9564139160617631800),
 ( 1.000000000000000000, 0.8660254037844387100, 1.000000000000000000, 0.8660254037844387100, 1.000000000000000000, 0.8660254037844387100, 1.000000000000000000, 0.8660254037844387100, 1.000000000000000000, 0.8660254037844387100, 1.000000000000000000, 0.8660254037844387100, 1.000000000000000000, 0.8660254037844387100, 1.000000000000000000, 0.8660254037844387100, 1.000000000000000000, 0.8660254037844387100, 1.000000000000000000, 0.8660254037844387100, 1.000000000000000000, 0.8660254037844387100, 1.000000000000000000, 0.8660254037844387100, 1.000000000000000000, 0.8660254037844387100, 1.000000000000000000, 0.8660254037844387100, 1.000000000000000000, 0.8660254037844387100, 1.000000000000000000, 0.8660254037844387100, 1.000000000000000000, 0.8660254037844387100, 1.000000000000000000, 0.8660254037844387100, 1.000000000000000000, 0.8660254037844387100, 1.000000000000000000, 0.8660254037844387100, 1.000000000000000000, 0.8660254037844387100, 1.000000000000000000, 0.8660254037844387100, 1.000000000000000000, 0.8660254037844387100, 1.000000000000000000, 0.8660254037844387100, 1.000000000000000000, 0.8660254037844387100, 1.000000000000000000, 0.8660254037844387100, 1.000000000000000000, 0.8660254037844387100, 1.000000000000000000, 0.8660254037844387100, 1.000000000000000000, 0.8660254037844387100, 1.000000000000000000, 0.8660254037844387100, 1.000000000000000000, 0.8660254037844387100, 1.000000000000000000, 0.8660254037844387100, 1.000000000000000000, 0.8660254037844387100, 1.000000000000000000, 0.8660254037844387100, 1.000000000000000000, 0.8660254037844387100, 1.000000000000000000, 0.8660254037844387100, 1.000000000000000000, 0.8660254037844387100, 1.000000000000000000, 0.8660254037844387100, 1.000000000000000000, 0.8660254037844387100, 1.000000000000000000, 0.8660254037844387100, 1.000000000000000000, 0.8660254037844387100, 1.000000000000000000, 0.8660254037844387100, 1.000000000000000000, 0.8660254037844387100, 1.000000000000000000, 0.8660254037844387100, 1.000000000000000000, 0.8660254037844387100, 1.000000000000000000, 0.8660254037844387100, 1.000000000000000000, 0.8934199739026094100, 0.9564139160617631800) ) ) 
 REPRESENTATION_ITEM ( '' )  SURFACE ( )  );
#1402 = CARTESIAN_POINT ( 'NONE',  ( 0.8660254037844392600, -1.500000000000000000, 2.091666666666666800 ) ) ;
#1403 = CARTESIAN_POINT ( 'NONE',  ( -1.374999999999999100, 2.381569860407206600, 1.200000000000000000 ) ) ;
#1404 = ORIENTED_EDGE ( 'NONE', *, *, #1984, .T. ) ;
#1405 = ORIENTED_EDGE ( 'NONE', *, *, #64, .F. ) ;
#1406 = VERTEX_POINT ( 'NONE', #14 ) ;
#1407 =( BOUNDED_SURFACE ( )  B_SPLINE_SURFACE ( 1, 2, ( 
 ( #687, #1841, #2203, #510, #2404, #1088, #2007, #1445, #325, #2187, #1070, #2372, #1632, #159, #1822, #150, #341, #1453, #333, #706, #2415, #383, #198, #4, #939, #1504, #2225, #1355, #1299, #749, #1485, #1857, #2041, #2244, #426, #1731, #1876, #1855, #1121, #1132, #926, #2410, #755, #1692, #736, #7, #2047, #568, #1113, #1311, #1109, #918, #2064, #379, #550, #1303, #933, #944, #240, #2235, #2250, #52, #189, #370, #1546, #2058, #1294, #1683, #730, #1103, #1496, #183, #179, #555, #364, #1671, #2229, #1491, #561, #1676, #1863, #741, #2053, #1871, #1065, #2411, #1498, #1624, #1248, #492, #1612, #506, #873, #1233, #132 ),
 ( #118, #500, #1064, #2179, #2006, #1805, #1809, #2358, #1057, #1437, #1424, #318, #1816, #686, #1240, #1619, #2367, #881, #304, #673, #1983, #855, #2162, #1993, #313, #2172, #863, #1046, #125, #1429, #2351, #680, #2001, #966, #1541, #1338, #401, #242, #2084, #2285, #227, #2258, #2293, #1905, #1924, #587, #36, #250, #63, #2267, #1144, #790, #1532, #596, #1557, #235, #28, #1368, #440, #1932, #1743, #619, #418, #1165, #413, #1726, #956, #1147, #2076, #1898, #605, #799, #773, #783, #1914, #980, #1718, #2090, #1733, #429, #2105, #1330, #216, #973, #2277, #611, #1157, #991, #2097, #1525, #1548, #47, #1347, #1710, #56 ) ),
 .UNSPECIFIED., .F., .F., .T. ) 
 B_SPLINE_SURFACE_WITH_KNOTS ( ( 2, 2 ),
 ( 3, 2, 2, 2, 2, 2, 2, 2, 2, 2, 2, 2, 2, 2, 2, 2, 2, 2, 2, 2, 2, 2, 2, 2, 2, 2, 2, 2, 2, 2, 2, 2, 2, 2, 2, 2, 2, 2, 2, 2, 2, 2, 2, 2, 2, 2, 2, 3 ),
 ( 0.0000000000000000000, 1.000000000000000000 ),
 ( 0.0000000000000000000, 0.02083333333333333200, 0.04166666666666666400, 0.06250000000000000000, 0.08333333333333332900, 0.1041666666666666700, 0.1250000000000000000, 0.1458333333333333400, 0.1666666666666666600, 0.1875000000000000000, 0.2083333333333333400, 0.2291666666666666600, 0.2500000000000000000, 0.2708333333333333100, 0.2916666666666666900, 0.3125000000000000000, 0.3333333333333333100, 0.3541666666666666900, 0.3750000000000000000, 0.3958333333333333100, 0.4166666666666666900, 0.4375000000000000000, 0.4583333333333333100, 0.4791666666666666900, 0.5000000000000000000, 0.5208333333333333700, 0.5416666666666666300, 0.5625000000000000000, 0.5833333333333333700, 0.6041666666666666300, 0.6250000000000000000, 0.6458333333333333700, 0.6666666666666666300, 0.6875000000000000000, 0.7083333333333333700, 0.7291666666666666300, 0.7500000000000000000, 0.7708333333333333700, 0.7916666666666666300, 0.8125000000000000000, 0.8333333333333333700, 0.8541666666666666300, 0.8750000000000000000, 0.8958333333333333700, 0.9166666666666666300, 0.9375000000000000000, 0.9583333333333333700, 0.9749064237028507400 ),
 .UNSPECIFIED. ) 
 GEOMETRIC_REPRESENTATION_ITEM ( )  RATIONAL_B_SPLINE_SURFACE ( (
 ( 1.000000000000000000, 0.8660254037844387100, 1.000000000000000000, 0.8660254037844387100, 1.000000000000000000, 0.8660254037844387100, 1.000000000000000000, 0.8660254037844387100, 1.000000000000000000, 0.8660254037844387100, 1.000000000000000000, 0.8660254037844387100, 1.000000000000000000, 0.8660254037844387100, 1.000000000000000000, 0.8660254037844387100, 1.000000000000000000, 0.8660254037844387100, 1.000000000000000000, 0.8660254037844387100, 1.000000000000000000, 0.8660254037844387100, 1.000000000000000000, 0.8660254037844387100, 1.000000000000000000, 0.8660254037844387100, 1.000000000000000000, 0.8660254037844387100, 1.000000000000000000, 0.8660254037844387100, 1.000000000000000000, 0.8660254037844387100, 1.000000000000000000, 0.8660254037844387100, 1.000000000000000000, 0.8660254037844387100, 1.000000000000000000, 0.8660254037844387100, 1.000000000000000000, 0.8660254037844387100, 1.000000000000000000, 0.8660254037844387100, 1.000000000000000000, 0.8660254037844387100, 1.000000000000000000, 0.8660254037844387100, 1.000000000000000000, 0.8660254037844387100, 1.000000000000000000, 0.8660254037844387100, 1.000000000000000000, 0.8660254037844387100, 1.000000000000000000, 0.8660254037844387100, 1.000000000000000000, 0.8660254037844387100, 1.000000000000000000, 0.8660254037844387100, 1.000000000000000000, 0.8660254037844387100, 1.000000000000000000, 0.8660254037844387100, 1.000000000000000000, 0.8660254037844387100, 1.000000000000000000, 0.8660254037844387100, 1.000000000000000000, 0.8660254037844387100, 1.000000000000000000, 0.8660254037844387100, 1.000000000000000000, 0.8660254037844387100, 1.000000000000000000, 0.8660254037844387100, 1.000000000000000000, 0.8660254037844387100, 1.000000000000000000, 0.8660254037844387100, 1.000000000000000000, 0.8660254037844387100, 1.000000000000000000, 0.8660254037844387100, 1.000000000000000000, 0.8660254037844387100, 1.000000000000000000, 0.8660254037844387100, 1.000000000000000000, 0.8660254037844387100, 1.000000000000000000, 0.8660254037844387100, 1.000000000000000000, 0.8660254037844387100, 1.000000000000000000, 0.8934220916655949400, 0.9564114127283329700),
 ( 1.000000000000000000, 0.8660254037844387100, 1.000000000000000000, 0.8660254037844387100, 1.000000000000000000, 0.8660254037844387100, 1.000000000000000000, 0.8660254037844387100, 1.000000000000000000, 0.8660254037844387100, 1.000000000000000000, 0.8660254037844387100, 1.000000000000000000, 0.8660254037844387100, 1.000000000000000000, 0.8660254037844387100, 1.000000000000000000, 0.8660254037844387100, 1.000000000000000000, 0.8660254037844387100, 1.000000000000000000, 0.8660254037844387100, 1.000000000000000000, 0.8660254037844387100, 1.000000000000000000, 0.8660254037844387100, 1.000000000000000000, 0.8660254037844387100, 1.000000000000000000, 0.8660254037844387100, 1.000000000000000000, 0.8660254037844387100, 1.000000000000000000, 0.8660254037844387100, 1.000000000000000000, 0.8660254037844387100, 1.000000000000000000, 0.8660254037844387100, 1.000000000000000000, 0.8660254037844387100, 1.000000000000000000, 0.8660254037844387100, 1.000000000000000000, 0.8660254037844387100, 1.000000000000000000, 0.8660254037844387100, 1.000000000000000000, 0.8660254037844387100, 1.000000000000000000, 0.8660254037844387100, 1.000000000000000000, 0.8660254037844387100, 1.000000000000000000, 0.8660254037844387100, 1.000000000000000000, 0.8660254037844387100, 1.000000000000000000, 0.8660254037844387100, 1.000000000000000000, 0.8660254037844387100, 1.000000000000000000, 0.8660254037844387100, 1.000000000000000000, 0.8660254037844387100, 1.000000000000000000, 0.8660254037844387100, 1.000000000000000000, 0.8660254037844387100, 1.000000000000000000, 0.8660254037844387100, 1.000000000000000000, 0.8660254037844387100, 1.000000000000000000, 0.8660254037844387100, 1.000000000000000000, 0.8660254037844387100, 1.000000000000000000, 0.8660254037844387100, 1.000000000000000000, 0.8660254037844387100, 1.000000000000000000, 0.8660254037844387100, 1.000000000000000000, 0.8660254037844387100, 1.000000000000000000, 0.8660254037844387100, 1.000000000000000000, 0.8660254037844387100, 1.000000000000000000, 0.8660254037844387100, 1.000000000000000000, 0.8660254037844387100, 1.000000000000000000, 0.8934220916655949400, 0.9564114127283329700) ) ) 
 REPRESENTATION_ITEM ( '' )  SURFACE ( )  );
#1408 = CARTESIAN_POINT ( 'NONE',  ( 1.357050807568873400, 8.309539638847759200E-017, -0.01250000000000036000 ) ) ;
#1409 = CARTESIAN_POINT ( 'NONE',  ( -1.357050807568873400, -2.492861891654327400E-016, 0.1749999999999996000 ) ) ;
#1410 = VERTEX_POINT ( 'NONE', #978 ) ;
#1411 = CARTESIAN_POINT ( 'NONE',  ( 1.836970198721029200E-016, -1.499999999999999300, 0.6124999999999987100 ) ) ;
#1412 = CARTESIAN_POINT ( 'NONE',  ( 1.017788105676655100, 0.5876202367904161900, 0.9666666666666664500 ) ) ;
#1413 = EDGE_CURVE ( 'NONE', #1943, #1266, #1398, .T. ) ;
#1414 = CARTESIAN_POINT ( 'NONE',  ( 1.836970198721030200E-016, -1.500000000000000200, 2.049999999999999800 ) ) ;
#1415 = CARTESIAN_POINT ( 'NONE',  ( 2.722866528639760200, 1.591509564170623400, -0.9668416760243295800 ) ) ;
#1416 = CARTESIAN_POINT ( 'NONE',  ( -0.6785254037844372600, 1.175240473580831900, 1.154166666666666100 ) ) ;
#1417 = VERTEX_POINT ( 'NONE', #971 ) ;
#1418 = DIRECTION ( 'NONE',  ( 0.0000000000000000000, 0.0000000000000000000, 1.000000000000000000 ) ) ;
#1419 = B_SPLINE_CURVE_WITH_KNOTS ( 'NONE', 3,
 ( #671, #1583, #1598, #858, #2169, #1055 ),
 .UNSPECIFIED., .F., .F.,
 ( 4, 2, 4 ),
 ( 0.01015424563133326800, 0.01091654645915986200, 0.01167884728698645800 ),
 .UNSPECIFIED. ) ;
#1420 = CARTESIAN_POINT ( 'NONE',  ( 1.499999999753692400, -2.718312466398933400E-005, 0.7374984898273955200 ) ) ;
#1421 = CARTESIAN_POINT ( 'NONE',  ( -1.357050807568873400, -2.492861891654327400E-016, 1.174999999999999400 ) ) ;
#1422 = CARTESIAN_POINT ( 'NONE',  ( 1.017788105676655300, -0.5876202367904158600, -0.5541666666666670300 ) ) ;
#1423 = VERTEX_POINT ( 'NONE', #1729 ) ;
#1424 = CARTESIAN_POINT ( 'NONE',  ( 1.299038105676657300, 0.7499999999999998900, -1.720833333333334300 ) ) ;
#1425 = CARTESIAN_POINT ( 'NONE',  ( 1.439254484199185900E-016, -1.175240473580832200, -0.1375000000000002600 ) ) ;
#1426 = CARTESIAN_POINT ( 'NONE',  ( 0.0000000000000000000, 0.0000000000000000000, -1.200000000000000000 ) ) ;
#1427 = FACE_OUTER_BOUND ( 'NONE', #740, .T. ) ;
#1428 = CARTESIAN_POINT ( 'NONE',  ( 2.749999999999997800, -1.521813552419744900, -0.9731171716473645500 ) ) ;
#1429 = CARTESIAN_POINT ( 'NONE',  ( -0.8660254037844377100, -1.500000000000000000, -0.9291666666666678100 ) ) ;
#1430 = ADVANCED_FACE ( 'NONE', ( #319 ), #2217, .T. ) ;
#1431 = VECTOR ( 'NONE', #423, 1000.000000000000000 ) ;
#1432 = CARTESIAN_POINT ( 'NONE',  ( 1.439254484199185900E-016, -1.175240473580832200, 0.8624999999999996000 ) ) ;
#1433 = ORIENTED_EDGE ( 'NONE', *, *, #177, .T. ) ;
#1434 = DATE_AND_TIME ( #1513, #777 ) ;
#1435 = DIRECTION ( 'NONE',  ( 0.0000000000000000000, 0.0000000000000000000, 1.000000000000000000 ) ) ;
#1436 = CARTESIAN_POINT ( 'NONE',  ( 2.749999999999997800, -1.508327578257897500, 1.200000000000000000 ) ) ;
#1437 = CARTESIAN_POINT ( 'NONE',  ( 1.732050807568876300, 1.060575238724906400E-016, -1.762500000000001100 ) ) ;
#1438 = DIRECTION ( 'NONE',  ( 0.0000000000000000000, 0.0000000000000000000, 1.000000000000000000 ) ) ;
#1439 = CARTESIAN_POINT ( 'NONE',  ( -0.6785254037844362700, -1.175240473580832400, 0.8208333333333331900 ) ) ;
#1440 = CARTESIAN_POINT ( 'NONE',  ( 1.836970198721029200E-016, -1.499999999999999300, -0.8875000000000011800 ) ) ;
#1441 = ADVANCED_FACE ( 'NONE', ( #145 ), #1223, .F. ) ;
#1442 = CARTESIAN_POINT ( 'NONE',  ( -1.021434117803812400, 0.6018156468962342400, -0.8252404735808326300 ) ) ;
#1443 = CARTESIAN_POINT ( 'NONE',  ( 0.05699371721145622000, -3.141967227529826700, 0.9734028246421501100 ) ) ;
#1444 = EDGE_CURVE ( 'NONE', #1893, #284, #2147, .T. ) ;
#1445 = CARTESIAN_POINT ( 'NONE',  ( 0.6785254037844370400, -1.175240473580832200, -1.658333333333333700 ) ) ;
#1446 = CARTESIAN_POINT ( 'NONE',  ( -1.188842237114977800, 0.3975521981150382800, -0.8885382824736395300 ) ) ;
#1447 = AXIS2_PLACEMENT_3D ( 'NONE', #1040, #1418, #1978 ) ;
#1448 = CARTESIAN_POINT ( 'NONE',  ( -0.9411917437563309700, -1.117863775911707800, 1.090470983033180700 ) ) ;
#1449 = CARTESIAN_POINT ( 'NONE',  ( 1.289001576219693800, 0.1214005178321559500, -0.9390015762196942700 ) ) ;
#1450 = ORIENTED_EDGE ( 'NONE', *, *, #1203, .F. ) ;
#1451 = CARTESIAN_POINT ( 'NONE',  ( -2.686972912498816400, -1.624101946206515600, 0.9750267446543506900 ) ) ;
#1452 = DIRECTION ( 'NONE',  ( -0.0000000000000000000, -0.0000000000000000000, -1.000000000000000000 ) ) ;
#1453 = CARTESIAN_POINT ( 'NONE',  ( -0.6785254037844362700, -1.175240473580832400, -1.241666666666666900 ) ) ;
#1454 = FACE_OUTER_BOUND ( 'NONE', #877, .T. ) ;
#1455 = CARTESIAN_POINT ( 'NONE',  ( -0.4970987009538352900, -2.888426411733430400, -1.101344487404031200 ) ) ;
#1456 = CARTESIAN_POINT ( 'NONE',  ( -0.6785254037844372600, 1.175240473580831700, -0.4083333333333336600 ) ) ;
#1457 = B_SPLINE_CURVE_WITH_KNOTS ( 'NONE', 3,
 ( #2103, #2290, #70, #1365 ),
 .UNSPECIFIED., .F., .F.,
 ( 4, 4 ),
 ( 8.201406283539937700E-005, 0.001606744326298686400 ),
 .UNSPECIFIED. ) ;
#1458 = FACE_OUTER_BOUND ( 'NONE', #1678, .T. ) ;
#1459 = EDGE_CURVE ( 'NONE', #1160, #828, #2337, .T. ) ;
#1460 = DIRECTION ( 'NONE',  ( 0.0000000000000000000, 0.0000000000000000000, -1.000000000000000000 ) ) ;
#1461 = CARTESIAN_POINT ( 'NONE',  ( 1.375000000000000900, 2.381569860407206200, -1.200000000000000000 ) ) ;
#1462 = AXIS2_PLACEMENT_3D ( 'NONE', #875, #1438, #1625 ) ;
#1463 = CARTESIAN_POINT ( 'NONE',  ( -2.467956445605270100, 1.750551162324468300, 1.045242999103192800 ) ) ;
#1464 = CARTESIAN_POINT ( 'NONE',  ( -3.673940397442058400E-016, 1.499999999999999300, -0.6375000000000011800 ) ) ;
#1465 = ORIENTED_EDGE ( 'NONE', *, *, #202, .F. ) ;
#1466 = ORIENTED_EDGE ( 'NONE', *, *, #721, .F. ) ;
#1467 = ORIENTED_EDGE ( 'NONE', *, *, #924, .T. ) ;
#1468 = DIRECTION ( 'NONE',  ( -0.0000000000000000000, -0.0000000000000000000, 1.000000000000000000 ) ) ;
#1469 = ADVANCED_FACE ( 'NONE', ( #725 ), #788, .F. ) ;
#1470 = DATE_TIME_ROLE ( 'classification_date' ) ;
#1471 = ORIENTED_EDGE ( 'NONE', *, *, #516, .T. ) ;
#1472 = CARTESIAN_POINT ( 'NONE',  ( -2.750000000000001800, -1.508327578257955300, -0.9768614993004339800 ) ) ;
#1473 = CARTESIAN_POINT ( 'NONE',  ( 1.499999999753692600, -2.718312497621771600E-005, -0.7625015101726216900 ) ) ;
#1474 = CARTESIAN_POINT ( 'NONE',  ( 1.017788105676655300, -0.5876202367904158600, 0.3833333333333329700 ) ) ;
#1475 = CARTESIAN_POINT ( 'NONE',  ( -1.357050807568873400, -2.492861891654327400E-016, -1.762500000000000200 ) ) ;
#1476 = EDGE_CURVE ( 'NONE', #16, #195, #431, .T. ) ;
#1477 = CARTESIAN_POINT ( 'NONE',  ( -0.8761443883976326500, 1.217526595471055200, -1.150000000000000100 ) ) ;
#1478 = CARTESIAN_POINT ( 'NONE',  ( -0.4963635635409145400, 2.888850843516672200, -1.113953578308253900 ) ) ;
#1479 = CC_DESIGN_PERSON_AND_ORGANIZATION_ASSIGNMENT ( #1815, #170, ( #2236 ) ) ;
#1480 = EDGE_LOOP ( 'NONE', ( #9, #835, #1831, #342, #39, #272, #1954, #297, #1581, #1725, #2112, #797, #2270, #1654, #199 ) ) ;
#1481 = CARTESIAN_POINT ( 'NONE',  ( -1.176149542159997000, -0.3133301828416758000, -0.8027825482042988400 ) ) ;
#1482 = APPROVAL_STATUS ( 'not_yet_approved' ) ;
#1483 = CARTESIAN_POINT ( 'NONE',  ( -0.6785254037844363800, -1.175240473580832400, 0.3208333333333344700 ) ) ;
#1484 = FACE_OUTER_BOUND ( 'NONE', #222, .T. ) ;
#1485 = CARTESIAN_POINT ( 'NONE',  ( 1.439254484199185900E-016, -1.175240473580832200, -0.7000000000000002900 ) ) ;
#1486 = CARTESIAN_POINT ( 'NONE',  ( -2.750000000000001800, -1.508327578257895300, 1.200000000000000000 ) ) ;
#1487 = CARTESIAN_POINT ( 'NONE',  ( -1.299038105676658900, 0.7499999999999990000, -0.6166666666666665900 ) ) ;
#1488 = ORIENTED_EDGE ( 'NONE', *, *, #1646, .F. ) ;
#1489 = EDGE_CURVE ( 'NONE', #1014, #718, #105, .T. ) ;
#1490 = CARTESIAN_POINT ( 'NONE',  ( 0.6785254037844366000, 1.175240473580832400, 0.07083333333333452500 ) ) ;
#1491 = CARTESIAN_POINT ( 'NONE',  ( -0.6785254037844362700, -1.175240473580832400, 1.258333333333333100 ) ) ;
#1492 = CC_DESIGN_PERSON_AND_ORGANIZATION_ASSIGNMENT ( #1129, #339, ( #867 ) ) ;
#1493 = DIRECTION ( 'NONE',  ( 0.0000000000000000000, 0.0000000000000000000, -1.000000000000000000 ) ) ;
#1494 = CARTESIAN_POINT ( 'NONE',  ( -0.3928083187127331400, -1.118760021421153700, 0.8252404735808333000 ) ) ;
#1495 = DIRECTION ( 'NONE',  ( 0.0000000000000000000, 0.0000000000000000000, 1.000000000000000000 ) ) ;
#1496 = CARTESIAN_POINT ( 'NONE',  ( 1.017788105676655100, 0.5876202367904161900, 0.9666666666666664500 ) ) ;
#1497 = CARTESIAN_POINT ( 'NONE',  ( 1.139757759863749800, -0.4971911260666386800, 0.8677733449345289600 ) ) ;
#1498 = CARTESIAN_POINT ( 'NONE',  ( -1.017788105676655600, 0.5876202367904153100, 1.633333333333333100 ) ) ;
#1499 = CARTESIAN_POINT ( 'NONE',  ( 0.0000000000000000000, 0.0000000000000000000, 5.442640687119285800 ) ) ;
#1500 = DIRECTION ( 'NONE',  ( -0.8660254037844386000, 0.5000000000000001100, 0.0000000000000000000 ) ) ;
#1501 = ORIENTED_EDGE ( 'NONE', *, *, #1106, .T. ) ;
#1502 = CARTESIAN_POINT ( 'NONE',  ( -1.017788105676655800, 0.5876202367904153100, 0.6958333333333347500 ) ) ;
#1503 = AXIS2_PLACEMENT_3D ( 'NONE', #589, #1880, #974 ) ;
#1504 = CARTESIAN_POINT ( 'NONE',  ( -0.6785254037844372600, 1.175240473580831900, -0.9083333333333336600 ) ) ;
#1505 = CARTESIAN_POINT ( 'NONE',  ( 2.697796744494883800, -1.616173372698729300, -0.9720293796441528100 ) ) ;
#1506 = VECTOR ( 'NONE', #384, 1000.000000000000000 ) ;
#1507 = CARTESIAN_POINT ( 'NONE',  ( 2.746620646028001400, -1.541402981412252300, 0.9693170499886223400 ) ) ;
#1508 = CARTESIAN_POINT ( 'NONE',  ( -0.06875000000063583000, -3.135733649535787000, 0.9768614993006551300 ) ) ;
#1509 = ORIENTED_EDGE ( 'NONE', *, *, #1286, .T. ) ;
#1510 = CARTESIAN_POINT ( 'NONE',  ( 0.6785254037844370400, -1.175240473580832200, -1.095833333333333700 ) ) ;
#1511 = CARTESIAN_POINT ( 'NONE',  ( -2.713411347060852700, 1.601725383555261200, 0.9685444426531896200 ) ) ;
#1512 = CYLINDRICAL_SURFACE ( 'NONE', #521, 1.500000000000000200 ) ;
#1513 = CALENDAR_DATE ( 2023, 6, 2 ) ;
#1514 = CARTESIAN_POINT ( 'NONE',  ( 2.686972912498299100, -1.624101946206865500, -0.9750267446545019000 ) ) ;
#1515 = CARTESIAN_POINT ( 'NONE',  ( -1.500000000000000200, -6.391244124090313400E-016, -1.074999999999999700 ) ) ;
#1516 = CARTESIAN_POINT ( 'NONE',  ( 1.500000000000000200, 0.4019237886466843200, 0.6973290993692602400 ) ) ;
#1517 = ORIENTED_EDGE ( 'NONE', *, *, #2366, .T. ) ;
#1518 = EDGE_CURVE ( 'NONE', #942, #2211, #291, .T. ) ;
#1519 = ORIENTED_EDGE ( 'NONE', *, *, #533, .F. ) ;
#1520 = CARTESIAN_POINT ( 'NONE',  ( -1.357050807568873400, -2.492861891654327400E-016, 0.2374999999999996600 ) ) ;
#1521 = DIRECTION ( 'NONE',  ( 0.0000000000000000000, 0.0000000000000000000, -1.000000000000000000 ) ) ;
#1522 = AXIS2_PLACEMENT_3D ( 'NONE', #969, #407, #994 ) ;
#1523 = CARTESIAN_POINT ( 'NONE',  ( 1.299038105676658400, -0.7499999999999997800, -0.3666666666666666400 ) ) ;
#1524 = ORIENTED_EDGE ( 'NONE', *, *, #685, .F. ) ;
#1525 = CARTESIAN_POINT ( 'NONE',  ( -0.8660254037844377100, -1.500000000000000000, 1.570833333333332400 ) ) ;
#1526 = CARTESIAN_POINT ( 'NONE',  ( -1.500000000000000200, -6.391244124090313400E-016, -0.5749999999999998400 ) ) ;
#1527 = CARTESIAN_POINT ( 'NONE',  ( 2.749999999999998700, 0.2551119341980790400, 1.200000000000000400 ) ) ;
#1528 = CARTESIAN_POINT ( 'NONE',  ( 1.500000000000000200, 2.033577675846917800E-016, 0.1749999999999999900 ) ) ;
#1529 = CARTESIAN_POINT ( 'NONE',  ( -1.017788105676655600, 0.5876202367904153100, -1.304166666666666900 ) ) ;
#1530 = CARTESIAN_POINT ( 'NONE',  ( -2.717684649104021900, 1.597912650695102200, -0.9675527327946268400 ) ) ;
#1531 = CARTESIAN_POINT ( 'NONE',  ( -3.673940397442060400E-016, 1.500000000000000200, -1.700000000000000000 ) ) ;
#1532 = CARTESIAN_POINT ( 'NONE',  ( -1.299038105676657100, -0.7500000000000003300, 0.02916666666666540400 ) ) ;
#1533 = EDGE_CURVE ( 'NONE', #610, #406, #2099, .T. ) ;
#1534 = CARTESIAN_POINT ( 'NONE',  ( 0.0000000000000000000, 0.0000000000000000000, -1.200000000000000000 ) ) ;
#1535 = CARTESIAN_POINT ( 'NONE',  ( -1.500000000000000200, -6.391244124090313400E-016, 0.4250000000000000400 ) ) ;
#1536 = CARTESIAN_POINT ( 'NONE',  ( -1.017788105676654900, -0.5876202367904166400, -1.220833333333333400 ) ) ;
#1537 = CARTESIAN_POINT ( 'NONE',  ( -2.749520295504722900, 1.521625606803682000, 0.9734028246421496700 ) ) ;
#1538 = ADVANCED_FACE ( 'NONE', ( #2297 ), #1053, .T. ) ;
#1539 = LINE ( 'NONE', #1685, #544 ) ;
#1540 = CARTESIAN_POINT ( 'NONE',  ( 0.8660254037844386000, 1.500000000000000400, -0.2416666666666666100 ) ) ;
#1541 = CARTESIAN_POINT ( 'NONE',  ( 1.299038105676657300, 0.7499999999999998900, -0.7208333333333345500 ) ) ;
#1542 = CARTESIAN_POINT ( 'NONE',  ( 0.3754708205888683300, -1.113647984611304800, 0.8252404735808327500 ) ) ;
#1543 = B_SPLINE_CURVE_WITH_KNOTS ( 'NONE', 3,
 ( #2221, #1827, #2019, #1658 ),
 .UNSPECIFIED., .F., .F.,
 ( 4, 4 ),
 ( 8.201406283564427200E-005, 0.001606744326298689900 ),
 .UNSPECIFIED. ) ;
#1544 = CARTESIAN_POINT ( 'NONE',  ( -1.374999999999999100, 2.381569860407206600, -1.200000000000000000 ) ) ;
#1545 = CARTESIAN_POINT ( 'NONE',  ( -1.357050807568873400, -2.492861891654327400E-016, -1.262500000000000000 ) ) ;
#1546 = CARTESIAN_POINT ( 'NONE',  ( -1.017788105676654900, -0.5876202367904166400, 0.7166666666666662300 ) ) ;
#1547 = CARTESIAN_POINT ( 'NONE',  ( 1.299038105676658200, 0.7500000000000003300, -0.7833333333333332100 ) ) ;
#1548 = CARTESIAN_POINT ( 'NONE',  ( 1.836970198721029200E-016, -1.499999999999999300, 1.612499999999998700 ) ) ;
#1549 = ADVANCED_FACE ( 'NONE', ( #983 ), #2123, .T. ) ;
#1550 = CARTESIAN_POINT ( 'NONE',  ( -0.06874999999978481700, 3.135733649536278600, -0.9768614993003821300 ) ) ;
#1551 = CARTESIAN_POINT ( 'NONE',  ( 0.0000000000000000000, 0.0000000000000000000, -1.150000000000000100 ) ) ;
#1552 = ORIENTED_EDGE ( 'NONE', *, *, #2160, .T. ) ;
#1553 = CARTESIAN_POINT ( 'NONE',  ( -2.878508968398371900E-016, 1.175240473580832200, 1.112499999999999800 ) ) ;
#1554 = CARTESIAN_POINT ( 'NONE',  ( 0.2834225842580019300, 1.287862558513326300, 0.9574544185908431300 ) ) ;
#1555 = CARTESIAN_POINT ( 'NONE',  ( -1.240652748534265800, 0.8431657650694248700, -1.059568313900835200 ) ) ;
#1556 = CARTESIAN_POINT ( 'NONE',  ( 0.0000000000000000000, 0.0000000000000000000, 1.200000000000000000 ) ) ;
#1557 = CARTESIAN_POINT ( 'NONE',  ( 1.836970198721029200E-016, -1.499999999999999300, 0.1124999999999988800 ) ) ;
#1558 = CARTESIAN_POINT ( 'NONE',  ( 0.3620042843954691100, -1.499999999999999100, 1.129916939253625500 ) ) ;
#1559 = CARTESIAN_POINT ( 'NONE',  ( 1.375000000000000900, 2.381569860407206200, 1.200000000000000000 ) ) ;
#1560 = CARTESIAN_POINT ( 'NONE',  ( 1.117735697788870800, 0.3631213029153271300, 2.013248014348142200 ) ) ;
#1561 = DIRECTION ( 'NONE',  ( 0.0000000000000000000, 0.0000000000000000000, -1.000000000000000000 ) ) ;
#1562 = ORIENTED_EDGE ( 'NONE', *, *, #1182, .F. ) ;
#1563 = DIRECTION ( 'NONE',  ( 0.0000000000000000000, 0.0000000000000000000, 1.000000000000000000 ) ) ;
#1564 = CARTESIAN_POINT ( 'NONE',  ( -3.673940397442060400E-016, 1.500000000000000200, 1.300000000000000300 ) ) ;
#1565 = CARTESIAN_POINT ( 'NONE',  ( 0.04397730085199697000, 3.147671378627098900, 0.9702438667103217000 ) ) ;
#1566 = EDGE_CURVE ( 'NONE', #72, #1174, #1048, .T. ) ;
#1567 = CARTESIAN_POINT ( 'NONE',  ( 0.8660254037844392600, -1.499999999999999800, -0.9083333333333332100 ) ) ;
#1568 = CARTESIAN_POINT ( 'NONE',  ( -1.500000000000000200, -6.391244124090313400E-016, -0.5749999999999998400 ) ) ;
#1569 = CARTESIAN_POINT ( 'NONE',  ( -1.017788105676654900, -0.5876202367904166400, -1.283333333333333700 ) ) ;
#1570 = CARTESIAN_POINT ( 'NONE',  ( 1.261955820041949800, -0.3568568501550938300, -0.9583774777731086700 ) ) ;
#1571 = AXIS2_PLACEMENT_3D ( 'NONE', #437, #1740, #454 ) ;
#1572 = ORIENTED_EDGE ( 'NONE', *, *, #1518, .T. ) ;
#1573 = CARTESIAN_POINT ( 'NONE',  ( 1.499992716321396000, -0.4019364043480907500, 0.7151701997584382100 ) ) ;
#1574 = CARTESIAN_POINT ( 'NONE',  ( -1.250705156648474100, 0.8280934615370447700, -1.058661409309196200 ) ) ;
#1575 = LINE ( 'NONE', #967, #119 ) ;
#1576 = CARTESIAN_POINT ( 'NONE',  ( -1.357050807568873400, -2.492861891654327400E-016, -1.762500000000000200 ) ) ;
#1577 = CARTESIAN_POINT ( 'NONE',  ( -0.01150866309483059200, 3.153672676102778500, 0.9669273479231987900 ) ) ;
#1578 = COORDINATED_UNIVERSAL_TIME_OFFSET ( 6, 0, .BEHIND. ) ;
#1579 = CARTESIAN_POINT ( 'NONE',  ( 0.6785254037844370400, -1.175240473580832200, 1.904166666666666300 ) ) ;
#1580 = CARTESIAN_POINT ( 'NONE',  ( 1.819671443333415600, 2.124838682897718800, -1.200000000000001700 ) ) ;
#1581 = ORIENTED_EDGE ( 'NONE', *, *, #476, .T. ) ;
#1582 = VERTEX_POINT ( 'NONE', #1051 ) ;
#1583 = CARTESIAN_POINT ( 'NONE',  ( -2.750000000000000000, -0.2550090575433272000, 1.199999999999999100 ) ) ;
#1584 = CARTESIAN_POINT ( 'NONE',  ( -0.6785254037844372600, 1.175240473580831900, -1.345833333333333700 ) ) ;
#1585 = CARTESIAN_POINT ( 'NONE',  ( 1.299038105676658200, 0.7500000000000003300, -0.2833333333333332700 ) ) ;
#1586 =( BOUNDED_CURVE ( )  B_SPLINE_CURVE ( 2, ( #1141, #213, #585, #1896, #762, #2073, #771, #964, #392 ),
 .UNSPECIFIED., .F., .T. ) 
 B_SPLINE_CURVE_WITH_KNOTS ( ( 3, 2, 2, 2, 3 ),
 ( 0.3268584717008439800, 0.3375432578643240400, 0.3589128301912814000, 0.3802824025182387500, 0.3909675500012583200 ),
 .UNSPECIFIED. ) 
 CURVE ( )  GEOMETRIC_REPRESENTATION_ITEM ( )  RATIONAL_B_SPLINE_CURVE ( ( 0.9330127018922194100, 0.9330127018922100800, 1.000000000000000000, 0.8660254037844387100, 1.000000000000000000, 0.8660254037844387100, 1.000000000000000000, 0.9330104366321163600, 0.9330127019688220200 ) ) 
 REPRESENTATION_ITEM ( '' )  );
#1587 = ORIENTED_EDGE ( 'NONE', *, *, #516, .F. ) ;
#1588 = AXIS2_PLACEMENT_3D ( 'NONE', #184, #1493, #2238 ) ;
#1589 = CARTESIAN_POINT ( 'NONE',  ( -2.878508968398371900E-016, 1.175240473580832200, -1.450000000000000400 ) ) ;
#1590 = B_SPLINE_CURVE_WITH_KNOTS ( 'NONE', 3,
 ( #209, #1916, #2279, #228, #404, #58 ),
 .UNSPECIFIED., .F., .F.,
 ( 4, 2, 4 ),
 ( 0.008629028915602826600, 0.009391637273468048100, 0.01015424563133326800 ),
 .UNSPECIFIED. ) ;
#1591 = CARTESIAN_POINT ( 'NONE',  ( -1.017788105676654900, -0.5876202367904166400, 0.7166666666666662300 ) ) ;
#1592 = CARTESIAN_POINT ( 'NONE',  ( 1.439254484199185900E-016, -1.175240473580832200, -1.637500000000000200 ) ) ;
#1593 = CARTESIAN_POINT ( 'NONE',  ( -0.4963635635410543200, 2.888850843516591800, 1.113953578308282100 ) ) ;
#1594 = CARTESIAN_POINT ( 'NONE',  ( -2.878508968398371900E-016, 1.175240473580832200, 1.612499999999999800 ) ) ;
#1595 = CARTESIAN_POINT ( 'NONE',  ( -1.017788105676654900, -0.5876202367904166400, 0.2166666666666662300 ) ) ;
#1596 = DIRECTION ( 'NONE',  ( 0.0000000000000000000, 0.0000000000000000000, 1.000000000000000000 ) ) ;
#1597 = CARTESIAN_POINT ( 'NONE',  ( -2.750000000000001800, -1.521813552419742500, 0.9731171716473630000 ) ) ;
#1598 = CARTESIAN_POINT ( 'NONE',  ( -2.750000000000001300, -0.5080908593403920000, 1.179202469799254500 ) ) ;
#1599 = CARTESIAN_POINT ( 'NONE',  ( 1.299038105676658200, 0.7500000000000003300, 0.7166666666666666700 ) ) ;
#1600 = CARTESIAN_POINT ( 'NONE',  ( 2.736914984273123100, 1.566869543447992900, -0.9669273479231824700 ) ) ;
#1601 = ADVANCED_FACE ( 'NONE', ( #748, #84 ), #2166, .F. ) ;
#1602 = EDGE_CURVE ( 'NONE', #1149, #1292, #2288, .T. ) ;
#1603 = LINE ( 'NONE', #2089, #113 ) ;
#1604 = CARTESIAN_POINT ( 'NONE',  ( -0.8761443883976326500, 1.217526595471055200, -1.150000000000000100 ) ) ;
#1605 = EDGE_LOOP ( 'NONE', ( #412, #1467, #371, #1488 ) ) ;
#1606 = CARTESIAN_POINT ( 'NONE',  ( 1.299038105676657600, -0.7499999999999993300, -0.8041666666666679200 ) ) ;
#1607 = B_SPLINE_CURVE_WITH_KNOTS ( 'NONE', 3,
 ( #439, #656, #1975, #486, #1799, #502, #1824, #1278, #891, #511, #2197, #1446, #724, #2212 ),
 .UNSPECIFIED., .F., .F.,
 ( 4, 2, 2, 2, 2, 2, 4 ),
 ( 0.0000000000000000000, 0.0002952264250969623500, 0.0005904528501939246900, 0.001180905700387849200, 0.001476132125484811100, 0.001771358550581773500, 0.002361811400775697900 ),
 .UNSPECIFIED. ) ;
#1608 = FACE_OUTER_BOUND ( 'NONE', #321, .T. ) ;
#1609 = CARTESIAN_POINT ( 'NONE',  ( 1.836970198721030200E-016, -1.500000000000000200, 1.050000000000000000 ) ) ;
#1610 = CARTESIAN_POINT ( 'NONE',  ( 1.357050807568873400, 8.309539638847759200E-017, 0.9249999999999996000 ) ) ;
#1611 = CARTESIAN_POINT ( 'NONE',  ( -2.878508968398371900E-016, 1.175240473580832200, -0.8875000000000002900 ) ) ;
#1612 = CARTESIAN_POINT ( 'NONE',  ( 1.439254484199185900E-016, -1.175240473580832200, 1.799999999999999600 ) ) ;
#1613 = ORIENTED_EDGE ( 'NONE', *, *, #2143, .F. ) ;
#1614 = CARTESIAN_POINT ( 'NONE',  ( -1.017788105676655600, 0.5876202367904153100, 1.195833333333333100 ) ) ;
#1615 = CARTESIAN_POINT ( 'NONE',  ( 1.374999999999998400, -2.381569860407207100, -1.200000000000000000 ) ) ;
#1616 = ORIENTED_EDGE ( 'NONE', *, *, #548, .F. ) ;
#1617 = CARTESIAN_POINT ( 'NONE',  ( -2.739720977257544400, -1.562316802831064600, 0.9668416760243289100 ) ) ;
#1618 = CARTESIAN_POINT ( 'NONE',  ( 2.747952027082112700, -1.535750229586458000, -0.9702438667102202300 ) ) ;
#1619 = CARTESIAN_POINT ( 'NONE',  ( -1.732050807568876300, -3.181725716174719000E-016, -1.512500000000001100 ) ) ;
#1620 = CARTESIAN_POINT ( 'NONE',  ( -1.017788105676654900, -0.5876202367904166400, 0.2791666666666662900 ) ) ;
#1621 = AXIS2_PLACEMENT_3D ( 'NONE', #124, #695, #1075 ) ;
#1622 = CARTESIAN_POINT ( 'NONE',  ( -1.499999999999999300, -9.151099541311131000E-015, -1.012500000000000800 ) ) ;
#1623 = VERTEX_POINT ( 'NONE', #495 ) ;
#1624 = CARTESIAN_POINT ( 'NONE',  ( -1.357050807568873400, -2.492861891654327400E-016, 1.674999999999999200 ) ) ;
#1625 = DIRECTION ( 'NONE',  ( 1.000000000000000000, 0.0000000000000000000, 0.0000000000000000000 ) ) ;
#1626 = CARTESIAN_POINT ( 'NONE',  ( -0.06874999999978481700, 3.135733649536278600, -0.9768614993003821300 ) ) ;
#1627 = DIRECTION ( 'NONE',  ( 1.000000000000000000, 0.0000000000000000000, -0.0000000000000000000 ) ) ;
#1628 = CIRCLE ( 'NONE', #1758, 1.550000000000000300 ) ;
#1629 = CARTESIAN_POINT ( 'NONE',  ( -0.9332635547104639600, 0.7313421327770403000, -0.8252404735808330800 ) ) ;
#1630 = CARTESIAN_POINT ( 'NONE',  ( -2.750000000000001300, -1.010946657039726700, -1.101911994749537000 ) ) ;
#1631 = ORIENTED_EDGE ( 'NONE', *, *, #981, .T. ) ;
#1632 = CARTESIAN_POINT ( 'NONE',  ( -2.878508968398371900E-016, 1.175240473580832200, -1.450000000000000400 ) ) ;
#1633 = FACE_OUTER_BOUND ( 'NONE', #820, .T. ) ;
#1634 = CARTESIAN_POINT ( 'NONE',  ( 0.03042919851432925400, -3.150745849249387800, -0.9685444426531320000 ) ) ;
#1635 = ORIENTED_EDGE ( 'NONE', *, *, #825, .T. ) ;
#1636 = CARTESIAN_POINT ( 'NONE',  ( -1.175235580361204200, 0.003391371550646557700, -0.8252404735877665300 ) ) ;
#1637 = CARTESIAN_POINT ( 'NONE',  ( 1.596476755055817700, -2.253700196256483800, 1.200000000000002800 ) ) ;
#1638 = ORIENTED_EDGE ( 'NONE', *, *, #968, .F. ) ;
#1639 = VERTEX_POINT ( 'NONE', #659 ) ;
#1640 = CARTESIAN_POINT ( 'NONE',  ( -2.722866528639762000, -1.591509564170622100, -0.9668416760243291300 ) ) ;
#1641 = CARTESIAN_POINT ( 'NONE',  ( -0.2820435543947317200, -3.012588558489944100, 1.045242999103194200 ) ) ;
#1642 = CARTESIAN_POINT ( 'NONE',  ( 1.439254484199185900E-016, -1.175240473580832200, -0.2000000000000003200 ) ) ;
#1643 = ORIENTED_EDGE ( 'NONE', *, *, #774, .F. ) ;
#1644 = B_SPLINE_CURVE_WITH_KNOTS ( 'NONE', 3,
 ( #1178, #817, #2399, #890, #1640, #138, #542, #2389, #535, #352, #2196, #1283, #1472 ),
 .UNSPECIFIED., .F., .F.,
 ( 4, 3, 3, 3, 4 ),
 ( 2.400369741961872300E-016, 4.198837217620695200E-005, 8.410849014049644200E-005, 0.0001247285044134453700, 0.0001450865298739682400 ),
 .UNSPECIFIED. ) ;
#1645 = CARTESIAN_POINT ( 'NONE',  ( -0.8761443883976326500, 1.217526595471055200, -1.150000000000000100 ) ) ;
#1646 = EDGE_CURVE ( 'NONE', #753, #1791, #632, .T. ) ;
#1647 = ADVANCED_FACE ( 'NONE', ( #928 ), #1186, .T. ) ;
#1648 = PLANE ( 'NONE',  #1675 ) ;
#1649 = CARTESIAN_POINT ( 'NONE',  ( 1.299038105676657300, 0.7499999999999998900, -0.7208333333333345500 ) ) ;
#1650 = CARTESIAN_POINT ( 'NONE',  ( 1.017788105676655100, 0.5876202367904161900, -0.5333333333333336600 ) ) ;
#1651 = APPLICATION_CONTEXT ( 'configuration controlled 3d designs of mechanical parts and assemblies' ) ;
#1652 = CARTESIAN_POINT ( 'NONE',  ( -0.04397730085199835100, -3.147671378627097100, 0.9702438667103223700 ) ) ;
#1653 = CARTESIAN_POINT ( 'NONE',  ( 8.395121768632871000E-016, 3.175426480542941700, 1.200000000000000000 ) ) ;
#1654 = ORIENTED_EDGE ( 'NONE', *, *, #2376, .T. ) ;
#1655 = DIRECTION ( 'NONE',  ( -1.000000000000000000, 0.0000000000000000000, 0.0000000000000000000 ) ) ;
#1656 = CYLINDRICAL_SURFACE ( 'NONE', #914, 1.500000000000000200 ) ;
#1657 =( BOUNDED_CURVE ( )  B_SPLINE_CURVE ( 2, ( #631, #2128, #252, #441, #1377, #1567, #1757, #620, #1933 ),
 .UNSPECIFIED., .F., .T. ) 
 B_SPLINE_CURVE_WITH_KNOTS ( ( 3, 2, 2, 2, 3 ),
 ( 0.1562500000000000000, 0.1666666666666666600, 0.1875000000000000000, 0.2083333333333333400, 0.2187500000000000000 ),
 .UNSPECIFIED. ) 
 CURVE ( )  GEOMETRIC_REPRESENTATION_ITEM ( )  RATIONAL_B_SPLINE_CURVE ( ( 0.9330127018922194100, 0.9330127018922194100, 1.000000000000000000, 0.8660254037844387100, 1.000000000000000000, 0.8660254037844387100, 1.000000000000000000, 0.9330127018922194100, 0.9330127018922194100 ) ) 
 REPRESENTATION_ITEM ( '' )  );
#1658 = CARTESIAN_POINT ( 'NONE',  ( -1.375000000000000200, -2.381569860407206200, 1.200000000000000000 ) ) ;
#1659 = EDGE_CURVE ( 'NONE', #233, #181, #1350, .T. ) ;
#1660 = DIRECTION ( 'NONE',  ( 0.0000000000000000000, 0.0000000000000000000, 1.000000000000000000 ) ) ;
#1661 = CARTESIAN_POINT ( 'NONE',  ( 1.439254484199185900E-016, -1.175240473580832400, -0.6374999999999987300 ) ) ;
#1662 = DIRECTION ( 'NONE',  ( 0.8660254037844388200, 0.4999999999999996100, 0.0000000000000000000 ) ) ;
#1663 = AXIS2_PLACEMENT_3D ( 'NONE', #1269, #1688, #1500 ) ;
#1664 = CARTESIAN_POINT ( 'NONE',  ( 2.733401521897300200, 1.575300076611884800, 0.9662798097312870200 ) ) ;
#1665 = ORIENTED_EDGE ( 'NONE', *, *, #548, .T. ) ;
#1666 = CARTESIAN_POINT ( 'NONE',  ( 0.0000000000000000000, 0.0000000000000000000, 1.200000000000000000 ) ) ;
#1667 = CC_DESIGN_DATE_AND_TIME_ASSIGNMENT ( #20, #1470, ( #739 ) ) ;
#1668 = APPLICATION_PROTOCOL_DEFINITION ( 'international standard', 'config_control_design', 1994, #539 ) ;
#1669 = CARTESIAN_POINT ( 'NONE',  ( 1.017788105676655300, 0.5876202367904163100, 0.5291666666666680100 ) ) ;
#1670 = ORIENTED_EDGE ( 'NONE', *, *, #2160, .F. ) ;
#1671 = CARTESIAN_POINT ( 'NONE',  ( -1.357050807568873400, -2.492861891654327400E-016, 1.174999999999999400 ) ) ;
#1672 = CARTESIAN_POINT ( 'NONE',  ( 0.0000000000000000000, 0.0000000000000000000, -1.200000000000000000 ) ) ;
#1673 = CARTESIAN_POINT ( 'NONE',  ( -1.500000000000000400, 0.4019237886466833800, -0.5973290993692600400 ) ) ;
#1674 = CARTESIAN_POINT ( 'NONE',  ( -1.357050807568873200, -2.492861891654327400E-016, -0.7624999999999982900 ) ) ;
#1675 = AXIS2_PLACEMENT_3D ( 'NONE', #1653, #1848, #1662 ) ;
#1676 = CARTESIAN_POINT ( 'NONE',  ( 0.6785254037844370400, -1.175240473580832200, 1.341666666666666100 ) ) ;
#1677 = CARTESIAN_POINT ( 'NONE',  ( 2.692526578293213300, -1.620341620726204000, -0.9734028246421565500 ) ) ;
#1678 = EDGE_LOOP ( 'NONE', ( #1519, #913, #2018, #1912, #1255, #1185 ) ) ;
#1679 = CARTESIAN_POINT ( 'NONE',  ( -2.749999999999999600, 1.016773019940358000, -1.100750552081947800 ) ) ;
#1680 = CARTESIAN_POINT ( 'NONE',  ( -1.406318014148087500, -0.2469416714046247500, 1.056318014148101200 ) ) ;
#1681 = CARTESIAN_POINT ( 'NONE',  ( -0.8435511166088345300, -0.8894075544137042300, 0.8005656430469214600 ) ) ;
#1682 = VECTOR ( 'NONE', #940, 1000.000000000000000 ) ;
#1683 = CARTESIAN_POINT ( 'NONE',  ( 0.6785254037844370400, -1.175240473580832200, 0.8416666666666663400 ) ) ;
#1684 = CONICAL_SURFACE ( 'NONE', #1038, 2.750000000000000000, 1.047197551196600100 ) ;
#1685 = CARTESIAN_POINT ( 'NONE',  ( -1.500000000000000200, 0.0000000000000000000, 5.442640687119285800 ) ) ;
#1686 = CONICAL_SURFACE ( 'NONE', #2042, 1.550000000000000300, 0.7853981633974500600 ) ;
#1687 = CARTESIAN_POINT ( 'NONE',  ( 2.612499999999997600, -1.508327578257897500, 1.200000000000000000 ) ) ;
#1688 = DIRECTION ( 'NONE',  ( 0.5000000000000001100, 0.8660254037844386000, -0.0000000000000000000 ) ) ;
#1689 = EDGE_LOOP ( 'NONE', ( #1839, #1501, #1304, #1006, #2339, #94 ) ) ;
#1690 = EDGE_CURVE ( 'NONE', #894, #1014, #1899, .T. ) ;
#1691 = CARTESIAN_POINT ( 'NONE',  ( -1.017788105676655800, 0.5876202367904153100, 0.1958333333333346600 ) ) ;
#1692 = CARTESIAN_POINT ( 'NONE',  ( 0.6785254037844370400, -1.175240473580832200, -0.1583333333333336900 ) ) ;
#1693 = AXIS2_PLACEMENT_3D ( 'NONE', #207, #1521, #1344 ) ;
#1694 = ORIENTED_EDGE ( 'NONE', *, *, #361, .T. ) ;
#1695 = CARTESIAN_POINT ( 'NONE',  ( 0.0000000000000000000, 0.0000000000000000000, -1.200000000000000000 ) ) ;
#1696 = CARTESIAN_POINT ( 'NONE',  ( 2.681249999999363500, -1.627406071278624200, 0.9768614993006551300 ) ) ;
#1697 = CARTESIAN_POINT ( 'NONE',  ( -0.8660254037844396000, 1.499999999999999800, -0.1583333333333332400 ) ) ;
#1698 = B_SPLINE_CURVE_WITH_KNOTS ( 'NONE', 3,
 ( #283, #1763, #293, #1970 ),
 .UNSPECIFIED., .F., .F.,
 ( 4, 4 ),
 ( 8.201406283539891700E-005, 0.001606744326298689900 ),
 .UNSPECIFIED. ) ;
#1699 = VERTEX_POINT ( 'NONE', #1237 ) ;
#1700 = CARTESIAN_POINT ( 'NONE',  ( 1.017788105676655100, 0.5876202367904161900, -0.4708333333333336000 ) ) ;
#1701 = CARTESIAN_POINT ( 'NONE',  ( -2.736914984273275800, 1.566869543447670500, 0.9669273479231981200 ) ) ;
#1702 = PLANE ( 'NONE',  #507 ) ;
#1703 = DIRECTION ( 'NONE',  ( 0.0000000000000000000, 0.0000000000000000000, -1.000000000000000000 ) ) ;
#1704 = CARTESIAN_POINT ( 'NONE',  ( 0.1927872472040995100, -1.175240473580831900, 0.8118386163908303300 ) ) ;
#1705 = CARTESIAN_POINT ( 'NONE',  ( 0.0000000000000000000, 0.0000000000000000000, -1.200000000000000000 ) ) ;
#1706 = ORIENTED_EDGE ( 'NONE', *, *, #1222, .F. ) ;
#1707 = CARTESIAN_POINT ( 'NONE',  ( 1.017788105676655100, 0.5876202367904161900, 0.5291666666666662300 ) ) ;
#1708 = AXIS2_PLACEMENT_3D ( 'NONE', #475, #843, #458 ) ;
#1709 = CARTESIAN_POINT ( 'NONE',  ( 0.8660254037844386000, 1.500000000000000400, 0.2583333333333333000 ) ) ;
#1710 = CARTESIAN_POINT ( 'NONE',  ( 1.632940333340591400, -0.1716643769256353800, 1.727963090170797000 ) ) ;
#1711 = ORIENTED_EDGE ( 'NONE', *, *, #1322, .T. ) ;
#1712 = CARTESIAN_POINT ( 'NONE',  ( -1.452451905283832700, 1.481606592402754400E-015, -1.102451905283832900 ) ) ;
#1713 = LINE ( 'NONE', #1962, #2237 ) ;
#1714 = CARTESIAN_POINT ( 'NONE',  ( 1.299038105676658200, 0.7500000000000003300, 0.2166666666666666500 ) ) ;
#1715 = CARTESIAN_POINT ( 'NONE',  ( -1.017788105676655600, 0.5876202367904153100, 0.6958333333333330800 ) ) ;
#1716 = UNCERTAINTY_MEASURE_WITH_UNIT (LENGTH_MEASURE( 1.000000000000000100E-005 ), #922, 'distance_accuracy_value', 'NONE');
#1717 = VECTOR ( 'NONE', #1561, 1000.000000000000000 ) ;
#1718 = CARTESIAN_POINT ( 'NONE',  ( -1.299038105676657100, -0.7500000000000003300, 1.029166666666665500 ) ) ;
#1719 = EDGE_CURVE ( 'NONE', #1791, #2398, #1130, .T. ) ;
#1720 = ORIENTED_EDGE ( 'NONE', *, *, #2376, .F. ) ;
#1721 = DIRECTION ( 'NONE',  ( -1.000000000000000000, 0.0000000000000000000, 0.0000000000000000000 ) ) ;
#1722 = CARTESIAN_POINT ( 'NONE',  ( 1.357050807568873400, 8.309539638847759200E-017, 0.4874999999999996000 ) ) ;
#1723 = CARTESIAN_POINT ( 'NONE',  ( 2.749999999999998200, -1.261933435753940500, 1.045271863302358800 ) ) ;
#1724 = CARTESIAN_POINT ( 'NONE',  ( 1.299038105676658200, 0.7500000000000003300, 0.2166666666666666500 ) ) ;
#1725 = ORIENTED_EDGE ( 'NONE', *, *, #2208, .T. ) ;
#1726 = CARTESIAN_POINT ( 'NONE',  ( -0.8660254037844377100, -1.500000000000000000, 0.5708333333333321900 ) ) ;
#1727 = DIRECTION ( 'NONE',  ( 1.000000000000000000, -1.776356839400250500E-015, 0.0000000000000000000 ) ) ;
#1728 = CARTESIAN_POINT ( 'NONE',  ( 1.357050807568873400, 8.309539638847759200E-017, 0.9874999999999997100 ) ) ;
#1729 = CARTESIAN_POINT ( 'NONE',  ( -1.499999999999999300, -6.100733027540754000E-016, -0.01250000000000122400 ) ) ;
#1730 = ADVANCED_FACE ( 'NONE', ( #874 ), #1155, .F. ) ;
#1731 = CARTESIAN_POINT ( 'NONE',  ( 0.6785254037844366000, 1.175240473580832400, -0.4916666666666670300 ) ) ;
#1732 = CARTESIAN_POINT ( 'NONE',  ( -1.732050807568877400, -3.181725716174720500E-016, -0.5749999999999998400 ) ) ;
#1733 = CARTESIAN_POINT ( 'NONE',  ( 1.836970198721029200E-016, -1.499999999999999300, 1.112499999999998700 ) ) ;
#1734 = EDGE_CURVE ( 'NONE', #1041, #753, #1543, .T. ) ;
#1735 = CARTESIAN_POINT ( 'NONE',  ( 0.0000000000000000000, 0.0000000000000000000, 1.200000000000000000 ) ) ;
#1736 = ORIENTED_EDGE ( 'NONE', *, *, #1341, .T. ) ;
#1737 = CARTESIAN_POINT ( 'NONE',  ( 1.439254484199185900E-016, -1.175240473580832200, 1.862499999999999600 ) ) ;
#1738 = CARTESIAN_POINT ( 'NONE',  ( 2.253636436459084600, 1.874288877297739700, -1.113953578308254100 ) ) ;
#1739 = AXIS2_PLACEMENT_3D ( 'NONE', #1687, #367, #193 ) ;
#1740 = DIRECTION ( 'NONE',  ( -0.0000000000000000000, -0.0000000000000000000, 1.000000000000000000 ) ) ;
#1741 = LINE ( 'NONE', #934, #1506 ) ;
#1742 = CARTESIAN_POINT ( 'NONE',  ( -1.299038105676658900, 0.7499999999999990000, 1.383333333333333500 ) ) ;
#1743 = CARTESIAN_POINT ( 'NONE',  ( -3.673940397442058400E-016, 1.499999999999999300, 0.3624999999999988800 ) ) ;
#1744 = ADVANCED_FACE ( 'NONE', ( #1633 ), #2384, .F. ) ;
#1745 = DIRECTION ( 'NONE',  ( 0.0000000000000000000, 0.0000000000000000000, -1.000000000000000000 ) ) ;
#1746 = CIRCLE ( 'NONE', #334, 1.550000000000000300 ) ;
#1747 = FACE_OUTER_BOUND ( 'NONE', #1115, .T. ) ;
#1748 = CARTESIAN_POINT ( 'NONE',  ( 0.6785254037844370400, -1.175240473580832200, -1.658333333333333700 ) ) ;
#1749 = CARTESIAN_POINT ( 'NONE',  ( 0.02819057500367597200, -1.374895310478432100, -1.022220548865052600 ) ) ;
#1750 = ORIENTED_EDGE ( 'NONE', *, *, #1820, .T. ) ;
#1751 = CALENDAR_DATE ( 2023, 6, 2 ) ;
#1752 = CARTESIAN_POINT ( 'NONE',  ( -1.299038105676657100, -0.7500000000000003300, 0.5291666666666654500 ) ) ;
#1753 = CARTESIAN_POINT ( 'NONE',  ( 0.2469883619350800600, 1.479525852786237800, -1.149998294007980900 ) ) ;
#1754 = CARTESIAN_POINT ( 'NONE',  ( -1.732050807568877400, -3.181725716174720500E-016, 1.424999999999999800 ) ) ;
#1755 = CARTESIAN_POINT ( 'NONE',  ( -0.06302708750128466200, 3.139037774607835700, 0.9750267446543829900 ) ) ;
#1756 = ORIENTED_EDGE ( 'NONE', *, *, #1533, .F. ) ;
#1757 = CARTESIAN_POINT ( 'NONE',  ( 1.299038105676658400, -0.7499999999999997800, -0.8666666666666665900 ) ) ;
#1758 = AXIS2_PLACEMENT_3D ( 'NONE', #2021, #2202, #1084 ) ;
#1759 = CARTESIAN_POINT ( 'NONE',  ( -1.596476755057176600, 2.253700196255701300, -1.200000000000001500 ) ) ;
#1760 = CARTESIAN_POINT ( 'NONE',  ( -1.357050807568873400, -2.492861891654327400E-016, -0.8250000000000002900 ) ) ;
#1761 = CARTESIAN_POINT ( 'NONE',  ( -0.8707182193731442000, 1.050148200078271600, 1.003119261839978900 ) ) ;
#1762 = ORIENTED_EDGE ( 'NONE', *, *, #924, .F. ) ;
#1763 = CARTESIAN_POINT ( 'NONE',  ( -2.253636436459085500, -1.874288877297738600, -1.113953578308253900 ) ) ;
#1764 = CARTESIAN_POINT ( 'NONE',  ( -1.137857276471985600, 0.9833271128882785600, -1.068620002805109600 ) ) ;
#1765 = CARTESIAN_POINT ( 'NONE',  ( 0.8660254037844386000, 1.500000000000000400, 1.758333333333333100 ) ) ;
#1766 = CARTESIAN_POINT ( 'NONE',  ( 1.500000000000000200, 1.836970198721030200E-016, 5.442640687119285800 ) ) ;
#1767 =( BOUNDED_CURVE ( )  B_SPLINE_CURVE ( 2, ( #2261, #1516, #2098, #2091, #1358, #2080, #791, #1332, #758 ),
 .UNSPECIFIED., .F., .T. ) 
 B_SPLINE_CURVE_WITH_KNOTS ( ( 3, 2, 2, 2, 3 ),
 ( 0.5937500000000000000, 0.6041666666666666300, 0.6250000000000000000, 0.6458333333333333700, 0.6562500000000000000 ),
 .UNSPECIFIED. ) 
 CURVE ( )  GEOMETRIC_REPRESENTATION_ITEM ( )  RATIONAL_B_SPLINE_CURVE ( ( 0.9330127018922194100, 0.9330127018922194100, 1.000000000000000000, 0.8660254037844387100, 1.000000000000000000, 0.8660254037844387100, 1.000000000000000000, 0.9330127018922194100, 0.9330127018922194100 ) ) 
 REPRESENTATION_ITEM ( '' )  );
#1768 = CARTESIAN_POINT ( 'NONE',  ( -2.252901299046164800, 1.874713309080980700, -1.101344487404030300 ) ) ;
#1769 = CARTESIAN_POINT ( 'NONE',  ( 0.6785254037844370400, -1.175240473580832200, -0.6583333333333336600 ) ) ;
#1770 = ORIENTED_EDGE ( 'NONE', *, *, #2000, .F. ) ;
#1771 = CARTESIAN_POINT ( 'NONE',  ( 1.291873709042539000, -0.1800347685816029700, -0.9512772645048067600 ) ) ;
#1772 = ORIENTED_EDGE ( 'NONE', *, *, #1058, .F. ) ;
#1773 = CARTESIAN_POINT ( 'NONE',  ( 1.017788105676655100, 0.5876202367904161900, 1.466666666666666100 ) ) ;
#1774 = CARTESIAN_POINT ( 'NONE',  ( -0.8660254037844381500, -1.500000000000000700, 0.5083333333333333000 ) ) ;
#1775 = EDGE_CURVE ( 'NONE', #530, #846, #1319, .T. ) ;
#1776 = ORIENTED_EDGE ( 'NONE', *, *, #12, .T. ) ;
#1777 = CARTESIAN_POINT ( 'NONE',  ( -1.017788105676655600, 0.5876202367904153100, -1.366666666666667100 ) ) ;
#1778 = CARTESIAN_POINT ( 'NONE',  ( -1.499999999999999300, -6.100733027540754000E-016, -0.5125000000000012900 ) ) ;
#1779 = B_SPLINE_CURVE_WITH_KNOTS ( 'NONE', 3,
 ( #1076, #332, #1652, #523, #2185, #1256, #505, #165, #1281, #137, #1443, #2378, #2193 ),
 .UNSPECIFIED., .F., .F.,
 ( 4, 3, 3, 3, 4 ),
 ( 1.661651479172137700E-016, 4.198837217665766200E-005, 8.410849014146897200E-005, 0.0001247285044140991200, 0.0001450865298741438300 ),
 .UNSPECIFIED. ) ;
#1780 = LINE ( 'NONE', #1766, #1077 ) ;
#1781 = CARTESIAN_POINT ( 'NONE',  ( 1.500000000000000200, -0.4019237886466838800, -0.3473290993692601500 ) ) ;
#1782 = CARTESIAN_POINT ( 'NONE',  ( -1.017788105676655600, 0.5876202367904153100, 1.633333333333333100 ) ) ;
#1783 = CONICAL_SURFACE ( 'NONE', #902, 2.750000000000000000, 1.047197551196600100 ) ;
#1784 = CARTESIAN_POINT ( 'NONE',  ( 1.357050807568873400, 8.309539638847759200E-017, -1.512500000000000600 ) ) ;
#1785 = CARTESIAN_POINT ( 'NONE',  ( 0.0000000000000000000, 0.0000000000000000000, 1.200000000000000000 ) ) ;
#1786 = LOCAL_TIME ( 11, 33, 0.0000000000000000000, #2242 ) ;
#1787 = CARTESIAN_POINT ( 'NONE',  ( 0.6785254037844370400, -1.175240473580832200, 0.9041666666666664500 ) ) ;
#1788 = CARTESIAN_POINT ( 'NONE',  ( 1.439254484199185900E-016, -1.175240473580832200, -0.2000000000000003200 ) ) ;
#1789 = CARTESIAN_POINT ( 'NONE',  ( 1.499999999753692600, -2.718312497621771600E-005, -0.7625015101726216900 ) ) ;
#1790 = EDGE_LOOP ( 'NONE', ( #1895, #1856, #1029, #959, #569, #729 ) ) ;
#1791 = VERTEX_POINT ( 'NONE', #143 ) ;
#1792 = CARTESIAN_POINT ( 'NONE',  ( -2.743840545575515900, -1.549020465694477000, 0.9685444426531312200 ) ) ;
#1793 = CARTESIAN_POINT ( 'NONE',  ( 2.749999999999997800, -1.508327578257957500, -0.9768614993004353100 ) ) ;
#1794 = EDGE_CURVE ( 'NONE', #181, #846, #230, .T. ) ;
#1795 = CARTESIAN_POINT ( 'NONE',  ( -1.357050807568873400, -2.492861891654327400E-016, -0.7625000000000001800 ) ) ;
#1796 = DIRECTION ( 'NONE',  ( -1.000000000000000000, 0.0000000000000000000, 0.0000000000000000000 ) ) ;
#1797 = VERTEX_POINT ( 'NONE', #1315 ) ;
#1798 = DIRECTION ( 'NONE',  ( 0.0000000000000000000, 0.0000000000000000000, -1.000000000000000000 ) ) ;
#1799 = CARTESIAN_POINT ( 'NONE',  ( -0.2381819239899233000, 1.424627009313298900, -1.091184563602646000 ) ) ;
#1800 = CARTESIAN_POINT ( 'NONE',  ( -0.1877227704009913900, -1.238930838371502800, 0.8879869258089763100 ) ) ;
#1801 = B_SPLINE_CURVE_WITH_KNOTS ( 'NONE', 3,
 ( #1094, #2037, #326, #1634, #1284, #1268, #2023, #901, #2204, #151, #2382, #1071, #1089 ),
 .UNSPECIFIED., .F., .F.,
 ( 4, 3, 3, 3, 4 ),
 ( 2.401347562606645600E-016, 4.198837217620704700E-005, 8.410849014049642900E-005, 0.0001247285044134459900, 0.0001450865298655175400 ),
 .UNSPECIFIED. ) ;
#1802 = CARTESIAN_POINT ( 'NONE',  ( 1.299038105676658400, -0.7499999999999997800, 1.133333333333333300 ) ) ;
#1803 = CARTESIAN_POINT ( 'NONE',  ( -1.017788105676654900, -0.5876202367904166400, 1.716666666666666300 ) ) ;
#1804 = CARTESIAN_POINT ( 'NONE',  ( -1.357050807568873400, -2.492861891654327400E-016, -0.2625000000000004000 ) ) ;
#1805 = CARTESIAN_POINT ( 'NONE',  ( -0.8660254037844377100, -1.500000000000000000, -1.929166666666667800 ) ) ;
#1806 = CARTESIAN_POINT ( 'NONE',  ( 1.017788105676655300, -0.5876202367904158600, 1.945833333333332900 ) ) ;
#1807 = VERTEX_POINT ( 'NONE', #893 ) ;
#1808 = CARTESIAN_POINT ( 'NONE',  ( 2.743840545575511900, -1.549020465694479500, -0.9685444426531325500 ) ) ;
#1809 = CARTESIAN_POINT ( 'NONE',  ( 1.836970198721029200E-016, -1.499999999999999300, -1.887500000000001100 ) ) ;
#1810 = CARTESIAN_POINT ( 'NONE',  ( 1.499999999753692400, -2.718312497621771300E-005, -0.7625015101726216900 ) ) ;
#1811 = FACE_OUTER_BOUND ( 'NONE', #2120, .T. ) ;
#1812 = CARTESIAN_POINT ( 'NONE',  ( -2.681250000000001700, -1.627406071278255400, 1.200000000000000000 ) ) ;
#1813 = VERTEX_POINT ( 'NONE', #1270 ) ;
#1814 = CARTESIAN_POINT ( 'NONE',  ( -1.299038105676657100, -0.7500000000000003300, 0.02916666666666540400 ) ) ;
#1815 = PERSON_AND_ORGANIZATION ( #40, #698 ) ;
#1816 = CARTESIAN_POINT ( 'NONE',  ( -3.673940397442058400E-016, 1.499999999999999300, -1.637500000000001100 ) ) ;
#1817 = CARTESIAN_POINT ( 'NONE',  ( 0.6785254037844370400, -1.175240473580832200, 1.404166666666666300 ) ) ;
#1818 = CARTESIAN_POINT ( 'NONE',  ( 1.596476755057174600, -2.253700196255700400, -1.200000000000003100 ) ) ;
#1819 = CARTESIAN_POINT ( 'NONE',  ( 0.0000000000000000000, 0.0000000000000000000, -1.200000000000000000 ) ) ;
#1820 = EDGE_CURVE ( 'NONE', #1943, #1977, #767, .T. ) ;
#1821 = ADVANCED_FACE ( 'NONE', ( #2063 ), #1921, .F. ) ;
#1822 = CARTESIAN_POINT ( 'NONE',  ( -1.017788105676655600, 0.5876202367904153100, -1.366666666666667100 ) ) ;
#1823 = CARTESIAN_POINT ( 'NONE',  ( -2.750000000000001800, -1.508327578257902900, 0.9768614993004519600 ) ) ;
#1824 = CARTESIAN_POINT ( 'NONE',  ( -0.6784170702350710300, 1.211324427658356600, -1.025006916593842000 ) ) ;
#1825 = AXIS2_PLACEMENT_3D ( 'NONE', #362, #895, #2386 ) ;
#1826 = CARTESIAN_POINT ( 'NONE',  ( 0.9303285566666537100, -2.638301037916650900, 1.200000000000002200 ) ) ;
#1827 = CARTESIAN_POINT ( 'NONE',  ( -2.253636436458946500, -1.874288877297819000, 1.113953578308282300 ) ) ;
#1828 = ORIENTED_EDGE ( 'NONE', *, *, #1566, .T. ) ;
#1829 = PERSON_AND_ORGANIZATION_ROLE ( 'creator' ) ;
#1830 = CARTESIAN_POINT ( 'NONE',  ( 2.725406321178645000, -1.586803132654818900, -0.9669273479231831300 ) ) ;
#1831 = ORIENTED_EDGE ( 'NONE', *, *, #1489, .T. ) ;
#1832 = CARTESIAN_POINT ( 'NONE',  ( 0.4970987009538346300, 2.888426411733431700, -1.101344487404031000 ) ) ;
#1833 = CARTESIAN_POINT ( 'NONE',  ( 2.708204462386340600, 1.607941763312705100, 0.9693170499885664900 ) ) ;
#1834 = CARTESIAN_POINT ( 'NONE',  ( -3.673940397442060400E-016, 1.500000000000000200, -0.1999999999999998700 ) ) ;
#1835 = CARTESIAN_POINT ( 'NONE',  ( 0.6785254037844366000, 1.175240473580832200, 0.008333333333332849200 ) ) ;
#1836 = ADVANCED_FACE ( 'NONE', ( #259 ), #372, .T. ) ;
#1837 = VECTOR ( 'NONE', #945, 1000.000000000000000 ) ;
#1838 = DIRECTION ( 'NONE',  ( 1.000000000000000000, 1.776356839400250500E-015, 0.0000000000000000000 ) ) ;
#1839 = ORIENTED_EDGE ( 'NONE', *, *, #64, .T. ) ;
#1840 = ORIENTED_EDGE ( 'NONE', *, *, #2092, .F. ) ;
#1841 = CARTESIAN_POINT ( 'NONE',  ( -0.6785254037844372600, 1.175240473580831900, -1.908333333333333700 ) ) ;
#1842 = FACE_OUTER_BOUND ( 'NONE', #2326, .T. ) ;
#1843 = CARTESIAN_POINT ( 'NONE',  ( 2.743840545575514200, 1.549020465694477000, 0.9685444426531322200 ) ) ;
#1844 = CARTESIAN_POINT ( 'NONE',  ( -1.017788105676654900, -0.5876202367904166400, -0.2833333333333337700 ) ) ;
#1845 = PLANE ( 'NONE',  #1825 ) ;
#1846 = ORIENTED_EDGE ( 'NONE', *, *, #218, .T. ) ;
#1847 = CLOSED_SHELL ( 'NONE', ( #1915, #678, #784, #1441, #864, #133, #1974, #601, #2012, #1821, #1218, #1601, #1087, #251, #1744, #501, #2393, #1469, #1388, #2175, #1245, #2359, #158, #419, #1348, #1073, #1549, #1647, #2163, #57, #1430, #1163, #1988, #1538, #1836, #2380, #1206, #44, #1271, #305, #1052, #1730, #997 ) ) ;
#1848 = DIRECTION ( 'NONE',  ( 0.4999999999999996100, -0.8660254037844388200, 0.0000000000000000000 ) ) ;
#1849 = CARTESIAN_POINT ( 'NONE',  ( 2.681250000000007900, 1.627406071278252300, 0.9768614993004487400 ) ) ;
#1850 = DIRECTION ( 'NONE',  ( 1.000000000000000000, -5.462962177226035400E-016, 0.0000000000000000000 ) ) ;
#1851 = VERTEX_POINT ( 'NONE', #564 ) ;
#1852 = APPROVAL_ROLE ( '' ) ;
#1853 = CARTESIAN_POINT ( 'NONE',  ( 1.017788105676655300, 0.5876202367904163100, 0.02916666666666789500 ) ) ;
#1854 = EDGE_CURVE ( 'NONE', #2398, #610, #210, .T. ) ;
#1855 = CARTESIAN_POINT ( 'NONE',  ( -0.6785254037844372600, 1.175240473580831900, -0.4083333333333336600 ) ) ;
#1856 = ORIENTED_EDGE ( 'NONE', *, *, #1889, .T. ) ;
#1857 = CARTESIAN_POINT ( 'NONE',  ( 0.6785254037844370400, -1.175240473580832200, -0.6583333333333336600 ) ) ;
#1858 = DIRECTION ( 'NONE',  ( -0.0000000000000000000, -0.0000000000000000000, -1.000000000000000000 ) ) ;
#1859 = CARTESIAN_POINT ( 'NONE',  ( 0.6785254037844366000, 1.175240473580832200, 0.5083333333333328600 ) ) ;
#1860 = EDGE_CURVE ( 'NONE', #1797, #1901, #712, .T. ) ;
#1861 = VECTOR ( 'NONE', #708, 1000.000000000000000 ) ;
#1862 = CARTESIAN_POINT ( 'NONE',  ( -1.357050807568873200, -2.492861891654327400E-016, 0.7375000000000008200 ) ) ;
#1863 = CARTESIAN_POINT ( 'NONE',  ( 1.017788105676655300, -0.5876202367904158600, 1.383333333333332900 ) ) ;
#1864 = AXIS2_PLACEMENT_3D ( 'NONE', #670, #482, #497 ) ;
#1865 = VERTEX_POINT ( 'NONE', #1515 ) ;
#1866 = COORDINATED_UNIVERSAL_TIME_OFFSET ( 6, 0, .BEHIND. ) ;
#1867 = DIRECTION ( 'NONE',  ( 0.0000000000000000000, 0.0000000000000000000, -1.000000000000000000 ) ) ;
#1868 = CARTESIAN_POINT ( 'NONE',  ( 0.4963635635410528800, -2.888850843516590500, 1.113953578308283000 ) ) ;
#1869 = PRODUCT_DEFINITION_SHAPE ( 'NONE', 'NONE',  #867 ) ;
#1870 = DIRECTION ( 'NONE',  ( 1.000000000000000000, 0.0000000000000000000, 0.0000000000000000000 ) ) ;
#1871 = CARTESIAN_POINT ( 'NONE',  ( 0.6785254037844366000, 1.175240473580832400, 1.508333333333332600 ) ) ;
#1872 = CARTESIAN_POINT ( 'NONE',  ( -1.499999999999999300, -6.100733027540754000E-016, -0.5125000000000012900 ) ) ;
#1873 = ORIENTED_EDGE ( 'NONE', *, *, #2039, .F. ) ;
#1874 = CARTESIAN_POINT ( 'NONE',  ( -1.500000000000000200, -6.391244124090313400E-016, -0.07499999999999998300 ) ) ;
#1875 = CARTESIAN_POINT ( 'NONE',  ( 1.017788105676655600, -0.5876202367904159700, -0.05416666666666537800 ) ) ;
#1876 = CARTESIAN_POINT ( 'NONE',  ( -2.878508968398371900E-016, 1.175240473580832200, -0.4500000000000002900 ) ) ;
#1877 = DIRECTION ( 'NONE',  ( 1.000000000000000000, -8.881784197001252300E-016, 0.0000000000000000000 ) ) ;
#1878 = ORIENTED_EDGE ( 'NONE', *, *, #1940, .F. ) ;
#1879 = CARTESIAN_POINT ( 'NONE',  ( 2.749999999999997800, -1.508327578257905100, 0.9768614993004528500 ) ) ;
#1880 = DIRECTION ( 'NONE',  ( -0.0000000000000000000, -0.0000000000000000000, 1.000000000000000000 ) ) ;
#1881 = CARTESIAN_POINT ( 'NONE',  ( -0.6785254037844362700, -1.175240473580832400, -1.179166666666666900 ) ) ;
#1882 = PLANE ( 'NONE',  #444 ) ;
#1883 = CYLINDRICAL_SURFACE ( 'NONE', #1588, 1.500000000000000200 ) ;
#1884 = FACE_OUTER_BOUND ( 'NONE', #477, .T. ) ;
#1885 = CARTESIAN_POINT ( 'NONE',  ( -0.8660254037844396000, 1.500000000000000000, -1.158333333333333400 ) ) ;
#1886 = FACE_OUTER_BOUND ( 'NONE', #1210, .T. ) ;
#1887 = CARTESIAN_POINT ( 'NONE',  ( -1.017788105676654900, -0.5876202367904166400, 0.7166666666666662300 ) ) ;
#1888 = CARTESIAN_POINT ( 'NONE',  ( -2.750000000000000000, 1.508327578257898400, 1.200000000000000000 ) ) ;
#1889 = EDGE_CURVE ( 'NONE', #1266, #1893, #1575, .T. ) ;
#1890 = LOCAL_TIME ( 11, 33, 0.0000000000000000000, #2391 ) ;
#1891 = CARTESIAN_POINT ( 'NONE',  ( -0.6785254037844372600, 1.175240473580831900, 0.6541666666666661200 ) ) ;
#1892 = CARTESIAN_POINT ( 'NONE',  ( -2.739720977257542600, 1.562316802831067400, -0.9668416760243289100 ) ) ;
#1893 = VERTEX_POINT ( 'NONE', #775 ) ;
#1894 = ORIENTED_EDGE ( 'NONE', *, *, #29, .F. ) ;
#1895 = ORIENTED_EDGE ( 'NONE', *, *, #2092, .T. ) ;
#1896 = CARTESIAN_POINT ( 'NONE',  ( -0.8660254037844391500, 1.499999999999998900, 0.4041666666666652900 ) ) ;
#1897 = CARTESIAN_POINT ( 'NONE',  ( -0.8660254037844396000, 1.500000000000000000, -0.6583333333333332100 ) ) ;
#1898 = CARTESIAN_POINT ( 'NONE',  ( 1.732050807568876300, 1.060575238724906400E-016, 0.7374999999999987100 ) ) ;
#1899 = B_SPLINE_CURVE_WITH_KNOTS ( 'NONE', 3,
 ( #677, #1243, #879, #2182, #1997, #314, #1285, #2200, #1091, #2407, #702, #2038, #1449, #2206 ),
 .UNSPECIFIED., .F., .F.,
 ( 4, 2, 2, 2, 2, 2, 4 ),
 ( 0.0000000000000000000, 0.0003607684812633201300, 0.0007215369625266402600, 0.001443073925053280500, 0.002164610887579920600, 0.002525379368843241000, 0.002886147850106560600 ),
 .UNSPECIFIED. ) ;
#1900 = CARTESIAN_POINT ( 'NONE',  ( 0.8660254037844386000, 1.500000000000000200, 0.2583333333333333000 ) ) ;
#1901 = VERTEX_POINT ( 'NONE', #1339 ) ;
#1902 = CARTESIAN_POINT ( 'NONE',  ( -1.017788105676654900, -0.5876202367904166400, 0.7791666666666663400 ) ) ;
#1903 = DIRECTION ( 'NONE',  ( 1.000000000000000000, 0.0000000000000000000, 0.0000000000000000000 ) ) ;
#1904 = CARTESIAN_POINT ( 'NONE',  ( 1.299038105676658200, 0.7500000000000003300, -0.2833333333333332700 ) ) ;
#1905 = CARTESIAN_POINT ( 'NONE',  ( 0.8660254037844387100, -1.499999999999998900, -0.3458333333333344900 ) ) ;
#1906 = EDGE_CURVE ( 'NONE', #296, #1108, #898, .T. ) ;
#1907 = DIRECTION ( 'NONE',  ( -1.000000000000000000, 0.0000000000000000000, 0.0000000000000000000 ) ) ;
#1908 = CARTESIAN_POINT ( 'NONE',  ( 1.500000000000000200, 2.033577675846917800E-016, 0.6750000000000000400 ) ) ;
#1909 =( BOUNDED_CURVE ( )  B_SPLINE_CURVE ( 2, ( #1528, #984, #1714, #1900, #1351, #613, #802, #41, #2108 ),
 .UNSPECIFIED., .F., .T. ) 
 B_SPLINE_CURVE_WITH_KNOTS ( ( 3, 2, 2, 2, 3 ),
 ( 0.4687500000000000000, 0.4791666666666666900, 0.5000000000000000000, 0.5208333333333333700, 0.5312500000000000000 ),
 .UNSPECIFIED. ) 
 CURVE ( )  GEOMETRIC_REPRESENTATION_ITEM ( )  RATIONAL_B_SPLINE_CURVE ( ( 0.9330127018922194100, 0.9330127018922194100, 1.000000000000000000, 0.8660254037844387100, 1.000000000000000000, 0.8660254037844387100, 1.000000000000000000, 0.9330127018922194100, 0.9330127018922194100 ) ) 
 REPRESENTATION_ITEM ( '' )  );
#1910 = CARTESIAN_POINT ( 'NONE',  ( -0.6785254037844362700, -1.175240473580832400, 0.8208333333333331900 ) ) ;
#1911 = CARTESIAN_POINT ( 'NONE',  ( 1.238485479061078600, -1.400263485368877800E-014, 0.8884854790610791100 ) ) ;
#1912 = ORIENTED_EDGE ( 'NONE', *, *, #1602, .T. ) ;
#1913 = CARTESIAN_POINT ( 'NONE',  ( -2.681250000007209300, 1.627406071274096500, -0.9768614992981556900 ) ) ;
#1914 = CARTESIAN_POINT ( 'NONE',  ( -1.299038105676658000, 0.7499999999999985600, 0.9458333333333321900 ) ) ;
#1915 = ADVANCED_FACE ( 'NONE', ( #1811 ), #1686, .F. ) ;
#1916 = CARTESIAN_POINT ( 'NONE',  ( -2.749999999999999600, 1.264061524104106400, 1.044681007946850900 ) ) ;
#1917 = FACE_OUTER_BOUND ( 'NONE', #1133, .T. ) ;
#1918 = CARTESIAN_POINT ( 'NONE',  ( -0.6785254037844362700, -1.175240473580832400, -0.6791666666666669200 ) ) ;
#1919 = CARTESIAN_POINT ( 'NONE',  ( 0.0000000000000000000, 0.0000000000000000000, -1.200000000000000000 ) ) ;
#1920 = CARTESIAN_POINT ( 'NONE',  ( -1.338378992074653600, 0.6794619040798684000, -1.049998944213066200 ) ) ;
#1921 = CYLINDRICAL_SURFACE ( 'NONE', #1947, 1.500000000000000200 ) ;
#1922 = CARTESIAN_POINT ( 'NONE',  ( -1.299038105676657800, -0.7500000000000007800, -1.033333333333333200 ) ) ;
#1923 = ORIENTED_EDGE ( 'NONE', *, *, #49, .F. ) ;
#1924 = CARTESIAN_POINT ( 'NONE',  ( 1.299038105676657600, -0.7499999999999993300, -0.3041666666666678600 ) ) ;
#1925 = AXIS2_PLACEMENT_3D ( 'NONE', #1735, #430, #982 ) ;
#1926 = CARTESIAN_POINT ( 'NONE',  ( -2.750000000000000000, 1.508327578257897800, -0.9768614993004507400 ) ) ;
#1927 = CARTESIAN_POINT ( 'NONE',  ( -2.878508968398371900E-016, 1.175240473580832200, -0.4500000000000002900 ) ) ;
#1928 = CARTESIAN_POINT ( 'NONE',  ( 0.3815236498069323700, -1.307809120950836200, -1.009370654738453300 ) ) ;
#1929 = CARTESIAN_POINT ( 'NONE',  ( -0.8660254037844381500, -1.500000000000000700, 0.008333333333333499800 ) ) ;
#1930 = CARTESIAN_POINT ( 'NONE',  ( -0.1844615809325505000, 1.504040531340031800, -1.128672942055658700 ) ) ;
#1931 = CARTESIAN_POINT ( 'NONE',  ( -1.017788105676654900, -0.5876202367904166400, -1.720833333333333400 ) ) ;
#1932 = CARTESIAN_POINT ( 'NONE',  ( 0.8660254037844380400, 1.499999999999999300, 0.3208333333333320300 ) ) ;
#1933 = CARTESIAN_POINT ( 'NONE',  ( 1.500000000000000200, 2.033577675846917800E-016, -0.8249999999999998400 ) ) ;
#1934 = CARTESIAN_POINT ( 'NONE',  ( -1.500000000000000200, 0.0000000000000000000, 5.442640687119285800 ) ) ;
#1935 = CARTESIAN_POINT ( 'NONE',  ( -0.6785254037844362700, -1.175240473580832400, 1.320833333333333300 ) ) ;
#1936 = CARTESIAN_POINT ( 'NONE',  ( -0.6712022928771763700, -1.230059177221128500, -1.048353838310551700 ) ) ;
#1937 = DIRECTION ( 'NONE',  ( 1.000000000000000000, 0.0000000000000000000, 0.0000000000000000000 ) ) ;
#1938 = CARTESIAN_POINT ( 'NONE',  ( -1.499999999999999800, 0.2173181007086788500, -1.024573227817150000 ) ) ;
#1939 = CARTESIAN_POINT ( 'NONE',  ( 1.299038105676658200, 0.7500000000000003300, 1.716666666666666600 ) ) ;
#1940 = EDGE_CURVE ( 'NONE', #1174, #1865, #174, .T. ) ;
#1941 = CARTESIAN_POINT ( 'NONE',  ( 0.05699371721153286000, 3.141967227529817800, -0.9734028246421552200 ) ) ;
#1942 =( BOUNDED_CURVE ( )  B_SPLINE_CURVE ( 2, ( #1265, #2005, #2387, #148, #2209, #316, #1814, #2035, #1092 ),
 .UNSPECIFIED., .F., .F. ) 
 B_SPLINE_CURVE_WITH_KNOTS ( ( 3, 2, 2, 2, 3 ),
 ( 0.3909675500012583200, 0.4016519748451959400, 0.4230215471721532300, 0.4443911194991105900, 0.4550759056625892100 ),
 .UNSPECIFIED. ) 
 CURVE ( )  GEOMETRIC_REPRESENTATION_ITEM ( )  RATIONAL_B_SPLINE_CURVE ( ( 0.9330127019688220200, 0.9330149671523223500, 1.000000000000000000, 0.8660254037844387100, 1.000000000000000000, 0.8660254037844387100, 1.000000000000000000, 0.9330127018922194100, 0.9330127018922194100 ) ) 
 REPRESENTATION_ITEM ( '' )  );
#1943 = VERTEX_POINT ( 'NONE', #1926 ) ;
#1944 = CARTESIAN_POINT ( 'NONE',  ( -3.673940397442058400E-016, 1.499999999999999300, -0.1375000000000011200 ) ) ;
#1945 = CARTESIAN_POINT ( 'NONE',  ( -0.6785254037844372600, 1.175240473580831900, -1.908333333333333700 ) ) ;
#1946 = CARTESIAN_POINT ( 'NONE',  ( -1.298776700968454800, -0.6052977684931392100, -1.080097370659630200 ) ) ;
#1947 = AXIS2_PLACEMENT_3D ( 'NONE', #1499, #557, #2068 ) ;
#1948 = CARTESIAN_POINT ( 'NONE',  ( 1.299038105676658400, -0.7499999999999997800, -0.3666666666666666400 ) ) ;
#1949 = CARTESIAN_POINT ( 'NONE',  ( -1.256444477565648000, 0.8193856679338118500, -1.058143097859509700 ) ) ;
#1950 = VECTOR ( 'NONE', #2253, 1000.000000000000000 ) ;
#1951 = CARTESIAN_POINT ( 'NONE',  ( -0.6785254037844372600, 1.175240473580831900, -1.845833333333333700 ) ) ;
#1952 = CARTESIAN_POINT ( 'NONE',  ( 2.681250000000214400, 1.627406071278133300, -0.9768614993003823500 ) ) ;
#1953 = CARTESIAN_POINT ( 'NONE',  ( 0.05074882542962919800, 3.144447201328893100, -0.9720293796441512600 ) ) ;
#1954 = ORIENTED_EDGE ( 'NONE', *, *, #1860, .T. ) ;
#1955 = CONICAL_SURFACE ( 'NONE', #190, 2.750000000000000000, 1.047197551196600100 ) ;
#1956 = CARTESIAN_POINT ( 'NONE',  ( 1.017788105676655100, 0.5876202367904161900, -0.5333333333333336600 ) ) ;
#1957 = CARTESIAN_POINT ( 'NONE',  ( -0.8989274053205604800, -1.087935723656706900, -1.058425912110067200 ) ) ;
#1958 = APPROVAL_DATE_TIME ( #1257, #2286 ) ;
#1959 = CARTESIAN_POINT ( 'NONE',  ( -0.6785254037844372600, 1.175240473580831900, 1.091666666666666100 ) ) ;
#1960 = EDGE_CURVE ( 'NONE', #920, #1395, #1079, .T. ) ;
#1961 = CARTESIAN_POINT ( 'NONE',  ( 1.299038105676658400, -0.7499999999999997800, 0.6333333333333334100 ) ) ;
#1962 = CARTESIAN_POINT ( 'NONE',  ( -0.06875000000000197600, -3.135733649536153000, 1.200000000000000000 ) ) ;
#1963 = ORIENTED_EDGE ( 'NONE', *, *, #642, .T. ) ;
#1964 = ORIENTED_EDGE ( 'NONE', *, *, #476, .F. ) ;
#1965 = ORIENTED_EDGE ( 'NONE', *, *, #1394, .T. ) ;
#1966 = CARTESIAN_POINT ( 'NONE',  ( 1.357050807568873400, 8.309539638847759200E-017, 0.4874999999999996000 ) ) ;
#1967 = CARTESIAN_POINT ( 'NONE',  ( 1.439254484199185900E-016, -1.175240473580832200, 0.2999999999999997100 ) ) ;
#1968 = B_SPLINE_CURVE_WITH_KNOTS ( 'NONE', 3,
 ( #1793, #1428, #1618, #1808, #679, #467, #1830, #1370, #810, #1505, #1677, #1514, #1123 ),
 .UNSPECIFIED., .F., .F.,
 ( 4, 3, 3, 3, 4 ),
 ( 5.797795827391141700E-017, 4.198837217621183800E-005, 8.410849014050698600E-005, 0.0001247285044134528500, 0.0001450865298655199200 ),
 .UNSPECIFIED. ) ;
#1969 = ORIENTED_EDGE ( 'NONE', *, *, #1068, .F. ) ;
#1970 = CARTESIAN_POINT ( 'NONE',  ( -1.375000000000000200, -2.381569860407206200, -1.200000000000000000 ) ) ;
#1971 = DIRECTION ( 'NONE',  ( 0.0000000000000000000, 0.0000000000000000000, 1.000000000000000000 ) ) ;
#1972 = CARTESIAN_POINT ( 'NONE',  ( -3.673940397442060400E-016, 1.500000000000000200, 1.800000000000000300 ) ) ;
#1973 = CARTESIAN_POINT ( 'NONE',  ( -0.05699371721145755200, 3.141967227529828500, 0.9734028246421492200 ) ) ;
#1974 = ADVANCED_FACE ( 'NONE', ( #197 ), #2414, .F. ) ;
#1975 = CARTESIAN_POINT ( 'NONE',  ( 0.05163369170423556100, 1.478932717054136000, -1.126638516617111600 ) ) ;
#1976 = CARTESIAN_POINT ( 'NONE',  ( 1.017788105676655300, -0.5876202367904158600, 0.3833333333333329700 ) ) ;
#1977 = VERTEX_POINT ( 'NONE', #2298 ) ;
#1978 = DIRECTION ( 'NONE',  ( 1.000000000000000000, 0.0000000000000000000, 0.0000000000000000000 ) ) ;
#1979 = CARTESIAN_POINT ( 'NONE',  ( -1.500000000000000200, -6.391244124090313400E-016, 0.9249999999999998200 ) ) ;
#1980 = CARTESIAN_POINT ( 'NONE',  ( 0.6785254037844366000, 1.175240473580832400, 1.508333333333332600 ) ) ;
#1981 = CARTESIAN_POINT ( 'NONE',  ( 0.6785254037844366000, 1.175240473580832400, -0.4291666666666669700 ) ) ;
#1982 = EDGE_LOOP ( 'NONE', ( #1756, #764, #396, #1665, #1321, #1643 ) ) ;
#1983 = CARTESIAN_POINT ( 'NONE',  ( 1.299038105676657600, -0.7499999999999993300, -1.304166666666667800 ) ) ;
#1984 = EDGE_CURVE ( 'NONE', #828, #2327, #53, .T. ) ;
#1985 = CARTESIAN_POINT ( 'NONE',  ( -1.357050807568873400, -2.492861891654327400E-016, 1.237499999999999600 ) ) ;
#1986 = CARTESIAN_POINT ( 'NONE',  ( 1.160805725043187400, -0.8590494884331708600, 1.090877949204010800 ) ) ;
#1987 = B_SPLINE_CURVE_WITH_KNOTS ( 'NONE', 3,
 ( #2218, #1478, #140, #398 ),
 .UNSPECIFIED., .F., .F.,
 ( 4, 4 ),
 ( 8.201406283539937700E-005, 0.001606744326298687500 ),
 .UNSPECIFIED. ) ;
#1988 = ADVANCED_FACE ( 'NONE', ( #1608 ), #602, .T. ) ;
#1989 = CIRCLE ( 'NONE', #1298, 1.550000000000000300 ) ;
#1990 = CARTESIAN_POINT ( 'NONE',  ( 1.430908802125419700, -0.4499999999999970100, 1.150000000000000100 ) ) ;
#1991 = CARTESIAN_POINT ( 'NONE',  ( 1.279398380299563400, -0.1344979493614922600, 1.915463090151548800 ) ) ;
#1992 = CARTESIAN_POINT ( 'NONE',  ( -0.6785254037844362700, -1.175240473580832400, -0.1791666666666668900 ) ) ;
#1993 = CARTESIAN_POINT ( 'NONE',  ( 0.8660254037844380400, 1.499999999999999300, -1.179166666666667600 ) ) ;
#1994 = CARTESIAN_POINT ( 'NONE',  ( -1.374999999999999100, 2.381569860407206600, 1.200000000000000000 ) ) ;
#1995 = CARTESIAN_POINT ( 'NONE',  ( -1.357050807568873400, -2.492861891654327400E-016, 0.2374999999999996600 ) ) ;
#1996 = EDGE_LOOP ( 'NONE', ( #1234, #907, #1378, #287 ) ) ;
#1997 = CARTESIAN_POINT ( 'NONE',  ( -0.3177472188581341700, 1.165335605157025800, -0.8518331479075730300 ) ) ;
#1998 = CARTESIAN_POINT ( 'NONE',  ( 1.500007283713970900, 0.4019111728840175600, 0.7598283984935553200 ) ) ;
#1999 = CARTESIAN_POINT ( 'NONE',  ( 1.357050807568873400, 8.309539638847759200E-017, 1.424999999999999600 ) ) ;
#2000 = EDGE_CURVE ( 'NONE', #1108, #1901, #549, .T. ) ;
#2001 = CARTESIAN_POINT ( 'NONE',  ( 1.299038105676657600, -0.7499999999999993300, -0.8041666666666679200 ) ) ;
#2002 = CARTESIAN_POINT ( 'NONE',  ( 0.6785254037844366000, 1.175240473580832400, 1.070833333333332900 ) ) ;
#2003 = AXIS2_PLACEMENT_3D ( 'NONE', #1426, #1596, #1627 ) ;
#2004 = CARTESIAN_POINT ( 'NONE',  ( -1.499999999999996700, -0.4019237886466883700, -0.9901709006307406500 ) ) ;
#2005 = CARTESIAN_POINT ( 'NONE',  ( 1.499992716322300400, -0.4019364043465240600, 0.2151701997585251900 ) ) ;
#2006 = CARTESIAN_POINT ( 'NONE',  ( -1.299038105676657100, -0.7500000000000003300, -1.970833333333334300 ) ) ;
#2007 = CARTESIAN_POINT ( 'NONE',  ( 1.439254484199185900E-016, -1.175240473580832200, -1.700000000000000400 ) ) ;
#2008 = CARTESIAN_POINT ( 'NONE',  ( 2.686972912498813800, 1.624101946206517400, 0.9750267446543514600 ) ) ;
#2009 = CARTESIAN_POINT ( 'NONE',  ( 0.4585666260079968600, -1.440658513580858100, 1.141242811384129500 ) ) ;
#2010 = DIRECTION ( 'NONE',  ( 1.000000000000000000, 0.0000000000000000000, 0.0000000000000000000 ) ) ;
#2011 = ORIENTED_EDGE ( 'NONE', *, *, #809, .T. ) ;
#2012 = ADVANCED_FACE ( 'NONE', ( #2093 ), #1512, .F. ) ;
#2013 = CARTESIAN_POINT ( 'NONE',  ( -2.708204462386344200, -1.607941763312702400, 0.9693170499885659400 ) ) ;
#2014 = AXIS2_PLACEMENT_3D ( 'NONE', #1090, #2390, #886 ) ;
#2015 = CONICAL_SURFACE ( 'NONE', #2296, 2.750000000000000000, 1.047197551196600100 ) ;
#2016 = CARTESIAN_POINT ( 'NONE',  ( -0.8660254037844391500, 1.499999999999998900, -0.5958333333333345500 ) ) ;
#2017 = CARTESIAN_POINT ( 'NONE',  ( 1.374999999999998400, -2.381569860407207100, 1.200000000000000000 ) ) ;
#2018 = ORIENTED_EDGE ( 'NONE', *, *, #164, .T. ) ;
#2019 = CARTESIAN_POINT ( 'NONE',  ( -1.819671443333344100, -2.124838682897759700, 1.200000000000002000 ) ) ;
#2020 = VECTOR ( 'NONE', #2272, 1000.000000000000000 ) ;
#2021 = CARTESIAN_POINT ( 'NONE',  ( 0.0000000000000000000, 0.0000000000000000000, 1.200000000000000000 ) ) ;
#2022 = DIRECTION ( 'NONE',  ( 0.0000000000000000000, 0.0000000000000000000, 1.000000000000000000 ) ) ;
#2023 = CARTESIAN_POINT ( 'NONE',  ( -0.01150866309447595900, -3.153672676102807300, -0.9669273479231831300 ) ) ;
#2024 = ORIENTED_EDGE ( 'NONE', *, *, #116, .T. ) ;
#2025 = ORIENTED_EDGE ( 'NONE', *, *, #2194, .F. ) ;
#2026 =( BOUNDED_SURFACE ( )  B_SPLINE_SURFACE ( 1, 2, ( 
 ( #382, #566, #2403, #1475, #2046, #2051, #2040, #917, #606, #2255, #970, #576, #220, #962, #1529, #1545, #1536, #1881, #1139, #1510, #51, #787, #22, #1325, #2263, #2081, #2249, #237, #33, #1918, #2094, #768, #2086, #2273, #1700, #1153, #211, #2062, #42, #952, #1317, #231, #1333, #1145, #977, #760, #943, #1343, #408, #2071, #778, #1520, #397, #1131, #389, #593, #416, #1722, #1707, #583, #599, #1891, #1715, #2281, #1902, #1910, #13, #1161, #206, #1728, #1352, #424, #1553, #434, #1386, #1372, #624, #1935, #1003, #254, #2299, #470, #2109, #60, #274, #2308, #86, #995, #264, #66, #1737, #1579, #803, #1012, #1560, #985, #1020 ),
 ( #95, #1945, #1207, #1175, #2289, #822, #443, #1748, #281, #1380, #1169, #1396, #1589, #651, #1777, #794, #1569, #2316, #812, #451, #2101, #2118, #245, #2137, #1188, #75, #2324, #1760, #2130, #463, #1361, #1769, #634, #1199, #1956, #614, #1927, #646, #830, #1031, #479, #289, #1788, #1226, #848, #2335, #1217, #2146, #2345, #2156, #102, #1409, #1595, #658, #1967, #112, #1976, #840, #1039, #2148, #1044, #2349, #648, #1231, #1591, #870, #115, #2328, #277, #1610, #1412, #108, #2357, #1959, #1015, #1421, #294, #834, #2159, #2140, #1026, #1999, #1773, #1980, #490, #302, #1782, #653, #1803, #1212, #1033, #1238, #99, #1991, #1390, #2341, #2320 ) ),
 .UNSPECIFIED., .F., .F., .T. ) 
 B_SPLINE_SURFACE_WITH_KNOTS ( ( 2, 2 ),
 ( 3, 2, 2, 2, 2, 2, 2, 2, 2, 2, 2, 2, 2, 2, 2, 2, 2, 2, 2, 2, 2, 2, 2, 2, 2, 2, 2, 2, 2, 2, 2, 2, 2, 2, 2, 2, 2, 2, 2, 2, 2, 2, 2, 2, 2, 2, 2, 2, 3 ),
 ( 0.0000000000000000000, 1.000000000000000000 ),
 ( 0.0000000000000000000, 0.02083333333333333200, 0.04166666666666666400, 0.06250000000000000000, 0.08333333333333332900, 0.1041666666666666700, 0.1250000000000000000, 0.1458333333333333400, 0.1666666666666666600, 0.1875000000000000000, 0.2083333333333333400, 0.2291666666666666600, 0.2500000000000000000, 0.2708333333333333100, 0.2916666666666666900, 0.3125000000000000000, 0.3333333333333333100, 0.3541666666666666900, 0.3750000000000000000, 0.3958333333333333100, 0.4166666666666666900, 0.4375000000000000000, 0.4583333333333333100, 0.4791666666666666900, 0.5000000000000000000, 0.5208333333333333700, 0.5416666666666666300, 0.5625000000000000000, 0.5833333333333333700, 0.6041666666666666300, 0.6250000000000000000, 0.6458333333333333700, 0.6666666666666666300, 0.6875000000000000000, 0.7083333333333333700, 0.7291666666666666300, 0.7500000000000000000, 0.7708333333333333700, 0.7916666666666666300, 0.8125000000000000000, 0.8333333333333333700, 0.8541666666666666300, 0.8750000000000000000, 0.8958333333333333700, 0.9166666666666666300, 0.9375000000000000000, 0.9583333333333333700, 0.9749064236939800600, 0.9846554879309198400 ),
 .UNSPECIFIED. ) 
 GEOMETRIC_REPRESENTATION_ITEM ( )  RATIONAL_B_SPLINE_SURFACE ( (
 ( 1.000000000000000000, 0.8660254037844387100, 1.000000000000000000, 0.8660254037844387100, 1.000000000000000000, 0.8660254037844387100, 1.000000000000000000, 0.8660254037844387100, 1.000000000000000000, 0.8660254037844387100, 1.000000000000000000, 0.8660254037844387100, 1.000000000000000000, 0.8660254037844387100, 1.000000000000000000, 0.8660254037844387100, 1.000000000000000000, 0.8660254037844387100, 1.000000000000000000, 0.8660254037844387100, 1.000000000000000000, 0.8660254037844387100, 1.000000000000000000, 0.8660254037844387100, 1.000000000000000000, 0.8660254037844387100, 1.000000000000000000, 0.8660254037844387100, 1.000000000000000000, 0.8660254037844387100, 1.000000000000000000, 0.8660254037844387100, 1.000000000000000000, 0.8660254037844387100, 1.000000000000000000, 0.8660254037844387100, 1.000000000000000000, 0.8660254037844387100, 1.000000000000000000, 0.8660254037844387100, 1.000000000000000000, 0.8660254037844387100, 1.000000000000000000, 0.8660254037844387100, 1.000000000000000000, 0.8660254037844387100, 1.000000000000000000, 0.8660254037844387100, 1.000000000000000000, 0.8660254037844387100, 1.000000000000000000, 0.8660254037844387100, 1.000000000000000000, 0.8660254037844387100, 1.000000000000000000, 0.8660254037844387100, 1.000000000000000000, 0.8660254037844387100, 1.000000000000000000, 0.8660254037844387100, 1.000000000000000000, 0.8660254037844387100, 1.000000000000000000, 0.8660254037844387100, 1.000000000000000000, 0.8660254037844387100, 1.000000000000000000, 0.8660254037844387100, 1.000000000000000000, 0.8660254037844387100, 1.000000000000000000, 0.8660254037844387100, 1.000000000000000000, 0.8660254037844387100, 1.000000000000000000, 0.8660254037844387100, 1.000000000000000000, 0.8660254037844387100, 1.000000000000000000, 0.8660254037844387100, 1.000000000000000000, 0.8660254037844387100, 1.000000000000000000, 0.8660254037844387100, 1.000000000000000000, 0.8660254037844387100, 1.000000000000000000, 0.8660254037844387100, 1.000000000000000000, 0.8660254037844387100, 1.000000000000000000, 0.8660254037844387100, 1.000000000000000000, 0.8934220917226403100, 0.9564114126609033500, 0.9564114126609033500, 0.9564114126609033500),
 ( 1.000000000000000000, 0.8660254037844387100, 1.000000000000000000, 0.8660254037844387100, 1.000000000000000000, 0.8660254037844387100, 1.000000000000000000, 0.8660254037844387100, 1.000000000000000000, 0.8660254037844387100, 1.000000000000000000, 0.8660254037844387100, 1.000000000000000000, 0.8660254037844387100, 1.000000000000000000, 0.8660254037844387100, 1.000000000000000000, 0.8660254037844387100, 1.000000000000000000, 0.8660254037844387100, 1.000000000000000000, 0.8660254037844387100, 1.000000000000000000, 0.8660254037844387100, 1.000000000000000000, 0.8660254037844387100, 1.000000000000000000, 0.8660254037844387100, 1.000000000000000000, 0.8660254037844387100, 1.000000000000000000, 0.8660254037844387100, 1.000000000000000000, 0.8660254037844387100, 1.000000000000000000, 0.8660254037844387100, 1.000000000000000000, 0.8660254037844387100, 1.000000000000000000, 0.8660254037844387100, 1.000000000000000000, 0.8660254037844387100, 1.000000000000000000, 0.8660254037844387100, 1.000000000000000000, 0.8660254037844387100, 1.000000000000000000, 0.8660254037844387100, 1.000000000000000000, 0.8660254037844387100, 1.000000000000000000, 0.8660254037844387100, 1.000000000000000000, 0.8660254037844387100, 1.000000000000000000, 0.8660254037844387100, 1.000000000000000000, 0.8660254037844387100, 1.000000000000000000, 0.8660254037844387100, 1.000000000000000000, 0.8660254037844387100, 1.000000000000000000, 0.8660254037844387100, 1.000000000000000000, 0.8660254037844387100, 1.000000000000000000, 0.8660254037844387100, 1.000000000000000000, 0.8660254037844387100, 1.000000000000000000, 0.8660254037844387100, 1.000000000000000000, 0.8660254037844387100, 1.000000000000000000, 0.8660254037844387100, 1.000000000000000000, 0.8660254037844387100, 1.000000000000000000, 0.8660254037844387100, 1.000000000000000000, 0.8660254037844387100, 1.000000000000000000, 0.8660254037844387100, 1.000000000000000000, 0.8660254037844387100, 1.000000000000000000, 0.8660254037844387100, 1.000000000000000000, 0.8660254037844387100, 1.000000000000000000, 0.8660254037844387100, 1.000000000000000000, 0.8934220917226403100, 0.9564114126609033500, 0.9564114126609033500, 0.9564114126609033500) ) ) 
 REPRESENTATION_ITEM ( '' )  SURFACE ( )  );
#2027 = CARTESIAN_POINT ( 'NONE',  ( -2.878508968398371900E-016, 1.175240473580832200, 0.04999999999999969700 ) ) ;
#2028 = CARTESIAN_POINT ( 'NONE',  ( -0.8209059912955994900, 0.8410133912117497800, -0.8252404735808321900 ) ) ;
#2029 = EDGE_CURVE ( 'NONE', #195, #1336, #2347, .T. ) ;
#2030 = ORIENTED_EDGE ( 'NONE', *, *, #1794, .T. ) ;
#2031 = CARTESIAN_POINT ( 'NONE',  ( 0.06874999999279179900, 3.135733649540316700, -0.9768614992981562400 ) ) ;
#2032 = CARTESIAN_POINT ( 'NONE',  ( -1.299038105676658000, 0.7499999999999985600, -0.5541666666666679200 ) ) ;
#2033 =( GEOMETRIC_REPRESENTATION_CONTEXT ( 3 ) GLOBAL_UNCERTAINTY_ASSIGNED_CONTEXT ( ( #1716 ) ) GLOBAL_UNIT_ASSIGNED_CONTEXT ( ( #922, #2215, #1272 ) ) REPRESENTATION_CONTEXT ( 'NONE', 'WORKASPACE' ) );
#2034 = CARTESIAN_POINT ( 'NONE',  ( 1.017788105676655100, 0.5876202367904161900, -0.03333333333333378400 ) ) ;
#2035 = CARTESIAN_POINT ( 'NONE',  ( -1.499999999999999300, -0.4019237886466844900, 0.009829099369258980200 ) ) ;
#2036 = CARTESIAN_POINT ( 'NONE',  ( -1.452451905283832700, 1.481606592402754400E-015, -1.102451905283832900 ) ) ;
#2037 = CARTESIAN_POINT ( 'NONE',  ( 0.05707080378105922100, -3.142476636617075800, -0.9731171716473129300 ) ) ;
#2038 = CARTESIAN_POINT ( 'NONE',  ( 1.267210450053983100, 0.2400788682357875000, -0.9340986159404701700 ) ) ;
#2039 = EDGE_CURVE ( 'NONE', #1623, #1127, #2271, .T. ) ;
#2040 = CARTESIAN_POINT ( 'NONE',  ( 1.439254484199185900E-016, -1.175240473580832200, -1.637500000000000200 ) ) ;
#2041 = CARTESIAN_POINT ( 'NONE',  ( 1.017788105676655300, -0.5876202367904158600, -0.6166666666666670300 ) ) ;
#2042 = AXIS2_PLACEMENT_3D ( 'NONE', #1534, #957, #1655 ) ;
#2043 = CARTESIAN_POINT ( 'NONE',  ( -1.500000000000000200, 0.0000000000000000000, 5.442640687119285800 ) ) ;
#2044 = LINE ( 'NONE', #101, #694 ) ;
#2045 = CARTESIAN_POINT ( 'NONE',  ( 1.439254484199185900E-016, -1.175240473580832200, -0.7000000000000002900 ) ) ;
#2046 = CARTESIAN_POINT ( 'NONE',  ( -1.017788105676654900, -0.5876202367904166400, -1.720833333333333400 ) ) ;
#2047 = CARTESIAN_POINT ( 'NONE',  ( 1.017788105676655100, 0.5876202367904161900, -0.03333333333333378400 ) ) ;
#2048 = CARTESIAN_POINT ( 'NONE',  ( -1.499999999999999300, -9.151099541311131000E-015, -1.012500000000000800 ) ) ;
#2049 = CARTESIAN_POINT ( 'NONE',  ( -0.2408398640144844800, -1.160856961288461800, 0.8252404735808326300 ) ) ;
#2050 = EDGE_LOOP ( 'NONE', ( #2295, #157, #178, #1878 ) ) ;
#2051 = CARTESIAN_POINT ( 'NONE',  ( -0.6785254037844362700, -1.175240473580832400, -1.679166666666666900 ) ) ;
#2052 = AXIS2_PLACEMENT_3D ( 'NONE', #340, #1460, #720 ) ;
#2053 = CARTESIAN_POINT ( 'NONE',  ( 1.017788105676655100, 0.5876202367904161900, 1.466666666666666100 ) ) ;
#2054 = CARTESIAN_POINT ( 'NONE',  ( -2.749999999999999600, 0.5133881092171760400, -1.178648365814070300 ) ) ;
#2055 = CARTESIAN_POINT ( 'NONE',  ( 2.749999999999999600, 1.508327578257896400, -0.9768614993004513000 ) ) ;
#2056 = ORIENTED_EDGE ( 'NONE', *, *, #1960, .F. ) ;
#2057 = CARTESIAN_POINT ( 'NONE',  ( 1.439254484199185900E-016, -1.175240473580832400, -0.1374999999999986500 ) ) ;
#2058 = CARTESIAN_POINT ( 'NONE',  ( -0.6785254037844362700, -1.175240473580832400, 0.7583333333333330800 ) ) ;
#2059 = CIRCLE ( 'NONE', #747, 2.750000000000000000 ) ;
#2060 = CARTESIAN_POINT ( 'NONE',  ( 2.703974726230253800, -1.611921149041250200, 0.9702438667103222600 ) ) ;
#2061 = EDGE_CURVE ( 'NONE', #1807, #195, #1909, .T. ) ;
#2062 = CARTESIAN_POINT ( 'NONE',  ( -0.6785254037844372600, 1.175240473580831900, -0.3458333333333336000 ) ) ;
#2063 = FACE_OUTER_BOUND ( 'NONE', #2416, .T. ) ;
#2064 = CARTESIAN_POINT ( 'NONE',  ( -1.017788105676654900, -0.5876202367904166400, 0.2166666666666662300 ) ) ;
#2065 = CALENDAR_DATE ( 2023, 6, 2 ) ;
#2066 = CARTESIAN_POINT ( 'NONE',  ( -2.612499999999999800, 1.508327578257898400, 1.200000000000000000 ) ) ;
#2067 = CARTESIAN_POINT ( 'NONE',  ( 1.500000000000000200, 1.836970198721030200E-016, 5.442640687119285800 ) ) ;
#2068 = DIRECTION ( 'NONE',  ( -1.000000000000000000, 0.0000000000000000000, 0.0000000000000000000 ) ) ;
#2069 = ORIENTED_EDGE ( 'NONE', *, *, #704, .F. ) ;
#2070 = ORIENTED_EDGE ( 'NONE', *, *, #1602, .F. ) ;
#2071 = CARTESIAN_POINT ( 'NONE',  ( -0.6785254037844372600, 1.175240473580831900, 0.1541666666666664000 ) ) ;
#2072 = CARTESIAN_POINT ( 'NONE',  ( 1.153523244944180100, 2.509439524557928600, 1.200000000000001700 ) ) ;
#2073 = CARTESIAN_POINT ( 'NONE',  ( 0.8660254037844381500, 1.499999999999999300, 0.3208333333333320300 ) ) ;
#2074 = CARTESIAN_POINT ( 'NONE',  ( -0.8660254037844381500, -1.500000000000000700, -0.4916666666666665900 ) ) ;
#2075 = ORIENTED_EDGE ( 'NONE', *, *, #1444, .T. ) ;
#2076 = CARTESIAN_POINT ( 'NONE',  ( 1.299038105676657600, -0.7499999999999993300, 0.6958333333333319700 ) ) ;
#2077 = EDGE_CURVE ( 'NONE', #1423, #296, #532, .T. ) ;
#2078 = CARTESIAN_POINT ( 'NONE',  ( 0.0000000000000000000, 0.0000000000000000000, 1.200000000000000000 ) ) ;
#2079 = CARTESIAN_POINT ( 'NONE',  ( 0.8660254037844386000, 1.500000000000000200, -0.7416666666666664700 ) ) ;
#2080 = CARTESIAN_POINT ( 'NONE',  ( -0.8660254037844396000, 1.499999999999999800, 0.8416666666666665600 ) ) ;
#2081 = CARTESIAN_POINT ( 'NONE',  ( -0.6785254037844372600, 1.175240473580831900, -0.8458333333333335500 ) ) ;
#2082 = CARTESIAN_POINT ( 'NONE',  ( -2.725406321178646300, 1.586803132654820900, -0.9669273479231818000 ) ) ;
#2083 = CARTESIAN_POINT ( 'NONE',  ( -1.299038105676658900, 0.7499999999999990000, -1.116666666666666700 ) ) ;
#2084 = CARTESIAN_POINT ( 'NONE',  ( -1.299038105676658000, 0.7499999999999985600, -0.5541666666666679200 ) ) ;
#2085 = CARTESIAN_POINT ( 'NONE',  ( 1.836970198721029200E-016, -1.499999999999999300, -0.3875000000000011200 ) ) ;
#2086 = CARTESIAN_POINT ( 'NONE',  ( 1.017788105676655300, -0.5876202367904158600, -0.5541666666666670300 ) ) ;
#2087 = CARTESIAN_POINT ( 'NONE',  ( -2.746620646028003600, 1.541402981412253200, 0.9693170499886207800 ) ) ;
#2088 = CIRCLE ( 'NONE', #1462, 2.750000000000000000 ) ;
#2089 = CARTESIAN_POINT ( 'NONE',  ( 0.06874999999999822900, -3.135733649536153000, 1.200000000000000000 ) ) ;
#2090 = CARTESIAN_POINT ( 'NONE',  ( -0.8660254037844377100, -1.500000000000000000, 1.070833333333332200 ) ) ;
#2091 = CARTESIAN_POINT ( 'NONE',  ( 0.8660254037844386000, 1.500000000000000200, 0.7583333333333333000 ) ) ;
#2092 = EDGE_CURVE ( 'NONE', #2100, #1266, #244, .T. ) ;
#2093 = FACE_OUTER_BOUND ( 'NONE', #421, .T. ) ;
#2094 = CARTESIAN_POINT ( 'NONE',  ( 1.439254484199185900E-016, -1.175240473580832200, -0.6375000000000002900 ) ) ;
#2095 = ORIENTED_EDGE ( 'NONE', *, *, #2352, .F. ) ;
#2096 = CARTESIAN_POINT ( 'NONE',  ( 0.8660254037844392600, -1.500000000000000000, -0.4083333333333332100 ) ) ;
#2097 = CARTESIAN_POINT ( 'NONE',  ( -1.299038105676657100, -0.7500000000000003300, 1.529166666666665500 ) ) ;
#2098 = CARTESIAN_POINT ( 'NONE',  ( 1.299038105676658200, 0.7500000000000003300, 0.7166666666666666700 ) ) ;
#2099 = B_SPLINE_CURVE_WITH_KNOTS ( 'NONE', 3,
 ( #1140, #1723, #823, #275, #831, #2138 ),
 .UNSPECIFIED., .F., .F.,
 ( 4, 2, 4 ),
 ( 0.003055388771707977500, 0.003818120087012289200, 0.004580851402316600500 ),
 .UNSPECIFIED. ) ;
#2100 = VERTEX_POINT ( 'NONE', #1385 ) ;
#2101 = CARTESIAN_POINT ( 'NONE',  ( 1.017788105676655300, -0.5876202367904158600, -1.116666666666667100 ) ) ;
#2102 = CARTESIAN_POINT ( 'NONE',  ( -2.743840545575514600, 1.549020465694478800, -0.9685444426531314400 ) ) ;
#2103 = CARTESIAN_POINT ( 'NONE',  ( 0.06874999999978369200, -3.135733649536277300, -0.9768614993003832400 ) ) ;
#2104 = CARTESIAN_POINT ( 'NONE',  ( 0.8660254037844386000, 1.500000000000000400, -0.7416666666666664700 ) ) ;
#2105 = CARTESIAN_POINT ( 'NONE',  ( 1.299038105676657600, -0.7499999999999993300, 1.195833333333332000 ) ) ;
#2106 = EDGE_CURVE ( 'NONE', #1901, #1851, #603, .T. ) ;
#2107 = CARTESIAN_POINT ( 'NONE',  ( 0.6841610353969066500, -1.334887140414724700, 1.150000006171473900 ) ) ;
#2108 = CARTESIAN_POINT ( 'NONE',  ( -1.500000000000000200, -6.391244124090313400E-016, 0.4250000000000000400 ) ) ;
#2109 = CARTESIAN_POINT ( 'NONE',  ( 1.017788105676655100, 0.5876202367904161900, 1.529166666666666100 ) ) ;
#2110 = CARTESIAN_POINT ( 'NONE',  ( 1.036401492711814400, -0.8494326566022709600, -0.9780150396953436500 ) ) ;
#2111 = CC_DESIGN_DATE_AND_TIME_ASSIGNMENT ( #2302, #719, ( #867 ) ) ;
#2112 = ORIENTED_EDGE ( 'NONE', *, *, #2061, .T. ) ;
#2113 = CARTESIAN_POINT ( 'NONE',  ( -0.7154912965731130600, 1.318931950861184800, -1.098096566658160400 ) ) ;
#2114 = CARTESIAN_POINT ( 'NONE',  ( -1.732050807568877400, -3.181725716174720500E-016, 1.924999999999999600 ) ) ;
#2115 = DIRECTION ( 'NONE',  ( 1.000000000000000000, 0.0000000000000000000, 0.0000000000000000000 ) ) ;
#2116 = CARTESIAN_POINT ( 'NONE',  ( -0.04397730085139343900, 3.147671378627285900, -0.9702438667102183400 ) ) ;
#2117 = CIRCLE ( 'NONE', #622, 2.750000000000000000 ) ;
#2118 = CARTESIAN_POINT ( 'NONE',  ( 1.357050807568873400, 8.309539638847759200E-017, -1.075000000000000400 ) ) ;
#2119 = CARTESIAN_POINT ( 'NONE',  ( 0.7839330111725952800, -1.103617730058274300, -0.9918208202157496900 ) ) ;
#2120 = EDGE_LOOP ( 'NONE', ( #405, #2269, #2364, #965 ) ) ;
#2121 = CARTESIAN_POINT ( 'NONE',  ( -1.499999999999999300, -1.119920277198552600E-013, 0.4875000000000048700 ) ) ;
#2122 = CARTESIAN_POINT ( 'NONE',  ( -0.5511038927039690900, 1.395109164715308900, -1.108070029142962600 ) ) ;
#2123 = CONICAL_SURFACE ( 'NONE', #2369, 2.750000000000000000, 1.047197551196600100 ) ;
#2124 = CARTESIAN_POINT ( 'NONE',  ( 1.632947759663338200, -0.1716515141573258800, 2.165463804769037500 ) ) ;
#2125 = ORIENTED_EDGE ( 'NONE', *, *, #1820, .F. ) ;
#2126 = CARTESIAN_POINT ( 'NONE',  ( -0.06874999999999113800, 3.135733649536159600, 0.9768614993004483000 ) ) ;
#2127 = COORDINATED_UNIVERSAL_TIME_OFFSET ( 6, 0, .BEHIND. ) ;
#2128 = CARTESIAN_POINT ( 'NONE',  ( -1.499999999999999800, -0.4019237886466846500, -1.052670900630739500 ) ) ;
#2129 = CARTESIAN_POINT ( 'NONE',  ( 1.299038105676657300, 0.7499999999999998900, -0.2208333333333346000 ) ) ;
#2130 = CARTESIAN_POINT ( 'NONE',  ( -1.017788105676654900, -0.5876202367904166400, -0.7833333333333336600 ) ) ;
#2131 = CARTESIAN_POINT ( 'NONE',  ( -0.4071193946541828400, 1.280718923098829000, 0.9827745567982766300 ) ) ;
#2132 = ORIENTED_EDGE ( 'NONE', *, *, #1309, .F. ) ;
#2133 = EDGE_LOOP ( 'NONE', ( #1197, #1471, #2262, #2231 ) ) ;
#2134 = DIRECTION ( 'NONE',  ( 1.000000000000000000, 0.0000000000000000000, 0.0000000000000000000 ) ) ;
#2135 = CARTESIAN_POINT ( 'NONE',  ( -1.732050807568877400, -3.181725716174720500E-016, 0.9249999999999998200 ) ) ;
#2136 = DIRECTION ( 'NONE',  ( 0.0000000000000000000, 0.0000000000000000000, -1.000000000000000000 ) ) ;
#2137 = CARTESIAN_POINT ( 'NONE',  ( 0.6785254037844366000, 1.175240473580832400, -0.9916666666666669200 ) ) ;
#2138 = CARTESIAN_POINT ( 'NONE',  ( 2.749999999999997800, -1.502314598737158000E-015, 1.200000000000000000 ) ) ;
#2139 = CARTESIAN_POINT ( 'NONE',  ( -0.8660254037844377100, -1.499999999999999800, 0.5708333333333323000 ) ) ;
#2140 = CARTESIAN_POINT ( 'NONE',  ( 0.6785254037844370400, -1.175240473580832200, 1.341666666666666100 ) ) ;
#2141 = CARTESIAN_POINT ( 'NONE',  ( 1.732050807568877400, 1.060575238724907000E-016, 1.675000000000000000 ) ) ;
#2142 = CARTESIAN_POINT ( 'NONE',  ( 2.703974726230718300, 1.611921149040820700, -0.9702438667102184500 ) ) ;
#2143 = EDGE_CURVE ( 'NONE', #1335, #16, #2152, .T. ) ;
#2144 = ORIENTED_EDGE ( 'NONE', *, *, #572, .F. ) ;
#2145 = CARTESIAN_POINT ( 'NONE',  ( -1.017788105676654900, -0.5876202367904166400, 1.279166666666666300 ) ) ;
#2146 = CARTESIAN_POINT ( 'NONE',  ( 0.6785254037844366000, 1.175240473580832400, 0.008333333333332849200 ) ) ;
#2147 = B_SPLINE_CURVE_WITH_KNOTS ( 'NONE', 3,
 ( #34, #594, #1334, #1511, #607, #779, #1701, #795, #2087, #43, #1537, #2256, #417 ),
 .UNSPECIFIED., .F., .F.,
 ( 4, 3, 3, 3, 4 ),
 ( 1.660580130529797300E-016, 4.198837217665676100E-005, 8.410849014146680300E-005, 0.0001247285044140958100, 0.0001450865298741537200 ),
 .UNSPECIFIED. ) ;
#2148 = CARTESIAN_POINT ( 'NONE',  ( 0.6785254037844366000, 1.175240473580832400, 0.5083333333333328600 ) ) ;
#2149 = EDGE_LOOP ( 'NONE', ( #1024, #734, #1134, #187, #2056, #354, #951, #1244 ) ) ;
#2150 = CARTESIAN_POINT ( 'NONE',  ( -1.357050807568873400, -2.492861891654327400E-016, -1.262500000000000000 ) ) ;
#2151 = CARTESIAN_POINT ( 'NONE',  ( 0.0000000000000000000, 0.0000000000000000000, -1.200000000000000000 ) ) ;
#2152 =( BOUNDED_CURVE ( )  B_SPLINE_CURVE ( 2, ( #107, #1573, #1400, #266, #1411, #2139, #1752, #2319, #2121 ),
 .UNSPECIFIED., .F., .T. ) 
 B_SPLINE_CURVE_WITH_KNOTS ( ( 3, 2, 2, 2, 3 ),
 ( 0.2627501160395595000, 0.2734345408834522000, 0.2948041132104095600, 0.3161736855373668600, 0.3268584717008439800 ),
 .UNSPECIFIED. ) 
 CURVE ( )  GEOMETRIC_REPRESENTATION_ITEM ( )  RATIONAL_B_SPLINE_CURVE ( ( 0.9330127019688219100, 0.9330149671526035700, 1.000000000000000000, 0.8660254037844387100, 1.000000000000000000, 0.8660254037844387100, 1.000000000000000000, 0.9330127018922286200, 0.9330127018922194100 ) ) 
 REPRESENTATION_ITEM ( '' )  );
#2153 = ORIENTED_EDGE ( 'NONE', *, *, #306, .F. ) ;
#2154 = DIRECTION ( 'NONE',  ( 0.0000000000000000000, 0.0000000000000000000, 1.000000000000000000 ) ) ;
#2155 = CARTESIAN_POINT ( 'NONE',  ( 0.6785254037844366000, 1.175240473580832400, 0.5708333333333328600 ) ) ;
#2156 = CARTESIAN_POINT ( 'NONE',  ( -0.6785254037844372600, 1.175240473580831900, 0.09166666666666634100 ) ) ;
#2157 = DIRECTION ( 'NONE',  ( 0.0000000000000000000, 0.0000000000000000000, 1.000000000000000000 ) ) ;
#2158 = CARTESIAN_POINT ( 'NONE',  ( -1.499999999999999800, -0.4019237886466846500, 0.9473290993692601300 ) ) ;
#2159 = CARTESIAN_POINT ( 'NONE',  ( 1.439254484199185900E-016, -1.175240473580832200, 1.299999999999999600 ) ) ;
#2160 = EDGE_CURVE ( 'NONE', #1219, #233, #2188, .T. ) ;
#2161 = CARTESIAN_POINT ( 'NONE',  ( -2.878508968398371900E-016, 1.175240473580832200, -0.3875000000000002300 ) ) ;
#2162 = CARTESIAN_POINT ( 'NONE',  ( 1.299038105676657300, 0.7499999999999998900, -1.220833333333334500 ) ) ;
#2163 = ADVANCED_FACE ( 'NONE', ( #2362 ), #1783, .T. ) ;
#2164 = ORIENTED_EDGE ( 'NONE', *, *, #1775, .T. ) ;
#2165 = CARTESIAN_POINT ( 'NONE',  ( -1.017788105676655600, 0.5876202367904153100, 0.1958333333333330300 ) ) ;
#2166 = PLANE ( 'NONE',  #2003 ) ;
#2167 = EDGE_LOOP ( 'NONE', ( #872, #1354, #2164, #675, #903, #1963, #1635, #2259, #2405, #1776, #375, #1023, #1126, #1736, #1828 ) ) ;
#2168 = CARTESIAN_POINT ( 'NONE',  ( -3.673940397442058400E-016, 1.499999999999999300, 0.8624999999999989300 ) ) ;
#2169 = CARTESIAN_POINT ( 'NONE',  ( -2.750000000000001800, -1.261933435746937800, 1.045271863304301000 ) ) ;
#2170 = CC_DESIGN_PERSON_AND_ORGANIZATION_ASSIGNMENT ( #1192, #2201, ( #739 ) ) ;
#2171 = CARTESIAN_POINT ( 'NONE',  ( -0.6785254037844372600, 1.175240473580831900, -0.8458333333333335500 ) ) ;
#2172 = CARTESIAN_POINT ( 'NONE',  ( -0.8660254037844389300, 1.499999999999998900, -1.095833333333334500 ) ) ;
#2173 = CARTESIAN_POINT ( 'NONE',  ( -1.596476755055819900, 2.253700196256484700, 1.200000000000001700 ) ) ;
#2174 = CARTESIAN_POINT ( 'NONE',  ( 1.017788105676655100, 0.5876202367904161900, 1.529166666666666100 ) ) ;
#2175 = ADVANCED_FACE ( 'NONE', ( #2239 ), #1955, .T. ) ;
#2176 = CARTESIAN_POINT ( 'NONE',  ( 2.681249999999997700, -1.627406071278257900, 1.200000000000000000 ) ) ;
#2177 = ORIENTED_EDGE ( 'NONE', *, *, #2330, .T. ) ;
#2178 = EDGE_LOOP ( 'NONE', ( #436, #2408, #2070, #1104 ) ) ;
#2179 = CARTESIAN_POINT ( 'NONE',  ( -1.732050807568876300, -3.181725716174719000E-016, -2.012500000000001500 ) ) ;
#2180 = AXIS2_PLACEMENT_3D ( 'NONE', #1349, #1324, #1907 ) ;
#2181 = CARTESIAN_POINT ( 'NONE',  ( -0.6785254037844372600, 1.175240473580831900, 0.1541666666666664000 ) ) ;
#2182 = CARTESIAN_POINT ( 'NONE',  ( -0.4314196171422151600, 1.122685112325507100, -0.8466079570557987200 ) ) ;
#2183 = LINE ( 'NONE', #1486, #1837 ) ;
#2184 = CARTESIAN_POINT ( 'NONE',  ( -2.733401521897302500, -1.575300076611882800, 0.9662798097312864700 ) ) ;
#2185 = CARTESIAN_POINT ( 'NONE',  ( -0.01685444861799905200, -3.153826367001692200, 0.9668416760243296900 ) ) ;
#2186 = CIRCLE ( 'NONE', #1119, 2.750000000000000000 ) ;
#2187 = CARTESIAN_POINT ( 'NONE',  ( 1.357050807568873400, 8.309539638847759200E-017, -1.575000000000000600 ) ) ;
#2188 = CIRCLE ( 'NONE', #1571, 1.500000000000000200 ) ;
#2189 = CARTESIAN_POINT ( 'NONE',  ( 2.692526578293457500, 1.620341620726011500, 0.9734028246420924900 ) ) ;
#2190 = ORIENTED_EDGE ( 'NONE', *, *, #1854, .F. ) ;
#2191 = CARTESIAN_POINT ( 'NONE',  ( 2.467956445611843900, -1.750551162320670200, -1.045242999101400700 ) ) ;
#2192 = CARTESIAN_POINT ( 'NONE',  ( -2.692526578293460600, -1.620341620726009500, 0.9734028246420918200 ) ) ;
#2193 = CARTESIAN_POINT ( 'NONE',  ( 0.06874999999999001400, -3.135733649536157900, 0.9768614993004494100 ) ) ;
#2194 = EDGE_CURVE ( 'NONE', #1086, #26, #1698, .T. ) ;
#2195 = EDGE_LOOP ( 'NONE', ( #1613, #2024, #324, #488 ) ) ;
#2196 = CARTESIAN_POINT ( 'NONE',  ( -2.749520295504707300, -1.521625606803916900, -0.9734028246420918200 ) ) ;
#2197 = CARTESIAN_POINT ( 'NONE',  ( -1.091123778679257100, 0.6736872736282312200, -0.9286913265493136300 ) ) ;
#2198 = CARTESIAN_POINT ( 'NONE',  ( -1.375000000000000200, -2.381569860407206200, 1.200000000000000000 ) ) ;
#2199 = MANIFOLD_SOLID_BREP ( 'Cut-Extrude3', #1847 ) ;
#2200 = CARTESIAN_POINT ( 'NONE',  ( 0.7345564960551040900, 1.035000986939817600, -0.8962404320677014300 ) ) ;
#2201 = PERSON_AND_ORGANIZATION_ROLE ( 'classification_officer' ) ;
#2202 = DIRECTION ( 'NONE',  ( 0.0000000000000000000, 0.0000000000000000000, 1.000000000000000000 ) ) ;
#2203 = CARTESIAN_POINT ( 'NONE',  ( -1.017788105676655600, 0.5876202367904153100, -1.866666666666667100 ) ) ;
#2204 = CARTESIAN_POINT ( 'NONE',  ( -0.03841618364157424500, -3.149344744725302000, -0.9693170499885666000 ) ) ;
#2205 = DIRECTION ( 'NONE',  ( 0.7071067811865487900, 8.659560562354948900E-017, -0.7071067811865463500 ) ) ;
#2206 = CARTESIAN_POINT ( 'NONE',  ( 1.293958256229941700, -1.743066579297358400E-015, -0.9439582562299421200 ) ) ;
#2207 = ORIENTED_EDGE ( 'NONE', *, *, #402, .T. ) ;
#2208 = EDGE_CURVE ( 'NONE', #862, #1807, #344, .T. ) ;
#2209 = CARTESIAN_POINT ( 'NONE',  ( 1.836970198721029200E-016, -1.499999999999999300, 0.1124999999999988800 ) ) ;
#2210 = CARTESIAN_POINT ( 'NONE',  ( -1.399476200389795100, 0.4617249272409415500, -1.119067974366598100 ) ) ;
#2211 = VERTEX_POINT ( 'NONE', #1193 ) ;
#2212 = CARTESIAN_POINT ( 'NONE',  ( -1.175235580361204200, 0.003391371550646557700, -0.8252404735877665300 ) ) ;
#2213 = VECTOR ( 'NONE', #1798, 1000.000000000000000 ) ;
#2214 = CARTESIAN_POINT ( 'NONE',  ( -1.017788105676655600, 0.5876202367904153100, 0.1333333333333329700 ) ) ;
#2215 =( NAMED_UNIT ( * ) PLANE_ANGLE_UNIT ( ) SI_UNIT ( $, .RADIAN. ) );
#2216 = CARTESIAN_POINT ( 'NONE',  ( -1.017788105676655100, -0.5876202367904167500, -0.7208333333333321000 ) ) ;
#2217 = CONICAL_SURFACE ( 'NONE', #536, 2.750000000000000000, 1.047197551196600100 ) ;
#2218 = CARTESIAN_POINT ( 'NONE',  ( -0.06874999999978481700, 3.135733649536278600, -0.9768614993003821300 ) ) ;
#2219 = ORIENTED_EDGE ( 'NONE', *, *, #1034, .F. ) ;
#2220 = VERTEX_POINT ( 'NONE', #637 ) ;
#2221 = CARTESIAN_POINT ( 'NONE',  ( -2.681250000000010100, -1.627406071278250800, 0.9768614993004480800 ) ) ;
#2222 = CARTESIAN_POINT ( 'NONE',  ( -1.017788105676655100, -0.5876202367904167500, -0.2208333333333321300 ) ) ;
#2223 = EDGE_CURVE ( 'NONE', #1417, #262, #785, .T. ) ;
#2224 = ORIENTED_EDGE ( 'NONE', *, *, #642, .F. ) ;
#2225 = CARTESIAN_POINT ( 'NONE',  ( -1.017788105676655600, 0.5876202367904153100, -0.8666666666666670300 ) ) ;
#2226 = CARTESIAN_POINT ( 'NONE',  ( 1.374999999999998400, -2.381569860407207100, -1.200000000000000000 ) ) ;
#2227 = CARTESIAN_POINT ( 'NONE',  ( -3.673940397442060400E-016, 1.500000000000000200, -0.6999999999999998400 ) ) ;
#2228 = CARTESIAN_POINT ( 'NONE',  ( -2.878508968398371900E-016, 1.175240473580832400, 0.1125000000000013900 ) ) ;
#2229 = CARTESIAN_POINT ( 'NONE',  ( -1.017788105676654900, -0.5876202367904166400, 1.216666666666666300 ) ) ;
#2230 = CARTESIAN_POINT ( 'NONE',  ( 2.681249999999999500, 1.627406071278257000, 1.200000000000000000 ) ) ;
#2231 = ORIENTED_EDGE ( 'NONE', *, *, #149, .F. ) ;
#2232 = CARTESIAN_POINT ( 'NONE',  ( 1.500000000000000200, 0.4019237886466843200, -0.8026709006307396500 ) ) ;
#2233 = CARTESIAN_POINT ( 'NONE',  ( 1.357050807568873200, 8.309539638847758000E-017, -0.01249999999999874000 ) ) ;
#2234 = VECTOR ( 'NONE', #2205, 1000.000000000000000 ) ;
#2235 = CARTESIAN_POINT ( 'NONE',  ( 0.6785254037844366000, 1.175240473580832400, 0.5083333333333328600 ) ) ;
#2236 = PRODUCT_DEFINITION_FORMATION_WITH_SPECIFIED_SOURCE ( 'ANY', '', #432, .NOT_KNOWN. ) ;
#2237 = VECTOR ( 'NONE', #1017, 1000.000000000000000 ) ;
#2238 = DIRECTION ( 'NONE',  ( -1.000000000000000000, 0.0000000000000000000, 0.0000000000000000000 ) ) ;
#2239 = FACE_OUTER_BOUND ( 'NONE', #579, .T. ) ;
#2240 = CARTESIAN_POINT ( 'NONE',  ( 2.750000000000000000, -1.502314598737159200E-015, -1.200000000000000000 ) ) ;
#2241 = ORIENTED_EDGE ( 'NONE', *, *, #2194, .T. ) ;
#2242 = COORDINATED_UNIVERSAL_TIME_OFFSET ( 6, 0, .BEHIND. ) ;
#2243 = CARTESIAN_POINT ( 'NONE',  ( 0.6785254037844370400, -1.175240473580831900, -0.5958333333333321000 ) ) ;
#2244 = CARTESIAN_POINT ( 'NONE',  ( 1.357050807568873400, 8.309539638847759200E-017, -0.5750000000000002900 ) ) ;
#2245 = ORIENTED_EDGE ( 'NONE', *, *, #1719, .T. ) ;
#2246 = CARTESIAN_POINT ( 'NONE',  ( 1.238485479061078600, -1.400263485368877800E-014, 0.8884854790610791100 ) ) ;
#2247 = CARTESIAN_POINT ( 'NONE',  ( 2.722866528639650500, -1.591509564170812600, 0.9668416760243295800 ) ) ;
#2248 = CARTESIAN_POINT ( 'NONE',  ( 1.550000000000000300, 1.898202538678397700E-016, -1.200000000000000000 ) ) ;
#2249 = CARTESIAN_POINT ( 'NONE',  ( -1.017788105676655600, 0.5876202367904153100, -0.8041666666666670300 ) ) ;
#2250 = CARTESIAN_POINT ( 'NONE',  ( -2.878508968398371900E-016, 1.175240473580832200, 0.5499999999999997100 ) ) ;
#2251 = DIRECTION ( 'NONE',  ( 0.0000000000000000000, 0.0000000000000000000, 1.000000000000000000 ) ) ;
#2252 = CARTESIAN_POINT ( 'NONE',  ( 0.3754708205888683300, -1.113647984611304800, 0.8252404735808327500 ) ) ;
#2253 = DIRECTION ( 'NONE',  ( -0.0000000000000000000, -0.0000000000000000000, 1.000000000000000000 ) ) ;
#2254 = ORIENTED_EDGE ( 'NONE', *, *, #674, .T. ) ;
#2255 = CARTESIAN_POINT ( 'NONE',  ( 1.357050807568873400, 8.309539638847759200E-017, -1.512500000000000600 ) ) ;
#2256 = CARTESIAN_POINT ( 'NONE',  ( -2.750000000000000000, 1.514935828401252400, 0.9750267446543849900 ) ) ;
#2257 = CARTESIAN_POINT ( 'NONE',  ( -1.732050807568877400, -3.181725716174720500E-016, -1.575000000000000000 ) ) ;
#2258 = CARTESIAN_POINT ( 'NONE',  ( -0.8660254037844377100, -1.500000000000000000, -0.4291666666666677500 ) ) ;
#2259 = ORIENTED_EDGE ( 'NONE', *, *, #2314, .T. ) ;
#2260 = CARTESIAN_POINT ( 'NONE',  ( 1.499999999753692400, -2.718311538093122300E-005, -0.2625015101720891100 ) ) ;
#2261 = CARTESIAN_POINT ( 'NONE',  ( 1.500000000000000200, 2.033577675846917800E-016, 0.6750000000000000400 ) ) ;
#2262 = ORIENTED_EDGE ( 'NONE', *, *, #2208, .F. ) ;
#2263 = CARTESIAN_POINT ( 'NONE',  ( -2.878508968398371900E-016, 1.175240473580832200, -0.8875000000000002900 ) ) ;
#2264 = CARTESIAN_POINT ( 'NONE',  ( -2.697796744494884700, 1.616173372698731100, -0.9720293796441517000 ) ) ;
#2265 = VECTOR ( 'NONE', #2348, 1000.000000000000000 ) ;
#2266 = CARTESIAN_POINT ( 'NONE',  ( 0.8660254037844386000, 1.500000000000000400, -1.241666666666666500 ) ) ;
#2267 = CARTESIAN_POINT ( 'NONE',  ( -0.8660254037844389300, 1.499999999999998900, -0.09583333333333449200 ) ) ;
#2268 = CARTESIAN_POINT ( 'NONE',  ( -0.8660254037844377100, -1.499999999999999800, -0.4291666666666677500 ) ) ;
#2269 = ORIENTED_EDGE ( 'NONE', *, *, #591, .T. ) ;
#2270 = ORIENTED_EDGE ( 'NONE', *, *, #704, .T. ) ;
#2271 = B_SPLINE_CURVE_WITH_KNOTS ( 'NONE', 3,
 ( #219, #592, #1371, #1559 ),
 .UNSPECIFIED., .F., .F.,
 ( 4, 4 ),
 ( 8.201406283564425800E-005, 0.001606744326298686600 ),
 .UNSPECIFIED. ) ;
#2272 = DIRECTION ( 'NONE',  ( -0.7071067811865487900, 8.659560562354948900E-017, 0.7071067811865463500 ) ) ;
#2273 = CARTESIAN_POINT ( 'NONE',  ( 1.357050807568873400, 8.309539638847759200E-017, -0.5125000000000002900 ) ) ;
#2274 = CARTESIAN_POINT ( 'NONE',  ( -2.686972912498300400, 1.624101946206866400, -0.9750267446545009000 ) ) ;
#2275 = CARTESIAN_POINT ( 'NONE',  ( 1.732050807568877400, 1.060575238724907000E-016, 0.1749999999999999900 ) ) ;
#2276 = EDGE_LOOP ( 'NONE', ( #1061, #2287, #453, #1262 ) ) ;
#2277 = CARTESIAN_POINT ( 'NONE',  ( -3.673940397442058400E-016, 1.499999999999999300, 1.362499999999998900 ) ) ;
#2278 = EDGE_CURVE ( 'NONE', #1041, #1086, #839, .T. ) ;
#2279 = CARTESIAN_POINT ( 'NONE',  ( -2.749999999999999600, 1.016773019940359100, 1.100750552081947600 ) ) ;
#2280 = CARTESIAN_POINT ( 'NONE',  ( -1.500000000000000200, 0.0000000000000000000, 5.442640687119285800 ) ) ;
#2281 = CARTESIAN_POINT ( 'NONE',  ( -1.357050807568873400, -2.492861891654327400E-016, 0.7374999999999993800 ) ) ;
#2282 = CARTESIAN_POINT ( 'NONE',  ( -2.708204462386341000, 1.607941763312706700, -0.9693170499885660500 ) ) ;
#2283 = AXIS2_PLACEMENT_3D ( 'NONE', #1666, #1468, #921 ) ;
#2284 = CARTESIAN_POINT ( 'NONE',  ( -3.673940397442060400E-016, 1.500000000000000200, -0.6999999999999998400 ) ) ;
#2285 = CARTESIAN_POINT ( 'NONE',  ( -1.732050807568876300, -3.181725716174719000E-016, -0.5125000000000011800 ) ) ;
#2286 = APPROVAL ( #727, 'UNSPECIFIED' ) ;
#2287 = ORIENTED_EDGE ( 'NONE', *, *, #1889, .F. ) ;
#2288 = B_SPLINE_CURVE_WITH_KNOTS ( 'NONE', 3,
 ( #1615, #1818, #480, #849, #2191, #693 ),
 .UNSPECIFIED., .F., .F.,
 ( 4, 2, 4 ),
 ( 0.001606744326298686400, 0.002366164154470837200, 0.003125583982642987700 ),
 .UNSPECIFIED. ) ;
#2289 = CARTESIAN_POINT ( 'NONE',  ( -1.017788105676654900, -0.5876202367904166400, -1.783333333333333700 ) ) ;
#2290 = CARTESIAN_POINT ( 'NONE',  ( 0.4963635635409131600, -2.888850843516671300, -1.113953578308255000 ) ) ;
#2291 = LINE ( 'NONE', #776, #1950 ) ;
#2292 = CARTESIAN_POINT ( 'NONE',  ( 0.8660254037844392600, -1.500000000000000000, -1.408333333333333200 ) ) ;
#2293 = CARTESIAN_POINT ( 'NONE',  ( 1.836970198721029200E-016, -1.499999999999999300, -0.3875000000000011200 ) ) ;
#2294 = CARTESIAN_POINT ( 'NONE',  ( 0.06874999999279179900, 3.135733649540316700, -0.9768614992981562400 ) ) ;
#2295 = ORIENTED_EDGE ( 'NONE', *, *, #1566, .F. ) ;
#2296 = AXIS2_PLACEMENT_3D ( 'NONE', #1102, #1971, #483 ) ;
#2297 = FACE_OUTER_BOUND ( 'NONE', #781, .T. ) ;
#2298 = CARTESIAN_POINT ( 'NONE',  ( -2.750000000000000000, 1.502314598737159600E-015, -1.200000000000000000 ) ) ;
#2299 = CARTESIAN_POINT ( 'NONE',  ( 1.017788105676655300, -0.5876202367904158600, 1.445833333333332900 ) ) ;
#2300 = CARTESIAN_POINT ( 'NONE',  ( -0.7252129949499639400, 1.147315720270847300, 0.9963164961429912300 ) ) ;
#2301 = EDGE_LOOP ( 'NONE', ( #975, #750, #1552, #1720 ) ) ;
#2302 = DATE_AND_TIME ( #2065, #931 ) ;
#2303 = CARTESIAN_POINT ( 'NONE',  ( 2.749999999999997800, -1.508327578257957500, -0.9768614993004353100 ) ) ;
#2304 = CARTESIAN_POINT ( 'NONE',  ( 1.439254484199185900E-016, -1.175240473580832200, -1.137500000000000200 ) ) ;
#2305 = CARTESIAN_POINT ( 'NONE',  ( -0.03841618364191833100, 3.149344744725203400, 0.9693170499886212300 ) ) ;
#2306 = CARTESIAN_POINT ( 'NONE',  ( 1.836970198721029200E-016, -1.499999999999999300, 1.112499999999998700 ) ) ;
#2307 = CARTESIAN_POINT ( 'NONE',  ( 1.500000000000000200, -0.4019237886466838800, 0.6526709006307398500 ) ) ;
#2308 = CARTESIAN_POINT ( 'NONE',  ( -0.6785254037844372600, 1.175240473580831900, 1.654166666666666300 ) ) ;
#2309 = CARTESIAN_POINT ( 'NONE',  ( 0.9921060239618558800, 0.8154853983282370800, 0.9226132431716467200 ) ) ;
#2310 = ORIENTED_EDGE ( 'NONE', *, *, #2278, .T. ) ;
#2311 = CARTESIAN_POINT ( 'NONE',  ( -0.4437077682464128400, 1.433878888215422800, -1.114292542673503100 ) ) ;
#2312 = CARTESIAN_POINT ( 'NONE',  ( 1.732050807568877400, 1.060575238724907000E-016, 0.6750000000000001600 ) ) ;
#2313 = DIRECTION ( 'NONE',  ( 0.0000000000000000000, 0.0000000000000000000, -1.000000000000000000 ) ) ;
#2314 = EDGE_CURVE ( 'NONE', #860, #1335, #1209, .T. ) ;
#2315 = CARTESIAN_POINT ( 'NONE',  ( -0.002450876019185743500, 3.154845195012051300, -0.9662798097312870200 ) ) ;
#2316 = CARTESIAN_POINT ( 'NONE',  ( -0.6785254037844362700, -1.175240473580832400, -1.241666666666666900 ) ) ;
#2317 = DIRECTION ( 'NONE',  ( -5.462962177226034500E-016, -1.000000000000000000, 0.0000000000000000000 ) ) ;
#2318 = ORIENTED_EDGE ( 'NONE', *, *, #1906, .F. ) ;
#2319 = CARTESIAN_POINT ( 'NONE',  ( -1.499999999999968900, -0.4019237886467360600, 0.5098290993692618000 ) ) ;
#2320 = CARTESIAN_POINT ( 'NONE',  ( 0.9400669065857881800, 0.9100094879827535000, 1.989526474115977100 ) ) ;
#2321 = CARTESIAN_POINT ( 'NONE',  ( 0.6785254037844370400, -1.175240473580832200, -1.595833333333333700 ) ) ;
#2322 = CARTESIAN_POINT ( 'NONE',  ( 2.730950645878114100, 1.579545118400166500, -0.9662798097312873500 ) ) ;
#2323 = LINE ( 'NONE', #936, #427 ) ;
#2324 = CARTESIAN_POINT ( 'NONE',  ( -1.017788105676655600, 0.5876202367904153100, -0.8666666666666670300 ) ) ;
#2325 = CARTESIAN_POINT ( 'NONE',  ( 0.1093988610186731000, 1.320483467886316400, 0.9638169343001111700 ) ) ;
#2326 = EDGE_LOOP ( 'NONE', ( #1191, #2177, #473, #2219 ) ) ;
#2327 = VERTEX_POINT ( 'NONE', #130 ) ;
#2328 = CARTESIAN_POINT ( 'NONE',  ( 0.6785254037844370400, -1.175240473580832200, 0.8416666666666663400 ) ) ;
#2329 = LINE ( 'NONE', #1436, #2265 ) ;
#2330 = EDGE_CURVE ( 'NONE', #32, #1041, #21, .T. ) ;
#2331 = CARTESIAN_POINT ( 'NONE',  ( -1.299038105676658900, 0.7499999999999990000, 0.8833333333333334100 ) ) ;
#2332 = CARTESIAN_POINT ( 'NONE',  ( 0.002450876019102256500, 3.154845195012080600, 0.9662798097312708100 ) ) ;
#2333 =( BOUNDED_CURVE ( )  B_SPLINE_CURVE ( 2, ( #1979, #2158, #114, #301, #1609, #489, #1802, #1054, #1990 ),
 .UNSPECIFIED., .F., .T. ) 
 B_SPLINE_CURVE_WITH_KNOTS ( ( 3, 2, 2, 2, 3 ),
 ( 0.6562500000000000000, 0.6666666666666666300, 0.6875000000000000000, 0.7083333333333333700, 0.7127812069253766100 ),
 .UNSPECIFIED. ) 
 CURVE ( )  GEOMETRIC_REPRESENTATION_ITEM ( )  RATIONAL_B_SPLINE_CURVE ( ( 0.9330127018922194100, 0.9330127018922194100, 1.000000000000000000, 0.8660254037844387100, 1.000000000000000000, 0.8660254037844387100, 1.000000000000000000, 0.9713967007114310300, 0.9550068919397518600 ) ) 
 REPRESENTATION_ITEM ( '' )  );
#2334 = AXIS2_PLACEMENT_3D ( 'NONE', #2151, #269, #1796 ) ;
#2335 = CARTESIAN_POINT ( 'NONE',  ( 1.357050807568873400, 8.309539638847759200E-017, -0.07500000000000040000 ) ) ;
#2336 = CARTESIAN_POINT ( 'NONE',  ( 0.2004775651235556300, -1.278992599433052200, 0.9409813814496285100 ) ) ;
#2337 = B_SPLINE_CURVE_WITH_KNOTS ( 'NONE', 3,
 ( #1911, #425, #577, #953, #23, #1326, #2309, #652, #1170, #1554, #2325, #1021, #2131, #2300, #1761, #1373, #996, #255 ),
 .UNSPECIFIED., .F., .F.,
 ( 4, 2, 2, 2, 2, 2, 2, 2, 4 ),
 ( 0.001499223644532218400, 0.001757277830867200600, 0.002015332017202182700, 0.002531440389872147000, 0.003047548762542110800, 0.003563657135212074200, 0.004079765507882037600, 0.004595873880552001400, 0.005628090625891929100 ),
 .UNSPECIFIED. ) ;
#2338 = VERTEX_POINT ( 'NONE', #662 ) ;
#2339 = ORIENTED_EDGE ( 'NONE', *, *, #1034, .T. ) ;
#2340 = CARTESIAN_POINT ( 'NONE',  ( -1.500000000000000200, -6.391244124090313400E-016, -0.07499999999999998300 ) ) ;
#2341 = CARTESIAN_POINT ( 'NONE',  ( 1.028901302187329400, 0.6365653954490402300, 1.970137244232059900 ) ) ;
#2342 = CARTESIAN_POINT ( 'NONE',  ( -0.6785254037844362700, -1.175240473580832400, -1.179166666666666900 ) ) ;
#2343 = ORIENTED_EDGE ( 'NONE', *, *, #12, .F. ) ;
#2344 = CARTESIAN_POINT ( 'NONE',  ( 0.6785254037844366000, 1.175240473580832400, 0.07083333333333290100 ) ) ;
#2345 = CARTESIAN_POINT ( 'NONE',  ( -2.878508968398371900E-016, 1.175240473580832200, 0.04999999999999969700 ) ) ;
#2346 = CARTESIAN_POINT ( 'NONE',  ( 1.389781306986480400, -0.5398107901785678100, 1.137710107184452400 ) ) ;
#2347 =( BOUNDED_CURVE ( )  B_SPLINE_CURVE ( 2, ( #1535, #442, #59, #1002, #598, #1360, #976, #2307, #1908 ),
 .UNSPECIFIED., .F., .T. ) 
 B_SPLINE_CURVE_WITH_KNOTS ( ( 3, 2, 2, 2, 3 ),
 ( 0.5312500000000000000, 0.5416666666666666300, 0.5625000000000000000, 0.5833333333333333700, 0.5937500000000000000 ),
 .UNSPECIFIED. ) 
 CURVE ( )  GEOMETRIC_REPRESENTATION_ITEM ( )  RATIONAL_B_SPLINE_CURVE ( ( 0.9330127018922194100, 0.9330127018922194100, 1.000000000000000000, 0.8660254037844387100, 1.000000000000000000, 0.8660254037844387100, 1.000000000000000000, 0.9330127018922194100, 0.9330127018922194100 ) ) 
 REPRESENTATION_ITEM ( '' )  );
#2348 = DIRECTION ( 'NONE',  ( 0.0000000000000000000, 0.0000000000000000000, -1.000000000000000000 ) ) ;
#2349 = CARTESIAN_POINT ( 'NONE',  ( -0.6785254037844372600, 1.175240473580831900, 0.5916666666666661200 ) ) ;
#2350 = CARTESIAN_POINT ( 'NONE',  ( 1.017788105676655100, 0.5876202367904161900, -0.9708333333333336600 ) ) ;
#2351 = CARTESIAN_POINT ( 'NONE',  ( 1.836970198721029200E-016, -1.499999999999999300, -0.8875000000000011800 ) ) ;
#2352 = EDGE_CURVE ( 'NONE', #610, #1417, #2329, .T. ) ;
#2353 = CARTESIAN_POINT ( 'NONE',  ( 1.500000000000000200, 1.836970198721030200E-016, 5.442640687119285800 ) ) ;
#2354 = CARTESIAN_POINT ( 'NONE',  ( -2.878508968398371900E-016, 1.175240473580832200, 0.1124999999999997500 ) ) ;
#2355 = CARTESIAN_POINT ( 'NONE',  ( 0.3954626694373810100, -1.262040854465805700, 0.9689986523823760400 ) ) ;
#2356 = EDGE_LOOP ( 'NONE', ( #154, #1517, #590, #2030 ) ) ;
#2357 = CARTESIAN_POINT ( 'NONE',  ( -2.878508968398371900E-016, 1.175240473580832200, 1.049999999999999800 ) ) ;
#2358 = CARTESIAN_POINT ( 'NONE',  ( 0.8660254037844387100, -1.499999999999998900, -1.845833333333334800 ) ) ;
#2359 = ADVANCED_FACE ( 'NONE', ( #1842 ), #468, .T. ) ;
#2360 = CARTESIAN_POINT ( 'NONE',  ( -0.6785254037844372600, 1.175240473580831900, 1.654166666666666300 ) ) ;
#2361 = CARTESIAN_POINT ( 'NONE',  ( -1.299038105676657100, -0.7500000000000003300, -0.9708333333333345500 ) ) ;
#2362 = FACE_OUTER_BOUND ( 'NONE', #2396, .T. ) ;
#2363 = CARTESIAN_POINT ( 'NONE',  ( -1.499999999999999300, -6.391244124090313400E-016, 0.9874999999999986000 ) ) ;
#2364 = ORIENTED_EDGE ( 'NONE', *, *, #845, .T. ) ;
#2365 = CARTESIAN_POINT ( 'NONE',  ( -2.750000000000001800, -1.508327578257955300, -0.9768614993004339800 ) ) ;
#2366 = EDGE_CURVE ( 'NONE', #530, #894, #961, .T. ) ;
#2367 = CARTESIAN_POINT ( 'NONE',  ( -1.299038105676657100, -0.7500000000000003300, -1.470833333333334300 ) ) ;
#2368 = CARTESIAN_POINT ( 'NONE',  ( 1.017788105676655100, 0.5876202367904161900, 1.029166666666666600 ) ) ;
#2369 = AXIS2_PLACEMENT_3D ( 'NONE', #135, #2157, #299 ) ;
#2370 = CARTESIAN_POINT ( 'NONE',  ( 1.299038105676657300, 0.7499999999999998900, 0.7791666666666656700 ) ) ;
#2371 = CARTESIAN_POINT ( 'NONE',  ( -2.750000000000000000, 1.502314598737159600E-015, -1.200000000000000000 ) ) ;
#2372 = CARTESIAN_POINT ( 'NONE',  ( 0.6785254037844366000, 1.175240473580832400, -1.491666666666666900 ) ) ;
#2373 = CARTESIAN_POINT ( 'NONE',  ( -1.375000000000000200, -2.381569860407206200, -1.200000000000000000 ) ) ;
#2374 = CARTESIAN_POINT ( 'NONE',  ( -1.017788105676655600, 0.5876202367904153100, -0.3666666666666670300 ) ) ;
#2375 = B_SPLINE_CURVE_WITH_KNOTS ( 'NONE', 3,
 ( #2036, #1289, #699, #2210, #1078, #172, #1276, #1477 ),
 .UNSPECIFIED., .F., .F.,
 ( 4, 2, 2, 4 ),
 ( 0.007192264916144112300, 0.007540912335156739500, 0.007889559754169366700, 0.008586854592194619400 ),
 .UNSPECIFIED. ) ;
#2376 = EDGE_CURVE ( 'NONE', #1639, #233, #2333, .T. ) ;
#2377 = CARTESIAN_POINT ( 'NONE',  ( -1.174782500483942900, 0.1604002939146460800, -0.8252404735877667500 ) ) ;
#2378 = CARTESIAN_POINT ( 'NONE',  ( 0.06302708750128339900, -3.139037774607834400, 0.9750267446543843300 ) ) ;
#2379 = ORIENTED_EDGE ( 'NONE', *, *, #2278, .F. ) ;
#2380 = ADVANCED_FACE ( 'NONE', ( #1886 ), #347, .T. ) ;
#2381 = CARTESIAN_POINT ( 'NONE',  ( 1.153523244942823200, 2.509439524558712000, -1.200000000000001700 ) ) ;
#2382 = CARTESIAN_POINT ( 'NONE',  ( -0.05699371721153406000, -3.141967227529816100, -0.9734028246421558800 ) ) ;
#2383 = CARTESIAN_POINT ( 'NONE',  ( -1.550000000000000300, 0.0000000000000000000, -1.200000000000000000 ) ) ;
#2384 = PLANE ( 'NONE',  #987 ) ;
#2385 = CONICAL_SURFACE ( 'NONE', #1503, 1.550000000000000300, 0.7853981633974500600 ) ;
#2386 = DIRECTION ( 'NONE',  ( -0.8660254037844389300, -0.4999999999999995000, 0.0000000000000000000 ) ) ;
#2387 = CARTESIAN_POINT ( 'NONE',  ( 1.299038105676657600, -0.7499999999999993300, 0.1958333333333321400 ) ) ;
#2388 = CYLINDRICAL_SURFACE ( 'NONE', #1290, 1.500000000000000200 ) ;
#2389 = CARTESIAN_POINT ( 'NONE',  ( -2.742675273082499000, -1.554627620251533700, -0.9675527327946263900 ) ) ;
#2390 = DIRECTION ( 'NONE',  ( 0.0000000000000000000, 0.0000000000000000000, -1.000000000000000000 ) ) ;
#2391 = COORDINATED_UNIVERSAL_TIME_OFFSET ( 6, 0, .BEHIND. ) ;
#2392 = CARTESIAN_POINT ( 'NONE',  ( 2.681249999999363500, -1.627406071278624200, 0.9768614993006551300 ) ) ;
#2393 = ADVANCED_FACE ( 'NONE', ( #1458 ), #1845, .F. ) ;
#2394 = B_SPLINE_CURVE_WITH_KNOTS ( 'NONE', 3,
 ( #1461, #2381, #882, #1832, #1093, #2031 ),
 .UNSPECIFIED., .F., .F.,
 ( 4, 2, 4 ),
 ( 0.001606744326298686600, 0.002366164154470837600, 0.003125583982642989000 ),
 .UNSPECIFIED. ) ;
#2395 = SECURITY_CLASSIFICATION_LEVEL ( 'unclassified' ) ;
#2396 = EDGE_LOOP ( 'NONE', ( #2025, #958, #300, #24 ) ) ;
#2397 = ORIENTED_EDGE ( 'NONE', *, *, #1476, .T. ) ;
#2398 = VERTEX_POINT ( 'NONE', #1101 ) ;
#2399 = CARTESIAN_POINT ( 'NONE',  ( -2.703974726230720500, -1.611921149040819200, -0.9702438667102180100 ) ) ;
#2400 = CARTESIAN_POINT ( 'NONE',  ( 0.0000000000000000000, 0.0000000000000000000, 1.200000000000000000 ) ) ;
#2401 = AXIS2_PLACEMENT_3D ( 'NONE', #156, #1660, #905 ) ;
#2402 = CARTESIAN_POINT ( 'NONE',  ( 1.439254484199185900E-016, -1.175240473580832200, 0.2999999999999997100 ) ) ;
#2403 = CARTESIAN_POINT ( 'NONE',  ( -1.017788105676655600, 0.5876202367904153100, -1.804166666666666900 ) ) ;
#2404 = CARTESIAN_POINT ( 'NONE',  ( -1.017788105676654900, -0.5876202367904166400, -1.783333333333333700 ) ) ;
#2405 = ORIENTED_EDGE ( 'NONE', *, *, #2143, .T. ) ;
#2406 = CARTESIAN_POINT ( 'NONE',  ( 2.717684649104021400, 1.597912650695100700, 0.9675527327946276100 ) ) ;
#2407 = CARTESIAN_POINT ( 'NONE',  ( 1.136873718321517000, 0.5788173881642733100, -0.9200592000391255600 ) ) ;
#2408 = ORIENTED_EDGE ( 'NONE', *, *, #1082, .T. ) ;
#2409 = CARTESIAN_POINT ( 'NONE',  ( -0.6785254037844363800, -1.175240473580832400, -0.6791666666666652500 ) ) ;
#2410 = CARTESIAN_POINT ( 'NONE',  ( -0.6785254037844362700, -1.175240473580832400, -0.2416666666666669500 ) ) ;
#2411 = CARTESIAN_POINT ( 'NONE',  ( -0.6785254037844372600, 1.175240473580831900, 1.591666666666666100 ) ) ;
#2412 = CARTESIAN_POINT ( 'NONE',  ( 2.749520295504720700, -1.521625606803682200, 0.9734028246421510000 ) ) ;
#2413 = CARTESIAN_POINT ( 'NONE',  ( 0.6785254037844366000, 1.175240473580832400, 0.5708333333333343000 ) ) ;
#2414 = CYLINDRICAL_SURFACE ( 'NONE', #1522, 1.500000000000000200 ) ;
#2415 = CARTESIAN_POINT ( 'NONE',  ( 1.017788105676655300, -0.5876202367904158600, -1.116666666666667100 ) ) ;
#2416 = EDGE_LOOP ( 'NONE', ( #661, #1069, #1367, #55 ) ) ;
ENDSEC;
END-ISO-10303-21;
