ISO-10303-21;
HEADER;
FILE_DESCRIPTION (( 'STEP AP203' ),
    '1' );
FILE_NAME ('93115K871_Load-Rated Threaded Bumper.STEP',
    '2021-09-08T22:34:15',
    ( 'Administrator' ),
    ( 'Managed by Terraform' ),
    'SwSTEP 2.0',
    'SolidWorks 2017',
    '' );
FILE_SCHEMA (( 'CONFIG_CONTROL_DESIGN' ));
ENDSEC;

DATA;
#1 = CIRCLE ( 'NONE', #2126, 3.166666666666682900 ) ;
#2 = AXIS2_PLACEMENT_3D ( 'NONE', #1290, #1965, #1613 ) ;
#3 = CARTESIAN_POINT ( 'NONE',  ( 1.017787866537917900, -1.645833300948407900, -0.5876206509906427600 ) ) ;
#4 = CARTESIAN_POINT ( 'NONE',  ( -0.6785249255070874300, 3.083333365718258000, 1.175240749714245900 ) ) ;
#5 = CARTESIAN_POINT ( 'NONE',  ( -1.299038410897458900, 4.270833365718258000, -0.7499994713418151000 ) ) ;
#6 = AXIS2_PLACEMENT_3D ( 'NONE', #2279, #1714, #1691 ) ;
#7 = CARTESIAN_POINT ( 'NONE',  ( 0.6785249255070866500, -6.104166634281740200, -1.175240749714245000 ) ) ;
#8 = CARTESIAN_POINT ( 'NONE',  ( -4.000000000000029300, 7.999999999999988500, 0.0000000000000000000 ) ) ;
#9 = CARTESIAN_POINT ( 'NONE',  ( -4.782772882819589800E-007, -0.06249996761507458500, -1.175240473580724300 ) ) ;
#10 = CARTESIAN_POINT ( 'NONE',  ( 1.017788344815205900, 2.208333365718259300, 0.5876198225900816100 ) ) ;
#11 = CARTESIAN_POINT ( 'NONE',  ( 1.499999999999997600, -3.459829082723613800, 0.4019234615119184900 ) ) ;
#12 = CARTESIAN_POINT ( 'NONE',  ( -1.499999999999993800, -2.727670883985080500, 0.4019241157814813500 ) ) ;
#13 = CARTESIAN_POINT ( 'NONE',  ( -0.6785258820616625300, -1.520833300948407900, -1.175240197447203300 ) ) ;
#14 = ORIENTED_EDGE ( 'NONE', *, *, #1894, .F. ) ;
#15 = CARTESIAN_POINT ( 'NONE',  ( -0.8660260142261849700, -4.770833300948409000, -1.499999647561126400 ) ) ;
#16 = CARTESIAN_POINT ( 'NONE',  ( 0.6785258820616624200, 3.166666699051591000, 1.175240197447204400 ) ) ;
#17 = ORIENTED_EDGE ( 'NONE', *, *, #2862, .F. ) ;
#18 = CARTESIAN_POINT ( 'NONE',  ( 0.8660260142261843000, 4.979166699051590200, 1.499999647561126800 ) ) ;
#19 = ADVANCED_FACE ( 'NONE', ( #2254 ), #3532, .T. ) ;
#20 = CARTESIAN_POINT ( 'NONE',  ( 1.357050807568748400, -3.687499967615074100, -5.522670417802541100E-007 ) ) ;
#21 = CARTESIAN_POINT ( 'NONE',  ( 1.357050807568748400, 0.8125000323849254100, -5.522670417802541100E-007 ) ) ;
#22 = CARTESIAN_POINT ( 'NONE',  ( -1.357050807568750000, 3.000000032384925400, 5.522670419464453600E-007 ) ) ;
#23 = CARTESIAN_POINT ( 'NONE',  ( 0.4750392870043915200, 0.1000000000000082900, -1.422792211042193800 ) ) ;
#24 = CARTESIAN_POINT ( 'NONE',  ( -1.499999999999998900, -4.187500001528508900, 1.307299934472964400E-015 ) ) ;
#25 = CARTESIAN_POINT ( 'NONE',  ( 6.104418183075160400E-007, -2.624999967615060400, 1.499999999999867700 ) ) ;
#26 = CARTESIAN_POINT ( 'NONE',  ( 1.499999999999998400, -5.437500001528508900, -9.005843993035976600E-016 ) ) ;
#27 = CARTESIAN_POINT ( 'NONE',  ( -1.122210431248895400, 0.2261227177227357100, 0.8112065693563763600 ) ) ;
#28 = CARTESIAN_POINT ( 'NONE',  ( -0.6785258820616632000, 3.916666699051591500, -1.175240197447204200 ) ) ;
#29 = CARTESIAN_POINT ( 'NONE',  ( -0.8660247933425482300, 3.895833365718259300, 1.500000352438622500 ) ) ;
#30 = VERTEX_POINT ( 'NONE', #24 ) ;
#31 = CARTESIAN_POINT ( 'NONE',  ( 0.6785258820616618700, -5.770833300948408100, 1.175240197447203500 ) ) ;
#32 = CARTESIAN_POINT ( 'NONE',  ( 1.357050807568748400, -1.187499967615074800, -5.522670417802541100E-007 ) ) ;
#33 = ORIENTED_EDGE ( 'NONE', *, *, #881, .F. ) ;
#34 = CARTESIAN_POINT ( 'NONE',  ( 1.357050807568749500, 2.250000032384925000, -5.522670417802544300E-007 ) ) ;
#35 = CARTESIAN_POINT ( 'NONE',  ( 2.104855772662694300E-015, 0.8333333333333018400, 0.0000000000000000000 ) ) ;
#36 = CARTESIAN_POINT ( 'NONE',  ( 1.124999999999995300, -6.000000000000001800, 1.377727649040767200E-016 ) ) ;
#37 = FACE_OUTER_BOUND ( 'NONE', #3014, .T. ) ;
#38 = ADVANCED_FACE ( 'NONE', ( #465 ), #2839, .F. ) ;
#39 = CARTESIAN_POINT ( 'NONE',  ( 3.166666666666693600, 7.999999999999984900, 3.878048197299982300E-016 ) ) ;
#40 = CARTESIAN_POINT ( 'NONE',  ( -1.357050807568750000, 2.500000032384925000, 5.522670419464453600E-007 ) ) ;
#41 = CARTESIAN_POINT ( 'NONE',  ( -1.499999999999992000, -1.750000001528494700, 1.307299934472964400E-015 ) ) ;
#42 = CARTESIAN_POINT ( 'NONE',  ( -1.299038410897458900, 6.270833365718258000, -0.7499994713418151000 ) ) ;
#43 = LOCAL_TIME ( 17, 34, 15.00000000000000000, #3637 ) ;
#44 = CARTESIAN_POINT ( 'NONE',  ( -4.782772882819589800E-007, -4.062499967615074100, -1.175240473580724300 ) ) ;
#45 = EDGE_CURVE ( 'NONE', #1217, #3131, #3679, .T. ) ;
#46 = CARTESIAN_POINT ( 'NONE',  ( -0.6785249255070867600, -1.354166634281741300, 1.175240749714245200 ) ) ;
#47 = CARTESIAN_POINT ( 'NONE',  ( 4.782772877150562400E-007, 1.625000032384926100, 1.175240473580725100 ) ) ;
#48 = DIRECTION ( 'NONE',  ( -1.000000000000000000, -6.162833401496504800E-016, 0.0000000000000000000 ) ) ;
#49 = CARTESIAN_POINT ( 'NONE',  ( 1.499999999999991800, -4.500000001528493800, 2.817957636530612800E-015 ) ) ;
#50 = CARTESIAN_POINT ( 'NONE',  ( -1.124999999999996200, -6.000000000000001800, 0.0000000000000000000 ) ) ;
#51 = CARTESIAN_POINT ( 'NONE',  ( 1.017788344815205900, 5.708333365718258900, 0.5876198225900816100 ) ) ;
#52 = CARTESIAN_POINT ( 'NONE',  ( 1.499999999999991600, -1.528494707537058800E-009, -9.005843993035976600E-016 ) ) ;
#53 = CARTESIAN_POINT ( 'NONE',  ( -6.104418189141934300E-007, 3.687500032384924500, -1.499999999999874800 ) ) ;
#54 = AXIS2_PLACEMENT_3D ( 'NONE', #4068, #3123, #314 ) ;
#55 = ORIENTED_EDGE ( 'NONE', *, *, #2024, .F. ) ;
#56 = CARTESIAN_POINT ( 'NONE',  ( -1.017788344815205900, -5.479166634281740200, -0.5876198225900807200 ) ) ;
#57 = CARTESIAN_POINT ( 'NONE',  ( 1.017788344815205200, -0.7291666342817415500, 0.5876198225900811600 ) ) ;
#58 = CARTESIAN_POINT ( 'NONE',  ( -1.017788344815206500, 4.458333365718258000, -0.5876198225900811600 ) ) ;
#59 = CARTESIAN_POINT ( 'NONE',  ( -3.460191456820336100E-016, -5.999999999999998200, 0.0000000000000000000 ) ) ;
#60 = VERTEX_POINT ( 'NONE', #954 ) ;
#61 =( BOUNDED_SURFACE ( )  B_SPLINE_SURFACE ( 1, 2, ( 
 ( #780, #2044, #3292, #1401, #1086, #3599, #1416, #1751, #441, #1723, #2385, #3613, #822, #2031, #1134, #454, #1460, #2648, #3924, #155, #140, #2355, #470, #2979, #1104, #3306, #1432, #3628, #3939, #2060, #1507, #871, #189, #1477, #2711, #855, #3060, #3994, #3359, #1167, #2402, #1183, #1828, #4008, #3388, #2105, #2432, #3046, #3674, #1798, #3704, #4025, #2123, #2137, #840, #2446, #205, #3373, #2418, #221, #521, #3028, #1493, #236, #3688, #554, #1813, #1150, #2743, #538, #2725, #1744, #2426, #3040, #3683, #1471, #3668, #2117, #3315, #2674, #3367, #2720, #1774, #2378, #1097, #1487, #2737, #532, #3965, #799, #866, #215, #2083, #851, #3002, #1792, #1808, #2705, #3299, #2988, #2069, #4003, #1143, #2362, #1161, #166, #2099, #183, #549, #1453, #3986, #2395, #3947, #1425, #3622, #3933, #2054, #3651, #1114, #481, #3333, #2688, #148, #1129, #514, #199, #1439, #3635, #815, #497, #1759, #833, #3021, #3353, #2414, #1178, #2504, #3447, #299, #1245, #3106, #1824, #612, #3701, #2798, #1561, #3072, #915, #3431, #3385, #4080, #2460, #4064, #1503, #930, #1230, #1551, #3119, #3761, #2490, #4022, #2754, #2134, #3087, #282, #1520, #568, #1535, #233, #2180, #1886, #2475, #1872, #3401, #3746, #2766, #884, #1196, #2192, #626, #265, #2809, #2443, #3056, #3715, #901, #1843, #598, #4036, #2149, #247, #582, #1212, #3731, #3416, #1857, #4053, #2165, #2783, #1576, #2251, #2856, #3507, #1293, #3497, #1942, #3146, #2515, #3181, #2544, #1603, #2218, #944, #1304, #2553, #345, #3797, #642, #687, #40, #1920, #676, #2832, #1615, #1628, #2534, #3132, #2820, #1909, #3821, #978, #2206, #990, #4, #1932, #16, #357, #1280, #3808, #2231, #3784, #1257, #3460, #3772, #1897, #3486, #958, #309, #3158, #2524, #4093, #969, #333, #28, #1267, #3473, #655, #322, #1590, #666, #2845, #3169, #2241, #1002, #2313, #3243, #99, #1041, #2903, #1642, #410, #3519, #2599, #1370, #2885, #724, #3231, #3195, #3879, #2278, #3868, #1319, #735, #1035, #1358, #2918, #3563, #2300, #3835, #2564, #1954, #2895, #90, #1331, #370, #1345, #51, #1991, #1690, #2288, #1680, #3209, #3552, #2579, #701, #1012, #2000, #421, #76, #2612, #2266, #2871, #3529, #712, #1653, #398, #3846, #1967, #64, #384, #1023, #3544, #3223, #1664, #3856, #1980, #2591, #1384, #2065, #2669, #3311, #1092, #3296, #1756, #2945, #2324, #2983 ),
 ( #3281, #3942, #2034, #3890, #1108, #445, #1729, #1436, #1079, #3602, #1420, #2010, #2652, #131, #2348, #145, #3618, #3632, #159, #3574, #459, #434, #1711, #2358, #1702, #796, #108, #1740, #3901, #1065, #2373, #1393, #3254, #2338, #2623, #492, #745, #1052, #1405, #2931, #475, #757, #119, #785, #3267, #3912, #2968, #3590, #2021, #3930, #2639, #771, #2958, #2049, #3068, #2686, #2716, #244, #2700, #1157, #2410, #1449, #2454, #2731, #828, #508, #1124, #3663, #526, #3327, #3015, #811, #3678, #3647, #2439, #862, #1139, #3052, #1771, #1173, #562, #2144, #4032, #2749, #2998, #878, #1499, #3962, #2079, #4000, #1819, #3347, #3380, #180, #1804, #4015, #1515, #3695, #845, #2388, #1482, #1465, #2111, #1788, #2096, #3711, #544, #3035, #194, #211, #2422, #2130, #3979, #228, #1189, #3396, #3363, #1836, #3742, #3767, #636, #2512, #2214, #3441, #3413, #1905, #2484, #1867, #3114, #1584, #1882, #3726, #2816, #276, #1558, #955, #926, #3757, #3128, #1852, #2499, #4074, #2189, #4089, #1253, #3140, #3469, #1207, #293, #2160, #1545, #2201, #1530, #1264, #4048, #3456, #4061, #2778, #3781, #1223, #3080, #2175, #258, #4101, #319, #896, #1240, #578, #306, #2763, #608, #621, #2471, #2805, #940, #592, #911, #1572, #3101, #2793, #3426, #1893, #329, #2609, #3241, #1051, #1064, #601, #2462, #2516, #931, #3088, #2768, #3403, #1859, #2784, #1521, #1213, #643, #1873, #3717, #628, #3120, #902, #1246, #1844, #3448, #2810, #310, #2207, #946, #885, #3133, #3762, #4037, #3073, #2181, #4081, #3417, #1563, #2150, #4065, #2193, #3775, #1888, #917, #248, #3748, #583, #283, #1197, #266, #1898, #2800, #3107, #2476, #2491, #613, #300, #1537, #2505, #1258, #3461, #2166, #1231, #4054, #1577, #4094, #3732, #3432, #1552, #1591, #53, #667, #1921, #1294, #3837, #29, #1910, #1003, #2535, #3810, #3198, #3171, #1617, #1308, #5, #678, #2243, #347, #2253, #3509, #1321, #1644, #3474, #2546, #324, #3798, #359, #3785, #690, #2220, #1630, #18, #971, #1956, #3487, #1268, #335, #2525, #3521, #2268, #3148, #3498, #372, #2555, #2821, #2232, #2858, #656, #1934, #992, #2833, #3159, #3183, #2873, #2846, #1282, #1604, #2567, #959, #979, #3823, #1943, #42, #400, #2280, #2328, #737, #2897, #2581, #3211, #1667, #2593, #1333, #1025, #435, #1683, #3531, #425, #2920, #714, #1043, #1655, #3245, #2614, #109 ) ),
 .UNSPECIFIED., .F., .F., .F. ) 
 B_SPLINE_SURFACE_WITH_KNOTS ( ( 2, 2 ),
 ( 3, 2, 2, 2, 2, 2, 2, 2, 2, 2, 2, 2, 2, 2, 2, 2, 2, 2, 2, 2, 2, 2, 2, 2, 2, 2, 2, 2, 2, 2, 2, 2, 2, 2, 2, 2, 2, 2, 2, 2, 2, 2, 2, 2, 2, 2, 2, 2, 2, 2, 2, 2, 2, 2, 2, 2, 2, 2, 2, 2, 2, 2, 2, 2, 2, 2, 2, 2, 2, 2, 2, 2, 2, 2, 2, 2, 2, 2, 2, 2, 2, 2, 2, 2, 2, 2, 2, 2, 2, 2, 2, 2, 2, 2, 2, 2, 2, 2, 2, 2, 2, 2, 2, 2, 2, 2, 2, 2, 2, 2, 2, 2, 2, 2, 2, 2, 2, 2, 2, 2, 2, 2, 2, 2, 2, 2, 2, 2, 2, 2, 2, 2, 2, 2, 2, 2, 2, 2, 2, 2, 2, 2, 2, 2, 2, 2, 2, 2, 2, 2, 2, 2, 2, 2, 2, 2, 2, 2, 2, 2, 2, 2, 2, 2, 2, 2, 2, 2, 3 ),
 ( 0.0000000000000000000, 1.000000000000000000 ),
 ( 0.0000000000000000000, 0.005952380952380952100, 0.01190476190476190400, 0.01785714285714285600, 0.02380952380952380800, 0.02976190476190476000, 0.03571428571428571200, 0.04166666666666666400, 0.04761904761904761600, 0.05357142857142856800, 0.05952380952380952100, 0.06547619047619047900, 0.07142857142857142500, 0.07738095238095238400, 0.08333333333333332900, 0.08928571428571428800, 0.09523809523809523300, 0.1011904761904761900, 0.1071428571428571400, 0.1130952380952381000, 0.1190476190476190400, 0.1250000000000000000, 0.1309523809523809600, 0.1369047619047619200, 0.1428571428571428500, 0.1488095238095238100, 0.1547619047619047700, 0.1607142857142857300, 0.1666666666666666600, 0.1726190476190476200, 0.1785714285714285800, 0.1845238095238095300, 0.1904761904761904700, 0.1964285714285714200, 0.2023809523809523800, 0.2083333333333333400, 0.2142857142857142700, 0.2202380952380952300, 0.2261904761904761900, 0.2321428571428571500, 0.2380952380952380800, 0.2440476190476190400, 0.2500000000000000000, 0.2559523809523809300, 0.2619047619047619200, 0.2678571428571428500, 0.2738095238095238400, 0.2797619047619047700, 0.2857142857142857000, 0.2916666666666666900, 0.2976190476190476200, 0.3035714285714285500, 0.3095238095238095300, 0.3154761904761904700, 0.3214285714285714500, 0.3273809523809523800, 0.3333333333333333100, 0.3392857142857143000, 0.3452380952380952300, 0.3511904761904761600, 0.3571428571428571500, 0.3630952380952380800, 0.3690476190476190700, 0.3750000000000000000, 0.3809523809523809300, 0.3869047619047619200, 0.3928571428571428500, 0.3988095238095238400, 0.4047619047619047700, 0.4107142857142857000, 0.4166666666666666900, 0.4226190476190476200, 0.4285714285714285500, 0.4345238095238095300, 0.4404761904761904700, 0.4464285714285714500, 0.4523809523809523800, 0.4583333333333333100, 0.4642857142857143000, 0.4702380952380952300, 0.4761904761904761600, 0.4821428571428571500, 0.4880952380952380800, 0.4940476190476190700, 0.5000000000000000000, 0.5059523809523809300, 0.5119047619047618600, 0.5178571428571429000, 0.5238095238095238400, 0.5297619047619047700, 0.5357142857142857000, 0.5416666666666666300, 0.5476190476190476700, 0.5535714285714286000, 0.5595238095238095300, 0.5654761904761904700, 0.5714285714285714000, 0.5773809523809523300, 0.5833333333333333700, 0.5892857142857143000, 0.5952380952380952300, 0.6011904761904761600, 0.6071428571428571000, 0.6130952380952381400, 0.6190476190476190700, 0.6250000000000000000, 0.6309523809523809300, 0.6369047619047618600, 0.6428571428571429000, 0.6488095238095238400, 0.6547619047619047700, 0.6607142857142857000, 0.6666666666666666300, 0.6726190476190476700, 0.6785714285714286000, 0.6845238095238095300, 0.6904761904761904700, 0.6964285714285714000, 0.7023809523809523300, 0.7083333333333333700, 0.7142857142857143000, 0.7202380952380952300, 0.7261904761904761600, 0.7321428571428571000, 0.7380952380952381400, 0.7440476190476190700, 0.7500000000000000000, 0.7559523809523809300, 0.7619047619047618600, 0.7678571428571429000, 0.7738095238095238400, 0.7797619047619047700, 0.7857142857142857000, 0.7916666666666666300, 0.7976190476190476700, 0.8035714285714286000, 0.8095238095238095300, 0.8154761904761904700, 0.8214285714285714000, 0.8273809523809523300, 0.8333333333333333700, 0.8392857142857143000, 0.8452380952380952300, 0.8511904761904761600, 0.8571428571428571000, 0.8630952380952381400, 0.8690476190476190700, 0.8750000000000000000, 0.8809523809523809300, 0.8869047619047618600, 0.8928571428571429000, 0.8988095238095238400, 0.9047619047619047700, 0.9107142857142857000, 0.9166666666666666300, 0.9226190476190476700, 0.9285714285714286000, 0.9345238095238095300, 0.9404761904761904700, 0.9464285714285714000, 0.9523809523809523300, 0.9583333333333333700, 0.9642857142857143000, 0.9702380952380952300, 0.9761904761904761600, 0.9821428571428571000, 0.9880952380952381400, 0.9940476190476190700, 1.000000000000000000 ),
 .UNSPECIFIED. ) 
 GEOMETRIC_REPRESENTATION_ITEM ( )  RATIONAL_B_SPLINE_SURFACE ( (
 ( 1.000000000000000000, 0.8660254037844387100, 1.000000000000000000, 0.8660254037844387100, 1.000000000000000000, 0.8660254037844387100, 1.000000000000000000, 0.8660254037844387100, 1.000000000000000000, 0.8660254037844387100, 1.000000000000000000, 0.8660254037844387100, 1.000000000000000000, 0.8660254037844387100, 1.000000000000000000, 0.8660254037844387100, 1.000000000000000000, 0.8660254037844387100, 1.000000000000000000, 0.8660254037844387100, 1.000000000000000000, 0.8660254037844387100, 1.000000000000000000, 0.8660254037844387100, 1.000000000000000000, 0.8660254037844387100, 1.000000000000000000, 0.8660254037844387100, 1.000000000000000000, 0.8660254037844387100, 1.000000000000000000, 0.8660254037844387100, 1.000000000000000000, 0.8660254037844387100, 1.000000000000000000, 0.8660254037844387100, 1.000000000000000000, 0.8660254037844387100, 1.000000000000000000, 0.8660254037844387100, 1.000000000000000000, 0.8660254037844387100, 1.000000000000000000, 0.8660254037844387100, 1.000000000000000000, 0.8660254037844387100, 1.000000000000000000, 0.8660254037844387100, 1.000000000000000000, 0.8660254037844387100, 1.000000000000000000, 0.8660254037844387100, 1.000000000000000000, 0.8660254037844387100, 1.000000000000000000, 0.8660254037844387100, 1.000000000000000000, 0.8660254037844387100, 1.000000000000000000, 0.8660254037844387100, 1.000000000000000000, 0.8660254037844387100, 1.000000000000000000, 0.8660254037844387100, 1.000000000000000000, 0.8660254037844387100, 1.000000000000000000, 0.8660254037844387100, 1.000000000000000000, 0.8660254037844387100, 1.000000000000000000, 0.8660254037844387100, 1.000000000000000000, 0.8660254037844387100, 1.000000000000000000, 0.8660254037844387100, 1.000000000000000000, 0.8660254037844387100, 1.000000000000000000, 0.8660254037844387100, 1.000000000000000000, 0.8660254037844387100, 1.000000000000000000, 0.8660254037844387100, 1.000000000000000000, 0.8660254037844387100, 1.000000000000000000, 0.8660254037844387100, 1.000000000000000000, 0.8660254037844387100, 1.000000000000000000, 0.8660254037844387100, 1.000000000000000000, 0.8660254037844387100, 1.000000000000000000, 0.8660254037844387100, 1.000000000000000000, 0.8660254037844387100, 1.000000000000000000, 0.8660254037844387100, 1.000000000000000000, 0.8660254037844387100, 1.000000000000000000, 0.8660254037844387100, 1.000000000000000000, 0.8660254037844387100, 1.000000000000000000, 0.8660254037844387100, 1.000000000000000000, 0.8660254037844387100, 1.000000000000000000, 0.8660254037844387100, 1.000000000000000000, 0.8660254037844387100, 1.000000000000000000, 0.8660254037844387100, 1.000000000000000000, 0.8660254037844387100, 1.000000000000000000, 0.8660254037844387100, 1.000000000000000000, 0.8660254037844387100, 1.000000000000000000, 0.8660254037844387100, 1.000000000000000000, 0.8660254037844387100, 1.000000000000000000, 0.8660254037844387100, 1.000000000000000000, 0.8660254037844387100, 1.000000000000000000, 0.8660254037844387100, 1.000000000000000000, 0.8660254037844387100, 1.000000000000000000, 0.8660254037844387100, 1.000000000000000000, 0.8660254037844387100, 1.000000000000000000, 0.8660254037844387100, 1.000000000000000000, 0.8660254037844387100, 1.000000000000000000, 0.8660254037844387100, 1.000000000000000000, 0.8660254037844387100, 1.000000000000000000, 0.8660254037844387100, 1.000000000000000000, 0.8660254037844387100, 1.000000000000000000, 0.8660254037844387100, 1.000000000000000000, 0.8660254037844387100, 1.000000000000000000, 0.8660254037844387100, 1.000000000000000000, 0.8660254037844387100, 1.000000000000000000, 0.8660254037844387100, 1.000000000000000000, 0.8660254037844387100, 1.000000000000000000, 0.8660254037844387100, 1.000000000000000000, 0.8660254037844387100, 1.000000000000000000, 0.8660254037844387100, 1.000000000000000000, 0.8660254037844387100, 1.000000000000000000, 0.8660254037844387100, 1.000000000000000000, 0.8660254037844387100, 1.000000000000000000, 0.8660254037844387100, 1.000000000000000000, 0.8660254037844387100, 1.000000000000000000, 0.8660254037844387100, 1.000000000000000000, 0.8660254037844387100, 1.000000000000000000, 0.8660254037844387100, 1.000000000000000000, 0.8660254037844387100, 1.000000000000000000, 0.8660254037844387100, 1.000000000000000000, 0.8660254037844387100, 1.000000000000000000, 0.8660254037844387100, 1.000000000000000000, 0.8660254037844387100, 1.000000000000000000, 0.8660254037844387100, 1.000000000000000000, 0.8660254037844387100, 1.000000000000000000, 0.8660254037844387100, 1.000000000000000000, 0.8660254037844387100, 1.000000000000000000, 0.8660254037844387100, 1.000000000000000000, 0.8660254037844387100, 1.000000000000000000, 0.8660254037844387100, 1.000000000000000000, 0.8660254037844387100, 1.000000000000000000, 0.8660254037844387100, 1.000000000000000000, 0.8660254037844387100, 1.000000000000000000, 0.8660254037844387100, 1.000000000000000000, 0.8660254037844387100, 1.000000000000000000, 0.8660254037844387100, 1.000000000000000000, 0.8660254037844387100, 1.000000000000000000, 0.8660254037844387100, 1.000000000000000000, 0.8660254037844387100, 1.000000000000000000, 0.8660254037844387100, 1.000000000000000000, 0.8660254037844387100, 1.000000000000000000, 0.8660254037844387100, 1.000000000000000000, 0.8660254037844387100, 1.000000000000000000, 0.8660254037844387100, 1.000000000000000000, 0.8660254037844387100, 1.000000000000000000, 0.8660254037844387100, 1.000000000000000000, 0.8660254037844387100, 1.000000000000000000, 0.8660254037844387100, 1.000000000000000000, 0.8660254037844387100, 1.000000000000000000, 0.8660254037844387100, 1.000000000000000000, 0.8660254037844387100, 1.000000000000000000, 0.8660254037844387100, 1.000000000000000000, 0.8660254037844387100, 1.000000000000000000, 0.8660254037844387100, 1.000000000000000000, 0.8660254037844387100, 1.000000000000000000, 0.8660254037844387100, 1.000000000000000000, 0.8660254037844387100, 1.000000000000000000, 0.8660254037844387100, 1.000000000000000000, 0.8660254037844387100, 1.000000000000000000, 0.8660254037844387100, 1.000000000000000000, 0.8660254037844387100, 1.000000000000000000, 0.8660254037844387100, 1.000000000000000000, 0.8660254037844387100, 1.000000000000000000, 0.8660254037844387100, 1.000000000000000000, 0.8660254037844387100, 1.000000000000000000, 0.8660254037844387100, 1.000000000000000000, 0.8660254037844387100, 1.000000000000000000, 0.8660254037844387100, 1.000000000000000000, 0.8660254037844387100, 1.000000000000000000, 0.8660254037844387100, 1.000000000000000000, 0.8660254037844387100, 1.000000000000000000, 0.8660254037844387100, 1.000000000000000000, 0.8660254037844387100, 1.000000000000000000, 0.8660254037844387100, 1.000000000000000000, 0.8660254037844387100, 1.000000000000000000, 0.8660254037844387100, 1.000000000000000000, 0.8660254037844387100, 1.000000000000000000, 0.8660254037844387100, 1.000000000000000000, 0.8660254037844387100, 1.000000000000000000, 0.8660254037844387100, 1.000000000000000000, 0.8660254037844387100, 1.000000000000000000, 0.8660254037844387100, 1.000000000000000000, 0.8660254037844387100, 1.000000000000000000, 0.8660254037844387100, 1.000000000000000000, 0.8660254037844387100, 1.000000000000000000, 0.8660254037844387100, 1.000000000000000000, 0.8660254037844387100, 1.000000000000000000, 0.8660254037844387100, 1.000000000000000000, 0.8660254037844387100, 1.000000000000000000, 0.8660254037844387100, 1.000000000000000000, 0.8660254037844387100, 1.000000000000000000, 0.8660254037844387100, 1.000000000000000000, 0.8660254037844387100, 1.000000000000000000, 0.8660254037844387100, 1.000000000000000000),
 ( 1.000000000000000000, 0.8660254037844387100, 1.000000000000000000, 0.8660254037844387100, 1.000000000000000000, 0.8660254037844387100, 1.000000000000000000, 0.8660254037844387100, 1.000000000000000000, 0.8660254037844387100, 1.000000000000000000, 0.8660254037844387100, 1.000000000000000000, 0.8660254037844387100, 1.000000000000000000, 0.8660254037844387100, 1.000000000000000000, 0.8660254037844387100, 1.000000000000000000, 0.8660254037844387100, 1.000000000000000000, 0.8660254037844387100, 1.000000000000000000, 0.8660254037844387100, 1.000000000000000000, 0.8660254037844387100, 1.000000000000000000, 0.8660254037844387100, 1.000000000000000000, 0.8660254037844387100, 1.000000000000000000, 0.8660254037844387100, 1.000000000000000000, 0.8660254037844387100, 1.000000000000000000, 0.8660254037844387100, 1.000000000000000000, 0.8660254037844387100, 1.000000000000000000, 0.8660254037844387100, 1.000000000000000000, 0.8660254037844387100, 1.000000000000000000, 0.8660254037844387100, 1.000000000000000000, 0.8660254037844387100, 1.000000000000000000, 0.8660254037844387100, 1.000000000000000000, 0.8660254037844387100, 1.000000000000000000, 0.8660254037844387100, 1.000000000000000000, 0.8660254037844387100, 1.000000000000000000, 0.8660254037844387100, 1.000000000000000000, 0.8660254037844387100, 1.000000000000000000, 0.8660254037844387100, 1.000000000000000000, 0.8660254037844387100, 1.000000000000000000, 0.8660254037844387100, 1.000000000000000000, 0.8660254037844387100, 1.000000000000000000, 0.8660254037844387100, 1.000000000000000000, 0.8660254037844387100, 1.000000000000000000, 0.8660254037844387100, 1.000000000000000000, 0.8660254037844387100, 1.000000000000000000, 0.8660254037844387100, 1.000000000000000000, 0.8660254037844387100, 1.000000000000000000, 0.8660254037844387100, 1.000000000000000000, 0.8660254037844387100, 1.000000000000000000, 0.8660254037844387100, 1.000000000000000000, 0.8660254037844387100, 1.000000000000000000, 0.8660254037844387100, 1.000000000000000000, 0.8660254037844387100, 1.000000000000000000, 0.8660254037844387100, 1.000000000000000000, 0.8660254037844387100, 1.000000000000000000, 0.8660254037844387100, 1.000000000000000000, 0.8660254037844387100, 1.000000000000000000, 0.8660254037844387100, 1.000000000000000000, 0.8660254037844387100, 1.000000000000000000, 0.8660254037844387100, 1.000000000000000000, 0.8660254037844387100, 1.000000000000000000, 0.8660254037844387100, 1.000000000000000000, 0.8660254037844387100, 1.000000000000000000, 0.8660254037844387100, 1.000000000000000000, 0.8660254037844387100, 1.000000000000000000, 0.8660254037844387100, 1.000000000000000000, 0.8660254037844387100, 1.000000000000000000, 0.8660254037844387100, 1.000000000000000000, 0.8660254037844387100, 1.000000000000000000, 0.8660254037844387100, 1.000000000000000000, 0.8660254037844387100, 1.000000000000000000, 0.8660254037844387100, 1.000000000000000000, 0.8660254037844387100, 1.000000000000000000, 0.8660254037844387100, 1.000000000000000000, 0.8660254037844387100, 1.000000000000000000, 0.8660254037844387100, 1.000000000000000000, 0.8660254037844387100, 1.000000000000000000, 0.8660254037844387100, 1.000000000000000000, 0.8660254037844387100, 1.000000000000000000, 0.8660254037844387100, 1.000000000000000000, 0.8660254037844387100, 1.000000000000000000, 0.8660254037844387100, 1.000000000000000000, 0.8660254037844387100, 1.000000000000000000, 0.8660254037844387100, 1.000000000000000000, 0.8660254037844387100, 1.000000000000000000, 0.8660254037844387100, 1.000000000000000000, 0.8660254037844387100, 1.000000000000000000, 0.8660254037844387100, 1.000000000000000000, 0.8660254037844387100, 1.000000000000000000, 0.8660254037844387100, 1.000000000000000000, 0.8660254037844387100, 1.000000000000000000, 0.8660254037844387100, 1.000000000000000000, 0.8660254037844387100, 1.000000000000000000, 0.8660254037844387100, 1.000000000000000000, 0.8660254037844387100, 1.000000000000000000, 0.8660254037844387100, 1.000000000000000000, 0.8660254037844387100, 1.000000000000000000, 0.8660254037844387100, 1.000000000000000000, 0.8660254037844387100, 1.000000000000000000, 0.8660254037844387100, 1.000000000000000000, 0.8660254037844387100, 1.000000000000000000, 0.8660254037844387100, 1.000000000000000000, 0.8660254037844387100, 1.000000000000000000, 0.8660254037844387100, 1.000000000000000000, 0.8660254037844387100, 1.000000000000000000, 0.8660254037844387100, 1.000000000000000000, 0.8660254037844387100, 1.000000000000000000, 0.8660254037844387100, 1.000000000000000000, 0.8660254037844387100, 1.000000000000000000, 0.8660254037844387100, 1.000000000000000000, 0.8660254037844387100, 1.000000000000000000, 0.8660254037844387100, 1.000000000000000000, 0.8660254037844387100, 1.000000000000000000, 0.8660254037844387100, 1.000000000000000000, 0.8660254037844387100, 1.000000000000000000, 0.8660254037844387100, 1.000000000000000000, 0.8660254037844387100, 1.000000000000000000, 0.8660254037844387100, 1.000000000000000000, 0.8660254037844387100, 1.000000000000000000, 0.8660254037844387100, 1.000000000000000000, 0.8660254037844387100, 1.000000000000000000, 0.8660254037844387100, 1.000000000000000000, 0.8660254037844387100, 1.000000000000000000, 0.8660254037844387100, 1.000000000000000000, 0.8660254037844387100, 1.000000000000000000, 0.8660254037844387100, 1.000000000000000000, 0.8660254037844387100, 1.000000000000000000, 0.8660254037844387100, 1.000000000000000000, 0.8660254037844387100, 1.000000000000000000, 0.8660254037844387100, 1.000000000000000000, 0.8660254037844387100, 1.000000000000000000, 0.8660254037844387100, 1.000000000000000000, 0.8660254037844387100, 1.000000000000000000, 0.8660254037844387100, 1.000000000000000000, 0.8660254037844387100, 1.000000000000000000, 0.8660254037844387100, 1.000000000000000000, 0.8660254037844387100, 1.000000000000000000, 0.8660254037844387100, 1.000000000000000000, 0.8660254037844387100, 1.000000000000000000, 0.8660254037844387100, 1.000000000000000000, 0.8660254037844387100, 1.000000000000000000, 0.8660254037844387100, 1.000000000000000000, 0.8660254037844387100, 1.000000000000000000, 0.8660254037844387100, 1.000000000000000000, 0.8660254037844387100, 1.000000000000000000, 0.8660254037844387100, 1.000000000000000000, 0.8660254037844387100, 1.000000000000000000, 0.8660254037844387100, 1.000000000000000000, 0.8660254037844387100, 1.000000000000000000, 0.8660254037844387100, 1.000000000000000000, 0.8660254037844387100, 1.000000000000000000, 0.8660254037844387100, 1.000000000000000000, 0.8660254037844387100, 1.000000000000000000, 0.8660254037844387100, 1.000000000000000000, 0.8660254037844387100, 1.000000000000000000, 0.8660254037844387100, 1.000000000000000000, 0.8660254037844387100, 1.000000000000000000, 0.8660254037844387100, 1.000000000000000000, 0.8660254037844387100, 1.000000000000000000, 0.8660254037844387100, 1.000000000000000000, 0.8660254037844387100, 1.000000000000000000, 0.8660254037844387100, 1.000000000000000000, 0.8660254037844387100, 1.000000000000000000, 0.8660254037844387100, 1.000000000000000000, 0.8660254037844387100, 1.000000000000000000, 0.8660254037844387100, 1.000000000000000000, 0.8660254037844387100, 1.000000000000000000, 0.8660254037844387100, 1.000000000000000000, 0.8660254037844387100, 1.000000000000000000, 0.8660254037844387100, 1.000000000000000000, 0.8660254037844387100, 1.000000000000000000, 0.8660254037844387100, 1.000000000000000000, 0.8660254037844387100, 1.000000000000000000, 0.8660254037844387100, 1.000000000000000000, 0.8660254037844387100, 1.000000000000000000, 0.8660254037844387100, 1.000000000000000000) ) ) 
 REPRESENTATION_ITEM ( '' )  SURFACE ( )  );
#62 = CARTESIAN_POINT ( 'NONE',  ( -1.299038410897452900, -1.791666634281726900, -0.7499994713418116600 ) ) ;
#63 = DIRECTION ( 'NONE',  ( 5.356182135569786000E-016, 1.000000000000000000, -0.0000000000000000000 ) ) ;
#64 = CARTESIAN_POINT ( 'NONE',  ( 4.782772877150562400E-007, 6.625000032384925000, 1.175240473580725100 ) ) ;
#65 = CARTESIAN_POINT ( 'NONE',  ( -1.460376586768265200, -5.664623413231731200, 2.146458667522126900E-011 ) ) ;
#66 = VERTEX_POINT ( 'NONE', #1274 ) ;
#67 = EDGE_CURVE ( 'NONE', #1352, #3536, #2011, .T. ) ;
#68 = CARTESIAN_POINT ( 'NONE',  ( 4.782772877150559200E-007, -4.812499967615074100, 1.175240473580724300 ) ) ;
#69 = CARTESIAN_POINT ( 'NONE',  ( 4.782772877150559200E-007, 2.187500032384925000, 1.175240473580724300 ) ) ;
#70 = CARTESIAN_POINT ( 'NONE',  ( -0.6785249255070874300, 6.083333365718258900, 1.175240749714245900 ) ) ;
#71 = CARTESIAN_POINT ( 'NONE',  ( 1.499999999999998200, -0.9151708839850948300, -0.4019241157814861800 ) ) ;
#72 = DIRECTION ( 'NONE',  ( 1.000000000000000000, 0.0000000000000000000, 0.0000000000000000000 ) ) ;
#73 = ORIENTED_EDGE ( 'NONE', *, *, #1982, .T. ) ;
#74 = CARTESIAN_POINT ( 'NONE',  ( -1.499999999999998900, -2.665170883985094700, 0.4019241157814867900 ) ) ;
#75 = CARTESIAN_POINT ( 'NONE',  ( 4.000000000000031100, -6.632724146536979000E-014, 4.898587196589453300E-016 ) ) ;
#76 = CARTESIAN_POINT ( 'NONE',  ( 1.017788344815205900, 6.208333365718259800, 0.5876198225900816100 ) ) ;
#77 = ORIENTED_EDGE ( 'NONE', *, *, #3162, .F. ) ;
#78 = CARTESIAN_POINT ( 'NONE',  ( -1.270085416335606800, -5.690061557921603200, -0.6916355518369237100 ) ) ;
#79 = CIRCLE ( 'NONE', #1277, 1.175240473580826800 ) ;
#80 = ORIENTED_EDGE ( 'NONE', *, *, #760, .F. ) ;
#81 = CARTESIAN_POINT ( 'NONE',  ( 1.017788344815205200, -2.229166634281741100, 0.5876198225900811600 ) ) ;
#82 = CARTESIAN_POINT ( 'NONE',  ( -1.357050807568750000, 4.000000032384924100, 5.522670419464453600E-007 ) ) ;
#83 = DIRECTION ( 'NONE',  ( -3.524813029019029000E-017, -1.000000000000000000, -0.0000000000000000000 ) ) ;
#84 = LINE ( 'NONE', #3919, #1681 ) ;
#85 = CARTESIAN_POINT ( 'NONE',  ( -1.499999999999996400, -5.999999999999998200, 1.836970198721024800E-016 ) ) ;
#86 = CARTESIAN_POINT ( 'NONE',  ( -1.299037800455640400, -0.6458333009484078500, 0.7500005286580595500 ) ) ;
#87 = COORDINATED_UNIVERSAL_TIME_OFFSET ( 6, 0, .BEHIND. ) ;
#88 = CARTESIAN_POINT ( 'NONE',  ( 1.499999999999990700, -4.022329082723599600, 0.4019234615119165500 ) ) ;
#89 = CARTESIAN_POINT ( 'NONE',  ( 1.499999999999991800, -3.500000001528494700, 2.817957636530612800E-015 ) ) ;
#90 = CARTESIAN_POINT ( 'NONE',  ( -1.017787866537918800, 5.541666699051591900, 0.5876206509906438700 ) ) ;
#91 = MECHANICAL_CONTEXT ( 'NONE', #1372, 'mechanical' ) ;
#92 = DIRECTION ( 'NONE',  ( -3.524813029019029000E-017, -1.000000000000000000, -0.0000000000000000000 ) ) ;
#93 = CARTESIAN_POINT ( 'NONE',  ( -4.782772882819589800E-007, -3.062499967615074100, -1.175240473580724300 ) ) ;
#94 = EDGE_CURVE ( 'NONE', #2818, #2624, #217, .T. ) ;
#95 = CARTESIAN_POINT ( 'NONE',  ( -1.017787866537918800, 4.041666699051591900, 0.5876206509906438700 ) ) ;
#96 = CARTESIAN_POINT ( 'NONE',  ( -1.499999999999996400, -5.999999999999998200, 1.836970198721024800E-016 ) ) ;
#97 = CARTESIAN_POINT ( 'NONE',  ( -1.499999999999999100, -3.687500001528509800, -2.411242101361245900E-015 ) ) ;
#98 = CARTESIAN_POINT ( 'NONE',  ( 0.8660247933425442300, -1.416666634281727300, -1.500000352438615600 ) ) ;
#99 = CARTESIAN_POINT ( 'NONE',  ( -1.017788344815206500, 4.458333365718258000, -0.5876198225900811600 ) ) ;
#100 = ORIENTED_EDGE ( 'NONE', *, *, #1254, .T. ) ;
#101 = CARTESIAN_POINT ( 'NONE',  ( 1.299038410897452200, -3.041666634281727300, 0.7499994713418120000 ) ) ;
#102 = CARTESIAN_POINT ( 'NONE',  ( -0.9765580084051481700, -5.779229087010460100, 0.9302360354963398200 ) ) ;
#103 = CARTESIAN_POINT ( 'NONE',  ( -1.017787866537917900, -2.895833300948407600, 0.5876206509906434200 ) ) ;
#104 = CARTESIAN_POINT ( 'NONE',  ( 1.017787866537918800, 4.791666699051592800, -0.5876206509906432000 ) ) ;
#105 =( BOUNDED_CURVE ( )  B_SPLINE_CURVE ( 2, ( #2327, #2602, #2933, #3244, #2625, #758, #399, #1981, #2013 ),
 .UNSPECIFIED., .F., .T. ) 
 B_SPLINE_CURVE_WITH_KNOTS ( ( 3, 2, 2, 2, 3 ),
 ( 0.1517857120255953500, 0.1547619047619047700, 0.1607142857142857300, 0.1666666666666666600, 0.1696428548827382000 ),
 .UNSPECIFIED. ) 
 CURVE ( )  GEOMETRIC_REPRESENTATION_ITEM ( )  RATIONAL_B_SPLINE_CURVE ( ( 0.9330127018922579300, 0.9330126510220675400, 1.000000000000000000, 0.8660254037844387100, 1.000000000000000000, 0.8660254037844387100, 1.000000000000000000, 0.9330127527623710600, 0.9330127018922579300 ) ) 
 REPRESENTATION_ITEM ( '' )  );
#106 = CARTESIAN_POINT ( 'NONE',  ( 1.299037800455634700, -3.958333300948393400, -0.7500005286580553300 ) ) ;
#107 = CARTESIAN_POINT ( 'NONE',  ( 1.017788344815205200, 6.270833365718259800, 0.5876198225900811600 ) ) ;
#108 = CARTESIAN_POINT ( 'NONE',  ( -1.299038410897458900, -5.729166634281741100, -0.7499994713418151000 ) ) ;
#109 = CARTESIAN_POINT ( 'NONE',  ( -6.104418189141934300E-007, 7.187500032384925900, -1.499999999999874800 ) ) ;
#110 = EDGE_CURVE ( 'NONE', #2326, #1015, #2101, .T. ) ;
#111 = CARTESIAN_POINT ( 'NONE',  ( 4.782772877150559200E-007, -1.312499967615074800, 1.175240473580724300 ) ) ;
#112 = EDGE_LOOP ( 'NONE', ( #2003, #600, #3865, #3662 ) ) ;
#113 = CARTESIAN_POINT ( 'NONE',  ( -0.7401893475484098200, 0.1426428269073288500, -1.260554139118728900 ) ) ;
#114 = CARTESIAN_POINT ( 'NONE',  ( 4.782772877150559200E-007, -5.812499967615074100, 1.175240473580724300 ) ) ;
#115 = CARTESIAN_POINT ( 'NONE',  ( 1.299037800455634700, -4.458333300948393900, -0.7500005286580553300 ) ) ;
#116 = FACE_OUTER_BOUND ( 'NONE', #1469, .T. ) ;
#117 = CARTESIAN_POINT ( 'NONE',  ( -4.782772882819589800E-007, 6.437500032384925000, -1.175240473580724300 ) ) ;
#118 = CARTESIAN_POINT ( 'NONE',  ( 1.299037800455634700, -2.458333300948393900, -0.7500005286580553300 ) ) ;
#119 = CARTESIAN_POINT ( 'NONE',  ( 6.104418183075187900E-007, -5.062499967615075000, 1.499999999999874800 ) ) ;
#120 = FACE_OUTER_BOUND ( 'NONE', #1224, .T. ) ;
#121 = CARTESIAN_POINT ( 'NONE',  ( -0.6785249255070867600, -5.854166634281741100, 1.175240749714245200 ) ) ;
#122 = CARTESIAN_POINT ( 'NONE',  ( -1.017788344815205900, -2.479166634281741600, -0.5876198225900807200 ) ) ;
#123 = CIRCLE ( 'NONE', #1554, 1.600000000000000100 ) ;
#124 = CARTESIAN_POINT ( 'NONE',  ( 0.4750392870043915200, 0.1000000000000082800, -1.422792211042193800 ) ) ;
#125 = CARTESIAN_POINT ( 'NONE',  ( 1.017788344815205200, -5.729166634281741100, 0.5876198225900811600 ) ) ;
#126 = CARTESIAN_POINT ( 'NONE',  ( -4.782772882819589800E-007, 1.937500032384924500, -1.175240473580724300 ) ) ;
#127 = CARTESIAN_POINT ( 'NONE',  ( -1.299037800455634400, -5.208333300948393900, 0.7500005286580560000 ) ) ;
#128 = CARTESIAN_POINT ( 'NONE',  ( 6.104418183075160400E-007, -1.124999967615060800, 1.499999999999867700 ) ) ;
#129 = CARTESIAN_POINT ( 'NONE',  ( -1.179425720858466000, -5.631624235155519500, 0.9212727788266329400 ) ) ;
#130 = CARTESIAN_POINT ( 'NONE',  ( 1.017788344815205200, 5.770833365718258900, 0.5876198225900811600 ) ) ;
#131 = CARTESIAN_POINT ( 'NONE',  ( -0.8660260142261850800, -6.270833300948407200, -1.499999647561126400 ) ) ;
#132 = PERSON_AND_ORGANIZATION_ROLE ( 'design_supplier' ) ;
#133 = CARTESIAN_POINT ( 'NONE',  ( -0.6785249255070867600, -5.354166634281740200, 1.175240749714245200 ) ) ;
#134 = CARTESIAN_POINT ( 'NONE',  ( -4.782772882819593000E-007, -4.124999967615074100, -1.175240473580725100 ) ) ;
#135 = CARTESIAN_POINT ( 'NONE',  ( 4.782772877150559200E-007, 1.687500032384926100, 1.175240473580724300 ) ) ;
#136 = CARTESIAN_POINT ( 'NONE',  ( 1.299038410897452200, -4.541666634281726900, 0.7499994713418120000 ) ) ;
#137 = CARTESIAN_POINT ( 'NONE',  ( -4.782772882819589800E-007, 2.937500032384925400, -1.175240473580724300 ) ) ;
#138 = ORIENTED_EDGE ( 'NONE', *, *, #1271, .F. ) ;
#139 = CARTESIAN_POINT ( 'NONE',  ( -1.299038410897452900, -4.291666634281727800, -0.7499994713418116600 ) ) ;
#140 = CARTESIAN_POINT ( 'NONE',  ( 1.017788344815205900, -5.791666634281741100, 0.5876198225900816100 ) ) ;
#141 = CARTESIAN_POINT ( 'NONE',  ( -1.499999999999991600, -0.2276708839850807600, 0.4019241157814849000 ) ) ;
#142 = CARTESIAN_POINT ( 'NONE',  ( 4.782772877150559200E-007, 6.187500032384925000, 1.175240473580724300 ) ) ;
#143 = CARTESIAN_POINT ( 'NONE',  ( -3.166666666666690900, -2.605945127269847000E-014, 0.0000000000000000000 ) ) ;
#144 = ORIENTED_EDGE ( 'NONE', *, *, #1069, .F. ) ;
#145 = CARTESIAN_POINT ( 'NONE',  ( -1.732050807568732900, -6.187499967615075000, 7.048774965991651900E-007 ) ) ;
#146 = CARTESIAN_POINT ( 'NONE',  ( -1.017787866537917900, -5.895833300948407200, 0.5876206509906434200 ) ) ;
#147 = CARTESIAN_POINT ( 'NONE',  ( -4.782772882819593000E-007, -3.624999967615074100, -1.175240473580725100 ) ) ;
#148 = CARTESIAN_POINT ( 'NONE',  ( -1.017788344815206500, -1.541666634281741300, -0.5876198225900811600 ) ) ;
#149 = CARTESIAN_POINT ( 'NONE',  ( -1.357050807568749100, -0.4374999676150749300, 5.522670419464448300E-007 ) ) ;
#150 = EDGE_LOOP ( 'NONE', ( #1394, #1409 ) ) ;
#151 = CARTESIAN_POINT ( 'NONE',  ( 1.017787866537918800, 6.791666699051592800, -0.5876206509906432000 ) ) ;
#152 = CARTESIAN_POINT ( 'NONE',  ( 1.017788344815205200, -4.729166634281741100, 0.5876198225900811600 ) ) ;
#153 = CARTESIAN_POINT ( 'NONE',  ( -1.017788344815205900, 3.520833365718258900, -0.5876198225900807200 ) ) ;
#154 = CARTESIAN_POINT ( 'NONE',  ( 0.8660260142261802000, -3.583333300948393400, 1.499999647561119900 ) ) ;
#155 = CARTESIAN_POINT ( 'NONE',  ( 0.6785258820616624200, -5.833333300948409000, 1.175240197447204400 ) ) ;
#156 = CARTESIAN_POINT ( 'NONE',  ( -1.467428790264963000, -5.657571209732167500, 0.1949391588591941100 ) ) ;
#157 = CARTESIAN_POINT ( 'NONE',  ( -1.357050807568749100, 4.562500032384925000, 5.522670419464448300E-007 ) ) ;
#158 = CARTESIAN_POINT ( 'NONE',  ( -0.6785258820616632000, -2.083333300948407200, -1.175240197447204200 ) ) ;
#159 = CARTESIAN_POINT ( 'NONE',  ( 6.104418183075187900E-007, -6.062499967615075000, 1.499999999999874800 ) ) ;
#160 = ORIENTED_EDGE ( 'NONE', *, *, #1693, .F. ) ;
#161 = APPLICATION_PROTOCOL_DEFINITION ( 'international standard', 'config_control_design', 1994, #3880 ) ;
#162 = CARTESIAN_POINT ( 'NONE',  ( 0.6785258820616618700, -5.770833300948408100, 1.175240197447203500 ) ) ;
#163 = CARTESIAN_POINT ( 'NONE',  ( 0.6785258820616624200, -4.833333300948407200, 1.175240197447204600 ) ) ;
#164 = EDGE_CURVE ( 'NONE', #2875, #224, #2620, .T. ) ;
#165 = ORIENTED_EDGE ( 'NONE', *, *, #2425, .F. ) ;
#166 = CARTESIAN_POINT ( 'NONE',  ( 1.357050807568749500, -2.249999967615074600, -5.522670417802544300E-007 ) ) ;
#167 = ORIENTED_EDGE ( 'NONE', *, *, #3141, .F. ) ;
#168 = CARTESIAN_POINT ( 'NONE',  ( 1.017788344815205200, 1.270833365718258400, 0.5876198225900811600 ) ) ;
#169 = CARTESIAN_POINT ( 'NONE',  ( 4.782772877150562400E-007, 7.125000032384925900, 1.175240473580725100 ) ) ;
#170 = CARTESIAN_POINT ( 'NONE',  ( 4.782772877150559200E-007, 4.687500032384925000, 1.175240473580724300 ) ) ;
#171 = AXIS2_PLACEMENT_3D ( 'NONE', #1966, #1941, #1641 ) ;
#172 = LINE ( 'NONE', #842, #1175 ) ;
#173 = CARTESIAN_POINT ( 'NONE',  ( 4.782772877150559200E-007, 1.687500032384926100, 1.175240473580724300 ) ) ;
#174 = CARTESIAN_POINT ( 'NONE',  ( -1.732050807568724600, -3.249999967615060400, 7.048774965991616900E-007 ) ) ;
#175 = CARTESIAN_POINT ( 'NONE',  ( 0.2922351598464907900, 0.2673053486172427600, -1.303775238131212400 ) ) ;
#176 = ORIENTED_EDGE ( 'NONE', *, *, #2293, .T. ) ;
#177 = CARTESIAN_POINT ( 'NONE',  ( -0.6785258820616632000, -5.583333300948408100, -1.175240197447204200 ) ) ;
#178 = VECTOR ( 'NONE', #83, 1000.000000000000000 ) ;
#179 = CARTESIAN_POINT ( 'NONE',  ( -4.782772882819593000E-007, -3.124999967615074100, -1.175240473580725100 ) ) ;
#180 = CARTESIAN_POINT ( 'NONE',  ( 1.732050807568732200, -2.937499967615074100, -7.048774963870500300E-007 ) ) ;
#181 = CARTESIAN_POINT ( 'NONE',  ( 1.357050807568749500, -4.249999967615074100, -5.522670417802544300E-007 ) ) ;
#182 = LINE ( 'NONE', #8, #1288 ) ;
#183 = CARTESIAN_POINT ( 'NONE',  ( 0.6785249255070872100, -2.166666634281741100, -1.175240749714245600 ) ) ;
#184 = CARTESIAN_POINT ( 'NONE',  ( 1.357050807568748400, 0.8125000323849254100, -5.522670417802541100E-007 ) ) ;
#185 = CARTESIAN_POINT ( 'NONE',  ( 1.357050807568749500, -5.749999967615074100, -5.522670417802544300E-007 ) ) ;
#186 = CARTESIAN_POINT ( 'NONE',  ( 0.6785258820616618700, 4.229166699051591900, 1.175240197447203500 ) ) ;
#187 = CARTESIAN_POINT ( 'NONE',  ( 1.017787866537917900, 4.354166699051591900, -0.5876206509906427600 ) ) ;
#188 = CARTESIAN_POINT ( 'NONE',  ( 6.104418183075160400E-007, -2.624999967615060400, 1.499999999999867700 ) ) ;
#189 = CARTESIAN_POINT ( 'NONE',  ( 1.017788344815205900, -5.291666634281741100, 0.5876198225900816100 ) ) ;
#190 = CARTESIAN_POINT ( 'NONE',  ( -0.8660260142261809700, 5.166666699051607000, -1.499999647561119500 ) ) ;
#191 = CARTESIAN_POINT ( 'NONE',  ( -1.499999999999992000, -2.250000001528494700, 1.307299934472964400E-015 ) ) ;
#192 = CARTESIAN_POINT ( 'NONE',  ( -0.6785258820616632000, -4.583333300948408100, -1.175240197447204200 ) ) ;
#193 = CARTESIAN_POINT ( 'NONE',  ( 0.6785258820616624200, -2.333333300948407600, 1.175240197447204400 ) ) ;
#194 = CARTESIAN_POINT ( 'NONE',  ( -6.104418189141934300E-007, -2.312499967615075000, -1.499999999999874800 ) ) ;
#195 = EDGE_CURVE ( 'NONE', #1560, #516, #2211, .T. ) ;
#196 = CARTESIAN_POINT ( 'NONE',  ( 1.017788344815205200, -3.229166634281741100, 0.5876198225900811600 ) ) ;
#197 = CARTESIAN_POINT ( 'NONE',  ( -1.017787866537918800, -3.458333300948407600, 0.5876206509906438700 ) ) ;
#198 = CARTESIAN_POINT ( 'NONE',  ( -1.170989249458354900, -5.949759526419162700, -0.1155032130818743600 ) ) ;
#199 = CARTESIAN_POINT ( 'NONE',  ( -0.6785249255070874300, -1.416666634281741600, 1.175240749714245900 ) ) ;
#200 = CARTESIAN_POINT ( 'NONE',  ( 0.6785258820616618700, 2.729166699051592400, 1.175240197447203500 ) ) ;
#201 = EDGE_LOOP ( 'NONE', ( #1761, #2050, #312, #3954 ) ) ;
#202 = CARTESIAN_POINT ( 'NONE',  ( -6.104418189141934300E-007, -2.312499967615075000, -1.499999999999874800 ) ) ;
#203 = CARTESIAN_POINT ( 'NONE',  ( -0.6785249255070867600, 3.645833365718258900, 1.175240749714245200 ) ) ;
#204 = CARTESIAN_POINT ( 'NONE',  ( -1.299037800455634400, -1.708333300948394100, 0.7500005286580560000 ) ) ;
#205 = CARTESIAN_POINT ( 'NONE',  ( 1.017788344815205900, -4.291666634281741100, 0.5876198225900816100 ) ) ;
#206 = ORIENTED_EDGE ( 'NONE', *, *, #3213, .F. ) ;
#207 = CARTESIAN_POINT ( 'NONE',  ( 0.8660247933425441200, 4.083333365718273100, -1.500000352438615800 ) ) ;
#208 = CARTESIAN_POINT ( 'NONE',  ( -0.4593455642649637600, -5.921638153274678000, 1.119785636542297600 ) ) ;
#209 = CARTESIAN_POINT ( 'NONE',  ( -1.017788344815206500, -4.541666634281741100, -0.5876198225900811600 ) ) ;
#210 = CARTESIAN_POINT ( 'NONE',  ( -0.6785258820616632000, -3.083333300948408100, -1.175240197447204200 ) ) ;
#211 = CARTESIAN_POINT ( 'NONE',  ( -0.8660260142261850800, -2.270833300948407600, -1.499999647561126400 ) ) ;
#212 = CARTESIAN_POINT ( 'NONE',  ( 0.6785258820616618700, -4.270833300948407200, 1.175240197447203500 ) ) ;
#213 = CARTESIAN_POINT ( 'NONE',  ( -0.6785249255070874300, -1.916666634281741100, 1.175240749714245900 ) ) ;
#214 = CARTESIAN_POINT ( 'NONE',  ( 0.8660260142261841900, -1.020833300948408300, 1.499999647561126800 ) ) ;
#215 = CARTESIAN_POINT ( 'NONE',  ( 0.6785258820616624200, -2.833333300948407600, 1.175240197447204400 ) ) ;
#216 = CARTESIAN_POINT ( 'NONE',  ( -1.017788344815205900, 2.520833365718259800, -0.5876198225900807200 ) ) ;
#217 = LINE ( 'NONE', #3766, #3870 ) ;
#218 = CARTESIAN_POINT ( 'NONE',  ( -1.017787866537918800, -4.958333300948407200, 0.5876206509906438700 ) ) ;
#219 = CARTESIAN_POINT ( 'NONE',  ( 0.6785258820616618700, 4.729166699051592800, 1.175240197447203500 ) ) ;
#220 = CARTESIAN_POINT ( 'NONE',  ( 6.104418183075160400E-007, -1.124999967615060800, 1.499999999999867700 ) ) ;
#221 = CARTESIAN_POINT ( 'NONE',  ( 0.6785249255070872100, -4.166666634281741100, -1.175240749714245600 ) ) ;
#222 = CARTESIAN_POINT ( 'NONE',  ( -1.732050807568724600, 3.750000032384940100, 7.048774965991616900E-007 ) ) ;
#223 = CARTESIAN_POINT ( 'NONE',  ( -0.09001155855884679400, -5.905119711402287300, 1.243929169239023300 ) ) ;
#224 = VERTEX_POINT ( 'NONE', #2866 ) ;
#225 = CARTESIAN_POINT ( 'NONE',  ( 1.017787866537918800, -6.208333300948407200, -0.5876206509906432000 ) ) ;
#226 = CARTESIAN_POINT ( 'NONE',  ( 1.017787866537918800, -3.708333300948408100, -0.5876206509906432000 ) ) ;
#227 = CARTESIAN_POINT ( 'NONE',  ( -0.8660260142261809700, 2.166666699051606100, -1.499999647561119500 ) ) ;
#228 = CARTESIAN_POINT ( 'NONE',  ( -0.8660247933425482300, -2.104166634281741100, 1.500000352438622500 ) ) ;
#229 = LINE ( 'NONE', #3648, #289 ) ;
#230 = CARTESIAN_POINT ( 'NONE',  ( -4.782772882819589800E-007, -2.562499967615074100, -1.175240473580724300 ) ) ;
#231 = CARTESIAN_POINT ( 'NONE',  ( 0.6785258820616624200, -0.8333333009484081800, 1.175240197447204600 ) ) ;
#232 = EDGE_CURVE ( 'NONE', #1099, #1822, #1466, .T. ) ;
#233 = CARTESIAN_POINT ( 'NONE',  ( -4.782772882819593000E-007, 0.3750000323849258000, -1.175240473580725100 ) ) ;
#234 = CARTESIAN_POINT ( 'NONE',  ( -0.6785258820616625300, 4.979166699051591900, -1.175240197447203300 ) ) ;
#235 = CARTESIAN_POINT ( 'NONE',  ( 1.299038410897452200, -0.5416666342817275700, 0.7499994713418120000 ) ) ;
#236 = CARTESIAN_POINT ( 'NONE',  ( -1.357050807568750000, -3.999999967615074100, 5.522670419464453600E-007 ) ) ;
#237 = CARTESIAN_POINT ( 'NONE',  ( 0.8660247933425441200, 5.583333365718273100, -1.500000352438615800 ) ) ;
#238 = CARTESIAN_POINT ( 'NONE',  ( -0.6133223375120590000, -5.592008481706854700, 1.500000249598524500 ) ) ;
#239 =( BOUNDED_CURVE ( )  B_SPLINE_CURVE ( 2, ( #255, #953, #3828, #3803, #1622, #2522, #672, #3138, #1610 ),
 .UNSPECIFIED., .F., .F. ) 
 B_SPLINE_CURVE_WITH_KNOTS ( ( 3, 2, 2, 2, 3 ),
 ( 0.3839285691684524700, 0.3869047619047619200, 0.3928571428571428500, 0.3988095238095238400, 0.4017857120255953800 ),
 .UNSPECIFIED. ) 
 CURVE ( )  GEOMETRIC_REPRESENTATION_ITEM ( )  RATIONAL_B_SPLINE_CURVE ( ( 0.9330127018922580500, 0.9330126510220673200, 1.000000000000000000, 0.8660254037844387100, 1.000000000000000000, 0.8660254037844387100, 1.000000000000000000, 0.9330127527623708300, 0.9330127018922580500 ) ) 
 REPRESENTATION_ITEM ( '' )  );
#240 = CARTESIAN_POINT ( 'NONE',  ( 0.6785249255070872100, -5.166666634281741100, -1.175240749714245600 ) ) ;
#241 = CARTESIAN_POINT ( 'NONE',  ( 4.782772877150562400E-007, -0.8749999676150744800, 1.175240473580725100 ) ) ;
#242 = CARTESIAN_POINT ( 'NONE',  ( -1.499999999999992000, -5.272329082723598700, -0.4019234615119154400 ) ) ;
#243 = CARTESIAN_POINT ( 'NONE',  ( -1.732050807568724600, 0.7500000323849391700, 7.048774965991616900E-007 ) ) ;
#244 = CARTESIAN_POINT ( 'NONE',  ( 1.732050807568732200, -4.437499967615074100, -7.048774963870500300E-007 ) ) ;
#245 = CARTESIAN_POINT ( 'NONE',  ( -0.6785258820616625300, -4.520833300948409000, -1.175240197447203300 ) ) ;
#246 = CARTESIAN_POINT ( 'NONE',  ( 1.017787866537918800, 0.2916666990515920900, -0.5876206509906432000 ) ) ;
#247 = CARTESIAN_POINT ( 'NONE',  ( 1.017787866537918800, 1.291666699051591300, -0.5876206509906432000 ) ) ;
#248 = CARTESIAN_POINT ( 'NONE',  ( 1.299037800455640400, 2.604166699051592400, -0.7500005286580587700 ) ) ;
#249 = CARTESIAN_POINT ( 'NONE',  ( 1.017788344815205200, 5.770833365718258900, 0.5876198225900811600 ) ) ;
#250 = CARTESIAN_POINT ( 'NONE',  ( -6.104418189141906800E-007, 0.1250000323849394500, -1.499999999999867700 ) ) ;
#251 = CARTESIAN_POINT ( 'NONE',  ( 0.8660260142261802000, 4.416666699051606100, 1.499999647561119900 ) ) ;
#252 = DIRECTION ( 'NONE',  ( -3.524813029019029000E-017, -1.000000000000000000, -0.0000000000000000000 ) ) ;
#253 = CARTESIAN_POINT ( 'NONE',  ( 0.6785249255070866500, -3.104166634281741100, -1.175240749714245000 ) ) ;
#254 = CARTESIAN_POINT ( 'NONE',  ( 1.357050807568749500, 0.7500000323849253000, -5.522670417802544300E-007 ) ) ;
#255 = CARTESIAN_POINT ( 'NONE',  ( 1.499999999999991600, -1.000000001528495100, 6.594601891674731900E-015 ) ) ;
#256 = ORIENTED_EDGE ( 'NONE', *, *, #3465, .T. ) ;
#257 = CARTESIAN_POINT ( 'NONE',  ( 0.8660260142261802000, 1.416666699051605900, 1.499999647561119900 ) ) ;
#258 = CARTESIAN_POINT ( 'NONE',  ( 6.104418183075187900E-007, -0.06249996761507458500, 1.499999999999874800 ) ) ;
#259 = EDGE_CURVE ( 'NONE', #2818, #2673, #1651, .T. ) ;
#260 = CARTESIAN_POINT ( 'NONE',  ( 4.782772877150559200E-007, -3.812499967615074600, 1.175240473580724300 ) ) ;
#261 = ORIENTED_EDGE ( 'NONE', *, *, #3871, .F. ) ;
#262 = B_SPLINE_CURVE_WITH_KNOTS ( 'NONE', 3,
 ( #2994, #2966, #2664, #2368, #3276, #3955, #2955, #175, #2694, #2344, #3322, #1445, #2635, #3340, #1737, #3642 ),
 .UNSPECIFIED., .F., .F.,
 ( 4, 2, 2, 2, 2, 2, 2, 4 ),
 ( 0.0000000000000000000, 0.0002936424266584759600, 0.0005872848533169519100, 0.001174569706633904000, 0.001468212133292380200, 0.001761854559950856300, 0.002055496986609332400, 0.002349139413267808500 ),
 .UNSPECIFIED. ) ;
#263 = CARTESIAN_POINT ( 'NONE',  ( -0.6785258820616632000, -1.583333300948408100, -1.175240197447204200 ) ) ;
#264 = AXIS2_PLACEMENT_3D ( 'NONE', #720, #1365, #48 ) ;
#265 = CARTESIAN_POINT ( 'NONE',  ( -4.782772882819593000E-007, 0.8750000323849254100, -1.175240473580725100 ) ) ;
#266 = CARTESIAN_POINT ( 'NONE',  ( -1.732050807568732900, 2.812500032384925400, 7.048774965991651900E-007 ) ) ;
#267 = CARTESIAN_POINT ( 'NONE',  ( -1.357050807568749100, 6.062500032384925000, 5.522670419464448300E-007 ) ) ;
#268 = CARTESIAN_POINT ( 'NONE',  ( -1.732050807568724600, 6.750000032384939200, 7.048774965991616900E-007 ) ) ;
#269 = ORIENTED_EDGE ( 'NONE', *, *, #3800, .T. ) ;
#270 = CARTESIAN_POINT ( 'NONE',  ( 1.499999999999991800, -6.000000000000001800, 0.0000000000000000000 ) ) ;
#271 = APPROVAL ( #2035, 'UNSPECIFIED' ) ;
#272 = CARTESIAN_POINT ( 'NONE',  ( -0.6785249255070867600, -3.354166634281740700, 1.175240749714245200 ) ) ;
#273 = CARTESIAN_POINT ( 'NONE',  ( 0.6785258820616624200, -1.333333300948407600, 1.175240197447204400 ) ) ;
#274 = CARTESIAN_POINT ( 'NONE',  ( 1.299037800455640400, -1.895833300948408100, -0.7500005286580587700 ) ) ;
#275 = CARTESIAN_POINT ( 'NONE',  ( -0.8660247933425441200, 0.3333333657182732700, 1.500000352438615800 ) ) ;
#276 = CARTESIAN_POINT ( 'NONE',  ( -0.8660260142261850800, -1.270833300948408500, -1.499999647561126400 ) ) ;
#277 = EDGE_LOOP ( 'NONE', ( #1606, #3527, #176, #1508 ) ) ;
#278 = CARTESIAN_POINT ( 'NONE',  ( 1.017787866537917900, -1.145833300948407400, -0.5876206509906427600 ) ) ;
#279 = CARTESIAN_POINT ( 'NONE',  ( 1.017787866537918800, -1.208333300948407400, -0.5876206509906432000 ) ) ;
#280 = ORIENTED_EDGE ( 'NONE', *, *, #1028, .F. ) ;
#281 = CARTESIAN_POINT ( 'NONE',  ( -3.460191456820336100E-016, -5.999999999999998200, 0.0000000000000000000 ) ) ;
#282 = CARTESIAN_POINT ( 'NONE',  ( 1.017788344815205900, 0.2083333657182584200, 0.5876198225900816100 ) ) ;
#283 = CARTESIAN_POINT ( 'NONE',  ( -0.8660260142261850800, 2.729166699051592400, -1.499999647561126400 ) ) ;
#284 = ORIENTED_EDGE ( 'NONE', *, *, #1271, .T. ) ;
#285 = CARTESIAN_POINT ( 'NONE',  ( -0.8660260142261809700, 7.166666699051605200, -1.499999647561119500 ) ) ;
#286 = CARTESIAN_POINT ( 'NONE',  ( 1.499999999999998700, -5.459829082723612900, 0.4019234615119166600 ) ) ;
#287 = EDGE_CURVE ( 'NONE', #3666, #1099, #2859, .T. ) ;
#288 = CARTESIAN_POINT ( 'NONE',  ( -0.6785249255070867600, -2.354166634281741100, 1.175240749714245200 ) ) ;
#289 = VECTOR ( 'NONE', #3914, 1000.000000000000000 ) ;
#290 = CARTESIAN_POINT ( 'NONE',  ( 1.017788344815205900, -1.291666634281741100, 0.5876198225900816100 ) ) ;
#291 = CARTESIAN_POINT ( 'NONE',  ( -1.017788344815205900, 7.020833365718258000, -0.5876198225900807200 ) ) ;
#292 = CARTESIAN_POINT ( 'NONE',  ( -1.732050807568724600, 1.750000032384940100, 7.048774965991616900E-007 ) ) ;
#293 = CARTESIAN_POINT ( 'NONE',  ( -1.299037800455640400, -0.6458333009484078500, 0.7500005286580595500 ) ) ;
#294 = CARTESIAN_POINT ( 'NONE',  ( -0.6785249255070867600, -1.354166634281741300, 1.175240749714245200 ) ) ;
#295 = ADVANCED_FACE ( 'NONE', ( #2831 ), #1668, .T. ) ;
#296 = B_SPLINE_CURVE_WITH_KNOTS ( 'NONE', 3,
 ( #488, #807, #129, #3996, #2995, #3974, #156, #824 ),
 .UNSPECIFIED., .F., .F.,
 ( 4, 2, 2, 4 ),
 ( 1.841630290985709800E-016, 0.0002940688101100882600, 0.0005881376202199924100, 0.001176275240439800300 ),
 .UNSPECIFIED. ) ;
#297 = CARTESIAN_POINT ( 'NONE',  ( 0.5272679644025942700, 0.2950079822631498900, 1.196896786590592600 ) ) ;
#298 = PERSON_AND_ORGANIZATION ( #1785, #2119 ) ;
#299 = CARTESIAN_POINT ( 'NONE',  ( 4.782772877150562400E-007, -0.8749999676150744800, 1.175240473580725100 ) ) ;
#300 = CARTESIAN_POINT ( 'NONE',  ( 1.299037800455640400, 3.104166699051591000, -0.7500005286580587700 ) ) ;
#301 =( BOUNDED_CURVE ( )  B_SPLINE_CURVE ( 2, ( #3845, #3833, #1953, #369, #711, #700, #2884, #3208, #2902 ),
 .UNSPECIFIED., .F., .F. ) 
 B_SPLINE_CURVE_WITH_KNOTS ( ( 3, 2, 2, 2, 3 ),
 ( 0.2053571405970239200, 0.2083333333333333400, 0.2142857142857142700, 0.2202380952380952300, 0.2232142834541667700 ),
 .UNSPECIFIED. ) 
 CURVE ( )  GEOMETRIC_REPRESENTATION_ITEM ( )  RATIONAL_B_SPLINE_CURVE ( ( 0.9330127018922579300, 0.9330126510220675400, 1.000000000000000000, 0.8660254037844387100, 1.000000000000000000, 0.8660254037844387100, 1.000000000000000000, 0.9330127527623710600, 0.9330127018922579300 ) ) 
 REPRESENTATION_ITEM ( '' )  );
#302 = CARTESIAN_POINT ( 'NONE',  ( 1.017788344815205200, -6.229166634281741100, 0.5876198225900811600 ) ) ;
#303 = CARTESIAN_POINT ( 'NONE',  ( 4.782772877150559200E-007, -1.812499967615074400, 1.175240473580724300 ) ) ;
#304 = CARTESIAN_POINT ( 'NONE',  ( -1.017788344815206500, -0.5416666342817413300, -0.5876198225900811600 ) ) ;
#305 = CARTESIAN_POINT ( 'NONE',  ( 1.017788344815205200, 6.770833365718258000, 0.5876198225900811600 ) ) ;
#306 = CARTESIAN_POINT ( 'NONE',  ( -6.104418189141934300E-007, 0.1875000323849256300, -1.499999999999874800 ) ) ;
#307 = CARTESIAN_POINT ( 'NONE',  ( 1.017788344815205200, -1.729166634281740700, 0.5876198225900811600 ) ) ;
#308 = CARTESIAN_POINT ( 'NONE',  ( -0.8769783873602227100, 0.2388962403421293100, 1.055171036406451500 ) ) ;
#309 = CARTESIAN_POINT ( 'NONE',  ( 0.6785258820616624200, 3.666666699051591500, 1.175240197447204400 ) ) ;
#310 = CARTESIAN_POINT ( 'NONE',  ( -1.299037800455640400, 1.854166699051591700, 0.7500005286580595500 ) ) ;
#311 = ADVANCED_FACE ( 'NONE', ( #2389, #726 ), #1950, .F. ) ;
#312 = ORIENTED_EDGE ( 'NONE', *, *, #1375, .F. ) ;
#313 = CARTESIAN_POINT ( 'NONE',  ( -0.8660247933425441200, 6.333333365718273100, 1.500000352438615800 ) ) ;
#314 = DIRECTION ( 'NONE',  ( 1.000000000000000000, 0.0000000000000000000, 0.0000000000000000000 ) ) ;
#315 = CARTESIAN_POINT ( 'NONE',  ( 0.6785249255070866500, -3.604166634281741100, -1.175240749714245000 ) ) ;
#316 = CARTESIAN_POINT ( 'NONE',  ( 1.017787866537918800, 2.791666699051592800, -0.5876206509906432000 ) ) ;
#317 = ORIENTED_EDGE ( 'NONE', *, *, #1518, .T. ) ;
#318 = CARTESIAN_POINT ( 'NONE',  ( 1.499999999999998700, -4.937500001528508900, 2.817957636530612800E-015 ) ) ;
#319 = CARTESIAN_POINT ( 'NONE',  ( 1.299038410897458200, 0.02083336571825824400, 0.7499994713418155500 ) ) ;
#320 = CARTESIAN_POINT ( 'NONE',  ( 0.6785258820616618700, -1.770833300948408100, 1.175240197447203500 ) ) ;
#321 = CARTESIAN_POINT ( 'NONE',  ( 0.2854854116064753900, 0.2846307902167015700, 1.295751237129566500 ) ) ;
#322 = CARTESIAN_POINT ( 'NONE',  ( -0.6785249255070874300, 4.083333365718258900, 1.175240749714245900 ) ) ;
#323 = CC_DESIGN_APPROVAL ( #677, ( #1305 ) ) ;
#324 = CARTESIAN_POINT ( 'NONE',  ( -6.104418189141934300E-007, 4.687500032384925000, -1.499999999999874800 ) ) ;
#325 = CARTESIAN_POINT ( 'NONE',  ( -1.732050807568724600, 7.250000032384940100, 7.048774965991616900E-007 ) ) ;
#326 = CIRCLE ( 'NONE', #2255, 1.499999999999996000 ) ;
#327 = CARTESIAN_POINT ( 'NONE',  ( -1.357050807568749100, 0.06250003238492553300, 5.522670419464448300E-007 ) ) ;
#328 = CARTESIAN_POINT ( 'NONE',  ( 1.017788344815205900, 3.208333365718258400, 0.5876198225900816100 ) ) ;
#329 = CARTESIAN_POINT ( 'NONE',  ( -1.299038410897458900, 0.7708333657182588900, -0.7499994713418151000 ) ) ;
#330 = VERTEX_POINT ( 'NONE', #1342 ) ;
#331 = ADVANCED_FACE ( 'NONE', ( #2503 ), #730, .T. ) ;
#332 = CARTESIAN_POINT ( 'NONE',  ( 1.499999999999998700, -4.437500001528509800, 2.817957636530612800E-015 ) ) ;
#333 = CARTESIAN_POINT ( 'NONE',  ( -4.782772882819593000E-007, 3.875000032384924500, -1.175240473580725100 ) ) ;
#334 = CYLINDRICAL_SURFACE ( 'NONE', #1650, 1.499999999999996000 ) ;
#335 = CARTESIAN_POINT ( 'NONE',  ( -6.104418189141934300E-007, 5.187500032384925900, -1.499999999999874800 ) ) ;
#336 = CYLINDRICAL_SURFACE ( 'NONE', #3190, 1.499999999999996000 ) ;
#337 = CARTESIAN_POINT ( 'NONE',  ( 1.017787866537917900, -3.645833300948408100, -0.5876206509906427600 ) ) ;
#338 = EDGE_CURVE ( 'NONE', #1531, #627, #1855, .T. ) ;
#339 = CARTESIAN_POINT ( 'NONE',  ( 0.6785258820616618700, -0.7708333009484079600, 1.175240197447203500 ) ) ;
#340 = CARTESIAN_POINT ( 'NONE',  ( 4.782772877150562400E-007, 3.625000032384926300, 1.175240473580725100 ) ) ;
#341 = CARTESIAN_POINT ( 'NONE',  ( -6.104418189141906800E-007, -2.874999967615060400, -1.499999999999867700 ) ) ;
#342 = DIRECTION ( 'NONE',  ( -3.524813029019029000E-017, -1.000000000000000000, -0.0000000000000000000 ) ) ;
#343 = AXIS2_PLACEMENT_3D ( 'NONE', #3518, #1040, #2277 ) ;
#344 = CARTESIAN_POINT ( 'NONE',  ( 1.499999999999998400, -0.4375000015285089900, -9.005843993035976600E-016 ) ) ;
#345 = CARTESIAN_POINT ( 'NONE',  ( 0.6785249255070872100, 2.333333365718259800, -1.175240749714245600 ) ) ;
#346 = CARTESIAN_POINT ( 'NONE',  ( -1.499999999999996400, -5.999999999999998200, 1.836970198721024800E-016 ) ) ;
#347 = CARTESIAN_POINT ( 'NONE',  ( -0.8660247933425482300, 4.395833365718258000, 1.500000352438622500 ) ) ;
#348 = AXIS2_PLACEMENT_3D ( 'NONE', #4042, #873, #3062 ) ;
#349 = ADVANCED_FACE ( 'NONE', ( #640 ), #1367, .T. ) ;
#350 = CARTESIAN_POINT ( 'NONE',  ( 1.017788344815205200, -5.729166634281741100, 0.5876198225900811600 ) ) ;
#351 = CARTESIAN_POINT ( 'NONE',  ( -0.6785249255070867600, -0.8541666342817408900, 1.175240749714245200 ) ) ;
#352 = CARTESIAN_POINT ( 'NONE',  ( -1.017788344815206500, 1.458333365718258700, -0.5876198225900811600 ) ) ;
#353 = DIRECTION ( 'NONE',  ( -1.000000000000000000, -6.162833401496504800E-016, 0.0000000000000000000 ) ) ;
#354 = CARTESIAN_POINT ( 'NONE',  ( -3.460191456820336100E-016, -5.999999999999998200, 0.0000000000000000000 ) ) ;
#355 = ORIENTED_EDGE ( 'NONE', *, *, #912, .F. ) ;
#356 = CARTESIAN_POINT ( 'NONE',  ( 1.788923619507586300E-015, 7.999999999999988500, 0.0000000000000000000 ) ) ;
#357 = CARTESIAN_POINT ( 'NONE',  ( 1.017788344815205900, 3.208333365718258400, 0.5876198225900816100 ) ) ;
#358 = CARTESIAN_POINT ( 'NONE',  ( -1.499999999999991600, -1.727670883985080700, 0.4019241157814849000 ) ) ;
#359 = CARTESIAN_POINT ( 'NONE',  ( -1.299038410897458900, 4.770833365718258000, -0.7499994713418151000 ) ) ;
#360 = CARTESIAN_POINT ( 'NONE',  ( -0.6785258820616625300, -4.020833300948408100, -1.175240197447203300 ) ) ;
#361 = CARTESIAN_POINT ( 'NONE',  ( 4.782772877150559200E-007, -0.3124999676150748100, 1.175240473580724300 ) ) ;
#362 = CARTESIAN_POINT ( 'NONE',  ( 1.017787866537918800, 1.791666699051591700, -0.5876206509906432000 ) ) ;
#363 = DIRECTION ( 'NONE',  ( -1.000000000000000000, -6.237853260653827600E-016, 0.0000000000000000000 ) ) ;
#364 = DIRECTION ( 'NONE',  ( 1.000000000000000000, 0.0000000000000000000, 0.0000000000000000000 ) ) ;
#365 = ORIENTED_EDGE ( 'NONE', *, *, #647, .F. ) ;
#366 =( BOUNDED_CURVE ( )  B_SPLINE_CURVE ( 2, ( #1627, #3889, #3878, #755, #1999, #1739, #474, #3561, #3588 ),
 .UNSPECIFIED., .F., .F. ) 
 B_SPLINE_CURVE_WITH_KNOTS ( ( 3, 2, 2, 2, 3 ),
 ( 0.4196428548827382300, 0.4226190476190476200, 0.4285714285714285500, 0.4345238095238095300, 0.4374999977398810700 ),
 .UNSPECIFIED. ) 
 CURVE ( )  GEOMETRIC_REPRESENTATION_ITEM ( )  RATIONAL_B_SPLINE_CURVE ( ( 0.9330127018922580500, 0.9330126510220679800, 1.000000000000000000, 0.8660254037844387100, 1.000000000000000000, 0.8660254037844387100, 1.000000000000000000, 0.9330127527623708300, 0.9330127018922580500 ) ) 
 REPRESENTATION_ITEM ( '' )  );
#367 = CARTESIAN_POINT ( 'NONE',  ( 1.499999999999998400, -5.437500001528508900, -9.005843993035976600E-016 ) ) ;
#368 = ADVANCED_FACE ( 'NONE', ( #3967 ), #2921, .T. ) ;
#369 = CARTESIAN_POINT ( 'NONE',  ( 0.8660247933425442300, -3.416666634281726900, -1.500000352438615600 ) ) ;
#370 = CARTESIAN_POINT ( 'NONE',  ( 4.782772877150562400E-007, 5.625000032384924100, 1.175240473580725100 ) ) ;
#371 = CARTESIAN_POINT ( 'NONE',  ( 1.499999999999998700, -3.937500001528509300, 2.817957636530612800E-015 ) ) ;
#372 = CARTESIAN_POINT ( 'NONE',  ( 6.104418183075187900E-007, 5.437500032384924100, 1.499999999999874800 ) ) ;
#373 = ORIENTED_EDGE ( 'NONE', *, *, #2910, .T. ) ;
#374 = CARTESIAN_POINT ( 'NONE',  ( -1.017788344815205900, -4.479166634281741100, -0.5876198225900807200 ) ) ;
#375 = CARTESIAN_POINT ( 'NONE',  ( 1.017788344815205200, -1.729166634281740700, 0.5876198225900811600 ) ) ;
#376 = EDGE_LOOP ( 'NONE', ( #1316, #382, #1578, #1697 ) ) ;
#377 = CARTESIAN_POINT ( 'NONE',  ( 4.782772877150562400E-007, 5.125000032384925900, 1.175240473580725100 ) ) ;
#378 = DIRECTION ( 'NONE',  ( 1.000000000000000000, 0.0000000000000000000, 0.0000000000000000000 ) ) ;
#379 = DIRECTION ( 'NONE',  ( -1.000000000000000000, 5.356182135569786000E-016, 0.0000000000000000000 ) ) ;
#380 = CARTESIAN_POINT ( 'NONE',  ( 0.8660260142261841900, -0.5208333009484077400, 1.499999647561126800 ) ) ;
#381 = CARTESIAN_POINT ( 'NONE',  ( 1.299037800455640400, -0.3958333009484076300, -0.7500005286580587700 ) ) ;
#382 = ORIENTED_EDGE ( 'NONE', *, *, #935, .T. ) ;
#383 = CARTESIAN_POINT ( 'NONE',  ( 1.299038410897452200, -3.541666634281727300, 0.7499994713418120000 ) ) ;
#384 = CARTESIAN_POINT ( 'NONE',  ( 0.6785258820616624200, 6.666666699051591900, 1.175240197447204400 ) ) ;
#385 = DIRECTION ( 'NONE',  ( -1.000000000000000000, 5.478074134663552900E-016, 0.0000000000000000000 ) ) ;
#386 = CARTESIAN_POINT ( 'NONE',  ( -3.460191456820336100E-016, -5.999999999999998200, 0.0000000000000000000 ) ) ;
#387 = CALENDAR_DATE ( 2021, 8, 9 ) ;
#388 = CARTESIAN_POINT ( 'NONE',  ( -4.782772882819589800E-007, -2.562499967615074100, -1.175240473580724300 ) ) ;
#389 = EDGE_CURVE ( 'NONE', #3743, #1411, #1289, .T. ) ;
#390 = CARTESIAN_POINT ( 'NONE',  ( -1.357050807568749100, 1.062500032384925600, 5.522670419464448300E-007 ) ) ;
#391 = VECTOR ( 'NONE', #1594, 1000.000000000000000 ) ;
#392 = CARTESIAN_POINT ( 'NONE',  ( 1.357050807568749500, 4.750000032384925900, -5.522670417802544300E-007 ) ) ;
#393 = CARTESIAN_POINT ( 'NONE',  ( 0.1977948558543094800, 0.4247595264191743600, -1.158476312118658100 ) ) ;
#394 = CARTESIAN_POINT ( 'NONE',  ( -6.104418189141934300E-007, -0.8124999676150743700, -1.499999999999874800 ) ) ;
#395 = CARTESIAN_POINT ( 'NONE',  ( 1.299038410897458200, -0.4791666342817413300, 0.7499994713418155500 ) ) ;
#396 = CARTESIAN_POINT ( 'NONE',  ( 1.499999999999996700, 0.04017091727638601200, 0.4019234615119201500 ) ) ;
#397 = CARTESIAN_POINT ( 'NONE',  ( -1.299037800455634400, -3.708333300948393900, 0.7500005286580560000 ) ) ;
#398 = CARTESIAN_POINT ( 'NONE',  ( -1.357050807568750000, 6.500000032384924100, 5.522670419464453600E-007 ) ) ;
#399 = CARTESIAN_POINT ( 'NONE',  ( 1.299038410897458200, -4.479166634281741100, 0.7499994713418155500 ) ) ;
#400 = CARTESIAN_POINT ( 'NONE',  ( -1.732050807568732900, 6.312500032384925900, 7.048774965991651900E-007 ) ) ;
#401 = CARTESIAN_POINT ( 'NONE',  ( 4.782772877150559200E-007, -2.312499967615075000, 1.175240473580724300 ) ) ;
#402 = CARTESIAN_POINT ( 'NONE',  ( 0.6785249255070872100, 5.333333365718258000, -1.175240749714245600 ) ) ;
#403 = DIRECTION ( 'NONE',  ( -1.000000000000000000, 5.356182135569771200E-016, 0.0000000000000000000 ) ) ;
#404 = ORIENTED_EDGE ( 'NONE', *, *, #3285, .T. ) ;
#405 = CARTESIAN_POINT ( 'NONE',  ( -1.299038410897452900, -6.291666634281726900, -0.7499994713418116600 ) ) ;
#406 = CARTESIAN_POINT ( 'NONE',  ( -1.499999999999992000, -0.7500000015284947800, 1.307299934472964400E-015 ) ) ;
#407 = CARTESIAN_POINT ( 'NONE',  ( -1.499999999999992200, -4.250000001528494700, -2.411242101361245900E-015 ) ) ;
#408 = CARTESIAN_POINT ( 'NONE',  ( 1.299037800455634700, -4.958333300948393900, -0.7500005286580553300 ) ) ;
#409 = VERTEX_POINT ( 'NONE', #2260 ) ;
#410 = CARTESIAN_POINT ( 'NONE',  ( 4.782772877150562400E-007, 4.625000032384925000, 1.175240473580725100 ) ) ;
#411 = CARTESIAN_POINT ( 'NONE',  ( 0.6314818398485111400, -5.768123573322215600, -1.204358004931020100 ) ) ;
#412 = EDGE_CURVE ( 'NONE', #2624, #2142, #239, .T. ) ;
#413 = CARTESIAN_POINT ( 'NONE',  ( 0.6785249255070866500, -1.604166634281741600, -1.175240749714245000 ) ) ;
#414 = CARTESIAN_POINT ( 'NONE',  ( 1.357050807568749500, 3.750000032384924100, -5.522670417802544300E-007 ) ) ;
#415 = CARTESIAN_POINT ( 'NONE',  ( 0.7269837992069055900, 0.3999209577433999700, -0.9653709769779521600 ) ) ;
#416 =( BOUNDED_CURVE ( )  B_SPLINE_CURVE ( 2, ( #1287, #2551, #662, #2838, #341, #3204, #1696, #719, #1038 ),
 .UNSPECIFIED., .F., .F. ) 
 B_SPLINE_CURVE_WITH_KNOTS ( ( 3, 2, 2, 2, 3 ),
 ( 0.2410714263113096200, 0.2440476190476190400, 0.2500000000000000000, 0.2559523809523809300, 0.2589285691684524700 ),
 .UNSPECIFIED. ) 
 CURVE ( )  GEOMETRIC_REPRESENTATION_ITEM ( )  RATIONAL_B_SPLINE_CURVE ( ( 0.9330127018922579300, 0.9330126510220675400, 1.000000000000000000, 0.8660254037844387100, 1.000000000000000000, 0.8660254037844387100, 1.000000000000000000, 0.9330127527623713900, 0.9330127018922580500 ) ) 
 REPRESENTATION_ITEM ( '' )  );
#417 = CARTESIAN_POINT ( 'NONE',  ( -1.732050807568724600, -4.249999967615059900, 7.048774965991616900E-007 ) ) ;
#418 = FACE_OUTER_BOUND ( 'NONE', #3168, .T. ) ;
#419 = CARTESIAN_POINT ( 'NONE',  ( 1.499999999999998400, -2.437500001528508900, -9.005843993035976600E-016 ) ) ;
#420 = CARTESIAN_POINT ( 'NONE',  ( -1.499999999999992500, -2.272329082723599100, -0.4019234615119144900 ) ) ;
#421 = CARTESIAN_POINT ( 'NONE',  ( 0.6785258820616624200, 6.166666699051591900, 1.175240197447204400 ) ) ;
#422 = ORIENTED_EDGE ( 'NONE', *, *, #2910, .F. ) ;
#423 = AXIS2_PLACEMENT_3D ( 'NONE', #736, #2919, #3225 ) ;
#424 = CARTESIAN_POINT ( 'NONE',  ( -2.049673577650768900E-015, 0.8333333333333057300, 0.0000000000000000000 ) ) ;
#425 = CARTESIAN_POINT ( 'NONE',  ( -0.8660247933425482300, 6.895833365718258900, 1.500000352438622500 ) ) ;
#426 = LINE ( 'NONE', #3219, #2929 ) ;
#427 = CARTESIAN_POINT ( 'NONE',  ( 0.6785258820616618700, -2.770833300948407600, 1.175240197447203500 ) ) ;
#428 = CARTESIAN_POINT ( 'NONE',  ( 1.017787866537918800, 6.291666699051591900, -0.5876206509906432000 ) ) ;
#429 = CARTESIAN_POINT ( 'NONE',  ( 4.782772877150559200E-007, -5.312499967615074100, 1.175240473580724300 ) ) ;
#430 = FACE_OUTER_BOUND ( 'NONE', #2879, .T. ) ;
#431 = CARTESIAN_POINT ( 'NONE',  ( -6.104418189141906800E-007, -3.874999967615060400, -1.499999999999867700 ) ) ;
#432 = CARTESIAN_POINT ( 'NONE',  ( -0.6785258820616625300, 5.979166699051592800, -1.175240197447203300 ) ) ;
#433 = LINE ( 'NONE', #3591, #2638 ) ;
#434 = CARTESIAN_POINT ( 'NONE',  ( 1.732050807568732200, -5.937499967615075000, -7.048774963870500300E-007 ) ) ;
#435 = CARTESIAN_POINT ( 'NONE',  ( -1.299038410897458900, 6.770833365718258000, -0.7499994713418151000 ) ) ;
#436 = CARTESIAN_POINT ( 'NONE',  ( 0.6785258820616618700, -1.270833300948407400, 1.175240197447203500 ) ) ;
#437 = EDGE_CURVE ( 'NONE', #3812, #3008, #2556, .T. ) ;
#438 = CARTESIAN_POINT ( 'NONE',  ( -1.357050807568750000, 6.500000032384924100, 5.522670419464453600E-007 ) ) ;
#439 = CARTESIAN_POINT ( 'NONE',  ( 0.8660260142261802000, -4.583333300948393900, 1.499999647561119900 ) ) ;
#440 = CARTESIAN_POINT ( 'NONE',  ( 1.299038410897452200, -4.541666634281726900, 0.7499994713418120000 ) ) ;
#441 = CARTESIAN_POINT ( 'NONE',  ( 1.017788344815205900, -6.291666634281741100, 0.5876198225900816100 ) ) ;
#442 = CARTESIAN_POINT ( 'NONE',  ( 6.104418183075187900E-007, -0.06249996761507458500, 1.499999999999874800 ) ) ;
#443 = CARTESIAN_POINT ( 'NONE',  ( -4.782772882819589800E-007, 6.937500032384925900, -1.175240473580724300 ) ) ;
#444 = CARTESIAN_POINT ( 'NONE',  ( 1.499999999999998400, -1.937500001528508700, -9.005843993035976600E-016 ) ) ;
#445 = CARTESIAN_POINT ( 'NONE',  ( -0.8660247933425482300, -6.604166634281741100, 1.500000352438622500 ) ) ;
#446 = ORIENTED_EDGE ( 'NONE', *, *, #563, .F. ) ;
#447 = CARTESIAN_POINT ( 'NONE',  ( 1.017787866537917900, -5.645833300948408100, -0.5876206509906427600 ) ) ;
#448 = CARTESIAN_POINT ( 'NONE',  ( -0.6785249255070867600, 0.6458333657182586700, 1.175240749714245200 ) ) ;
#449 = ORIENTED_EDGE ( 'NONE', *, *, #463, .T. ) ;
#450 = CARTESIAN_POINT ( 'NONE',  ( 1.499999999999998400, -2.437500001528508900, -9.005843993035976600E-016 ) ) ;
#451 = CARTESIAN_POINT ( 'NONE',  ( -1.357050807568749100, -5.937499967615075000, 5.522670419464448300E-007 ) ) ;
#452 = CARTESIAN_POINT ( 'NONE',  ( -1.357050807568749100, 1.562500032384926100, 5.522670419464448300E-007 ) ) ;
#453 = CARTESIAN_POINT ( 'NONE',  ( 1.299038410897452200, -4.041666634281726900, 0.7499994713418120000 ) ) ;
#454 = CARTESIAN_POINT ( 'NONE',  ( -1.357050807568750000, -5.999999967615074100, 5.522670419464453600E-007 ) ) ;
#455 = DIRECTION ( 'NONE',  ( 3.524813029019035100E-017, 1.000000000000000000, 0.0000000000000000000 ) ) ;
#456 = CARTESIAN_POINT ( 'NONE',  ( 0.6785249255070866500, 5.895833365718258900, -1.175240749714245000 ) ) ;
#457 = CARTESIAN_POINT ( 'NONE',  ( -3.460191456820337600E-016, -6.000000000000001800, 0.0000000000000000000 ) ) ;
#458 = EDGE_LOOP ( 'NONE', ( #2562, #864, #3066, #317 ) ) ;
#459 = CARTESIAN_POINT ( 'NONE',  ( 1.299038410897458200, -5.979166634281741100, 0.7499994713418155500 ) ) ;
#460 = APPROVAL_ROLE ( '' ) ;
#461 = CARTESIAN_POINT ( 'NONE',  ( 1.301882937713197700, -5.823117062286798700, 9.822383532107793400E-012 ) ) ;
#462 = CARTESIAN_POINT ( 'NONE',  ( 0.6785258820616624200, -3.833333300948408100, 1.175240197447204600 ) ) ;
#463 = EDGE_CURVE ( 'NONE', #1151, #1042, #3173, .T. ) ;
#464 = CARTESIAN_POINT ( 'NONE',  ( -0.6785258820616625300, 0.9791666990515919300, -1.175240197447203300 ) ) ;
#465 = FACE_OUTER_BOUND ( 'NONE', #1057, .T. ) ;
#466 = CARTESIAN_POINT ( 'NONE',  ( 1.240416021130248800, 0.3595839788697571300, -0.1414156101860842600 ) ) ;
#467 = AXIS2_PLACEMENT_3D ( 'NONE', #2225, #620, #4100 ) ;
#468 = CARTESIAN_POINT ( 'NONE',  ( 0.6785258820616618700, 2.229166699051591900, 1.175240197447203500 ) ) ;
#469 = CARTESIAN_POINT ( 'NONE',  ( -1.299038410897452900, -3.291666634281726900, -0.7499994713418116600 ) ) ;
#470 = CARTESIAN_POINT ( 'NONE',  ( 1.017787866537918800, -5.708333300948408100, -0.5876206509906432000 ) ) ;
#471 = CARTESIAN_POINT ( 'NONE',  ( -1.204246820910470200, -5.920753179089528500, 2.324088772396382000E-016 ) ) ;
#472 = ORIENTED_EDGE ( 'NONE', *, *, #3055, .F. ) ;
#473 = CARTESIAN_POINT ( 'NONE',  ( -1.017788344815205900, 7.020833365718258000, -0.5876198225900807200 ) ) ;
#474 = CARTESIAN_POINT ( 'NONE',  ( -1.299038410897452900, -0.2916666342817272900, -0.7499994713418116600 ) ) ;
#475 = CARTESIAN_POINT ( 'NONE',  ( -1.299037800455640400, -5.145833300948407200, 0.7500005286580595500 ) ) ;
#476 =( GEOMETRIC_REPRESENTATION_CONTEXT ( 3 ) GLOBAL_UNCERTAINTY_ASSIGNED_CONTEXT ( ( #1404 ) ) GLOBAL_UNIT_ASSIGNED_CONTEXT ( ( #1666, #2289, #725 ) ) REPRESENTATION_CONTEXT ( 'NONE', 'WORKASPACE' ) );
#477 = VECTOR ( 'NONE', #3592, 1000.000000000000000 ) ;
#478 = CARTESIAN_POINT ( 'NONE',  ( -0.6785258820616625300, -5.020833300948407200, -1.175240197447203300 ) ) ;
#479 = ORIENTED_EDGE ( 'NONE', *, *, #1568, .F. ) ;
#480 = CARTESIAN_POINT ( 'NONE',  ( -1.357050807568750000, -3.999999967615074600, 5.522670419464452500E-007 ) ) ;
#481 = CARTESIAN_POINT ( 'NONE',  ( 0.6785249255070872100, -1.666666634281741600, -1.175240749714245600 ) ) ;
#482 = CARTESIAN_POINT ( 'NONE',  ( -4.782772882819589800E-007, 0.9375000323849254100, -1.175240473580724300 ) ) ;
#483 = DATE_AND_TIME ( #4051, #43 ) ;
#484 = CARTESIAN_POINT ( 'NONE',  ( 1.017787866537917900, -4.645833300948408100, -0.5876206509906427600 ) ) ;
#485 = CARTESIAN_POINT ( 'NONE',  ( -0.6785249255070867600, 1.145833365718258200, 1.175240749714245200 ) ) ;
#486 = CARTESIAN_POINT ( 'NONE',  ( -1.299037800455634400, -2.208333300948393400, 0.7500005286580560000 ) ) ;
#487 = CARTESIAN_POINT ( 'NONE',  ( 0.8660260142261802000, -1.083333300948393400, 1.499999647561119900 ) ) ;
#488 = CARTESIAN_POINT ( 'NONE',  ( -1.050943897842541400, -5.625000000000000900, 1.070288243225872200 ) ) ;
#489 = CYLINDRICAL_SURFACE ( 'NONE', #1631, 3.166666666666686500 ) ;
#490 = CARTESIAN_POINT ( 'NONE',  ( 0.6785249255070866500, 4.895833365718258000, -1.175240749714245000 ) ) ;
#491 = CARTESIAN_POINT ( 'NONE',  ( -1.017788344815206500, -2.541666634281741600, -0.5876198225900811600 ) ) ;
#492 = CARTESIAN_POINT ( 'NONE',  ( 0.8660247933425482300, -5.354166634281741100, -1.500000352438622500 ) ) ;
#493 = EDGE_CURVE ( 'NONE', #1015, #2326, #3023, .T. ) ;
#494 =( BOUNDED_SURFACE ( )  B_SPLINE_SURFACE ( 1, 2, ( 
 ( #2661, #749, #1413, #3625, #1117, #2975, #1442, #790, #1072, #2041, #1734, #2320, #1719, #3639, #1101, #451, #2026, #3920, #114, #1059, #125, #2951, #2645, #3610, #3302, #1763, #3951, #777, #2057, #1398, #429, #1082, #3261, #1389, #2963, #1748, #3581, #3287, #1706, #2631, #763, #803, #3936, #2991, #152, #2365, #484, #3894, #2332, #3595, #1010, #3540, #1261, #1902, #3723, #2495, #588, #4058, #632, #1849, #951, #4044, #3764, #2170, #1219, #4098, #3738, #1526, #605, #2156, #1580, #315, #3409, #3437, #3778, #2813, #3077, #272, #2212, #1864, #3421, #3124, #2480, #253, #617, #2774, #1236, #936, #2467, #3466, #1202, #3111, #648, #2520, #4069, #907, #1541, #2826, #1250, #2789, #3095, #288, #923, #3136, #1555, #3753, #1878, #2185, #2802, #3452, #1569, #1890, #4085, #2197, #303, #2509, #375, #3163, #1296, #2529, #1946, #3826, #3478, #2271, #2246, #46, #973, #3186, #1595, #32, #2257, #3839, #1634, #1960, #1311, #3801, #680, #351, #706, #339, #57, #2863, #3175, #2538, #2570, #3789, #962, #3151, #670, #2549, #361, #1272, #1913, #3502, #694, #1608, #9, #3814, #2223, #327, #1620, #2558, #660, #2850, #2836, #1285, #3489, #1324, #1938, #3524, #996, #3512, #2878, #1925, #1006, #3202, #1647, #21, #2234, #983, #1764, #3535, #2353, #390, #3907, #485, #1657, #804, #3850, #3626, #2028, #1073, #3952, #3597, #1337, #452, #1974, #1443, #173, #3214, #3290, #3640, #2680, #2890, #126, #2073, #1721, #3274, #2977, #2342, #69, #468, #2633, #1083, #791, #2282, #3320, #1017, #2964, #501, #2383, #3922, #765, #1399, #2692, #1102, #2646, #2952, #137, #778, #2992, #1119, #1414, #3611, #2042, #1735, #2662, #3303, #1430, #1749, #3937, #2058, #153, #2366, #1458, #2089, #3338, #3026, #838, #3006, #3672, #2400, #1148, #3655, #2709, #820, #3357, #1475, #1796, #1132, #1780, #3970, #187, #519, #2650, #2996, #2637, #157, #1088, #1402, #769, #782, #2063, #3888, #2370, #490, #2956, #2346, #3927, #2684, #808, #1726, #2981, #3899, #3252, #2033, #2009, #1382, #3600, #2047, #3573, #1077, #1700, #3587, #1392, #3630, #130, #1753, #3910, #456, #1738, #432, #3294, #2967, #1419, #2666, #142, #1434, #107, #2323, #3615, #754, #117, #794, #2621, #1106, #2943, #2357, #2336, #1710, #1063, #2019, #3265, #3279, #443, #3940, #473, #3308, #1479, #1831, #874, #1121, #2406, #4029, #1786, #3343, #1170 ),
 ( #2420, #2436, #3660, #3676, #2127, #3325, #3063, #3049, #2077, #524, #225, #2386, #1446, #826, #1769, #1155, #891, #3377, #2713, #2450, #3645, #558, #1511, #541, #1496, #177, #3033, #2698, #3012, #1137, #3392, #2745, #2728, #2139, #3959, #240, #3976, #3361, #2093, #858, #505, #3691, #1186, #843, #1801, #3998, #2109, #3707, #1463, #192, #209, #1816, #4011, #574, #2759, #3677, #2128, #3326, #2685, #809, #1817, #3960, #1802, #1107, #1497, #2746, #542, #2110, #875, #3309, #226, #2064, #3977, #3050, #559, #3378, #2714, #1435, #2997, #2078, #3693, #1156, #2371, #1171, #179, #210, #1787, #4012, #1464, #3999, #2094, #2387, #2729, #3631, #859, #2437, #3661, #1122, #491, #3345, #2699, #1754, #1138, #193, #1480, #3941, #3646, #827, #506, #158, #1770, #844, #3034, #1447, #3362, #3013, #2421, #2408, #525, #3112, #1833, #618, #3708, #2803, #3454, #3078, #924, #273, #290, #1527, #3422, #4070, #1187, #937, #1237, #4030, #2468, #2186, #241, #3393, #2760, #2140, #3097, #2814, #3438, #589, #304, #1512, #2496, #1570, #2481, #1556, #2451, #908, #575, #893, #1203, #1251, #3125, #606, #1891, #3410, #2198, #3724, #1220, #1850, #2790, #3064, #3754, #3765, #2775, #1542, #3739, #1865, #4086, #4045, #2157, #254, #4059, #2172, #1879, #2511, #633, #3503, #1947, #3152, #2521, #650, #1635, #3791, #1621, #952, #1312, #2559, #352, #1939, #695, #3137, #47, #1903, #3802, #2864, #362, #3188, #2539, #1262, #2827, #1914, #3513, #984, #2213, #997, #10, #34, #1609, #3827, #1286, #3815, #1927, #2224, #2550, #3467, #681, #2259, #3490, #963, #316, #3164, #2530, #1581, #974, #22, #1297, #3779, #3479, #661, #328, #4099, #1596, #671, #2851, #1273, #3176, #2837, #2247, #2235, #340, #2911, #1648, #414, #3525, #2605, #3247, #2891, #729, #82, #95, #1339, #3228, #3874, #1007, #740, #1037, #3840, #2283, #1996, #58, #3203, #2571, #1961, #2899, #2617, #3236, #392, #104, #1326, #2305, #1376, #2294, #1364, #2272, #718, #377, #707, #1018, #1047, #2924, #402, #1695, #3215, #2004, #3537, #1029, #1658, #2596, #2880, #3557, #3567, #2585, #1350, #3548, #1673, #3884, #3851, #1975, #70, #3862, #1984, #1686, #2319, #428, #3301, #1762, #2950, #2331, #438, #1441, #3594, #1428, #748, #1116, #2381, #151, #1747, #499, #2938, #3950, #1705, #3609, #2677, #169, #2990, #2352, #1058, #2630, #1718, #3318 ) ),
 .UNSPECIFIED., .F., .F., .T. ) 
 B_SPLINE_SURFACE_WITH_KNOTS ( ( 2, 2 ),
 ( 3, 2, 2, 2, 2, 2, 2, 2, 2, 2, 2, 2, 2, 2, 2, 2, 2, 2, 2, 2, 2, 2, 2, 2, 2, 2, 2, 2, 2, 2, 2, 2, 2, 2, 2, 2, 2, 2, 2, 2, 2, 2, 2, 2, 2, 2, 2, 2, 2, 2, 2, 2, 2, 2, 2, 2, 2, 2, 2, 2, 2, 2, 2, 2, 2, 2, 2, 2, 2, 2, 2, 2, 2, 2, 2, 2, 2, 2, 2, 2, 2, 2, 2, 2, 2, 2, 2, 2, 2, 2, 2, 2, 2, 2, 2, 2, 2, 2, 2, 2, 2, 2, 2, 2, 2, 2, 2, 2, 2, 2, 2, 2, 2, 2, 2, 2, 2, 2, 2, 2, 2, 2, 2, 2, 2, 2, 2, 2, 2, 2, 2, 2, 2, 2, 2, 2, 2, 2, 2, 2, 2, 2, 2, 2, 2, 2, 2, 2, 2, 2, 2, 2, 2, 2, 2, 2, 2, 2, 2, 2, 2, 2, 2, 2, 2, 2, 2, 2, 3 ),
 ( 0.0000000000000000000, 1.000000000000000000 ),
 ( 0.0000000000000000000, 0.005952380952380952100, 0.01190476190476190400, 0.01785714285714285600, 0.02380952380952380800, 0.02976190476190476000, 0.03571428571428571200, 0.04166666666666666400, 0.04761904761904761600, 0.05357142857142856800, 0.05952380952380952100, 0.06547619047619047900, 0.07142857142857142500, 0.07738095238095238400, 0.08333333333333332900, 0.08928571428571428800, 0.09523809523809523300, 0.1011904761904761900, 0.1071428571428571400, 0.1130952380952381000, 0.1190476190476190400, 0.1250000000000000000, 0.1309523809523809600, 0.1369047619047619200, 0.1428571428571428500, 0.1488095238095238100, 0.1547619047619047700, 0.1607142857142857300, 0.1666666666666666600, 0.1726190476190476200, 0.1785714285714285800, 0.1845238095238095300, 0.1904761904761904700, 0.1964285714285714200, 0.2023809523809523800, 0.2083333333333333400, 0.2142857142857142700, 0.2202380952380952300, 0.2261904761904761900, 0.2321428571428571500, 0.2380952380952380800, 0.2440476190476190400, 0.2500000000000000000, 0.2559523809523809300, 0.2619047619047619200, 0.2678571428571428500, 0.2738095238095238400, 0.2797619047619047700, 0.2857142857142857000, 0.2916666666666666900, 0.2976190476190476200, 0.3035714285714285500, 0.3095238095238095300, 0.3154761904761904700, 0.3214285714285714500, 0.3273809523809523800, 0.3333333333333333100, 0.3392857142857143000, 0.3452380952380952300, 0.3511904761904761600, 0.3571428571428571500, 0.3630952380952380800, 0.3690476190476190700, 0.3750000000000000000, 0.3809523809523809300, 0.3869047619047619200, 0.3928571428571428500, 0.3988095238095238400, 0.4047619047619047700, 0.4107142857142857000, 0.4166666666666666900, 0.4226190476190476200, 0.4285714285714285500, 0.4345238095238095300, 0.4404761904761904700, 0.4464285714285714500, 0.4523809523809523800, 0.4583333333333333100, 0.4642857142857143000, 0.4702380952380952300, 0.4761904761904761600, 0.4821428571428571500, 0.4880952380952380800, 0.4940476190476190700, 0.5000000000000000000, 0.5059523809523809300, 0.5119047619047618600, 0.5178571428571429000, 0.5238095238095238400, 0.5297619047619047700, 0.5357142857142857000, 0.5416666666666666300, 0.5476190476190476700, 0.5535714285714286000, 0.5595238095238095300, 0.5654761904761904700, 0.5714285714285714000, 0.5773809523809523300, 0.5833333333333333700, 0.5892857142857143000, 0.5952380952380952300, 0.6011904761904761600, 0.6071428571428571000, 0.6130952380952381400, 0.6190476190476190700, 0.6250000000000000000, 0.6309523809523809300, 0.6369047619047618600, 0.6428571428571429000, 0.6488095238095238400, 0.6547619047619047700, 0.6607142857142857000, 0.6666666666666666300, 0.6726190476190476700, 0.6785714285714286000, 0.6845238095238095300, 0.6904761904761904700, 0.6964285714285714000, 0.7023809523809523300, 0.7083333333333333700, 0.7142857142857143000, 0.7202380952380952300, 0.7261904761904761600, 0.7321428571428571000, 0.7380952380952381400, 0.7440476190476190700, 0.7500000000000000000, 0.7559523809523809300, 0.7619047619047618600, 0.7678571428571429000, 0.7738095238095238400, 0.7797619047619047700, 0.7857142857142857000, 0.7916666666666666300, 0.7976190476190476700, 0.8035714285714286000, 0.8095238095238095300, 0.8154761904761904700, 0.8214285714285714000, 0.8273809523809523300, 0.8333333333333333700, 0.8392857142857143000, 0.8452380952380952300, 0.8511904761904761600, 0.8571428571428571000, 0.8630952380952381400, 0.8690476190476190700, 0.8750000000000000000, 0.8809523809523809300, 0.8869047619047618600, 0.8928571428571429000, 0.8988095238095238400, 0.9047619047619047700, 0.9107142857142857000, 0.9166666666666666300, 0.9226190476190476700, 0.9285714285714286000, 0.9345238095238095300, 0.9404761904761904700, 0.9464285714285714000, 0.9523809523809523300, 0.9583333333333333700, 0.9642857142857143000, 0.9702380952380952300, 0.9761904761904761600, 0.9821428571428571000, 0.9880952380952381400, 0.9940476190476190700, 1.000000000000000000 ),
 .UNSPECIFIED. ) 
 GEOMETRIC_REPRESENTATION_ITEM ( )  RATIONAL_B_SPLINE_SURFACE ( (
 ( 1.000000000000000000, 0.8660254037844387100, 1.000000000000000000, 0.8660254037844387100, 1.000000000000000000, 0.8660254037844387100, 1.000000000000000000, 0.8660254037844387100, 1.000000000000000000, 0.8660254037844387100, 1.000000000000000000, 0.8660254037844387100, 1.000000000000000000, 0.8660254037844387100, 1.000000000000000000, 0.8660254037844387100, 1.000000000000000000, 0.8660254037844387100, 1.000000000000000000, 0.8660254037844387100, 1.000000000000000000, 0.8660254037844387100, 1.000000000000000000, 0.8660254037844387100, 1.000000000000000000, 0.8660254037844387100, 1.000000000000000000, 0.8660254037844387100, 1.000000000000000000, 0.8660254037844387100, 1.000000000000000000, 0.8660254037844387100, 1.000000000000000000, 0.8660254037844387100, 1.000000000000000000, 0.8660254037844387100, 1.000000000000000000, 0.8660254037844387100, 1.000000000000000000, 0.8660254037844387100, 1.000000000000000000, 0.8660254037844387100, 1.000000000000000000, 0.8660254037844387100, 1.000000000000000000, 0.8660254037844387100, 1.000000000000000000, 0.8660254037844387100, 1.000000000000000000, 0.8660254037844387100, 1.000000000000000000, 0.8660254037844387100, 1.000000000000000000, 0.8660254037844387100, 1.000000000000000000, 0.8660254037844387100, 1.000000000000000000, 0.8660254037844387100, 1.000000000000000000, 0.8660254037844387100, 1.000000000000000000, 0.8660254037844387100, 1.000000000000000000, 0.8660254037844387100, 1.000000000000000000, 0.8660254037844387100, 1.000000000000000000, 0.8660254037844387100, 1.000000000000000000, 0.8660254037844387100, 1.000000000000000000, 0.8660254037844387100, 1.000000000000000000, 0.8660254037844387100, 1.000000000000000000, 0.8660254037844387100, 1.000000000000000000, 0.8660254037844387100, 1.000000000000000000, 0.8660254037844387100, 1.000000000000000000, 0.8660254037844387100, 1.000000000000000000, 0.8660254037844387100, 1.000000000000000000, 0.8660254037844387100, 1.000000000000000000, 0.8660254037844387100, 1.000000000000000000, 0.8660254037844387100, 1.000000000000000000, 0.8660254037844387100, 1.000000000000000000, 0.8660254037844387100, 1.000000000000000000, 0.8660254037844387100, 1.000000000000000000, 0.8660254037844387100, 1.000000000000000000, 0.8660254037844387100, 1.000000000000000000, 0.8660254037844387100, 1.000000000000000000, 0.8660254037844387100, 1.000000000000000000, 0.8660254037844387100, 1.000000000000000000, 0.8660254037844387100, 1.000000000000000000, 0.8660254037844387100, 1.000000000000000000, 0.8660254037844387100, 1.000000000000000000, 0.8660254037844387100, 1.000000000000000000, 0.8660254037844387100, 1.000000000000000000, 0.8660254037844387100, 1.000000000000000000, 0.8660254037844387100, 1.000000000000000000, 0.8660254037844387100, 1.000000000000000000, 0.8660254037844387100, 1.000000000000000000, 0.8660254037844387100, 1.000000000000000000, 0.8660254037844387100, 1.000000000000000000, 0.8660254037844387100, 1.000000000000000000, 0.8660254037844387100, 1.000000000000000000, 0.8660254037844387100, 1.000000000000000000, 0.8660254037844387100, 1.000000000000000000, 0.8660254037844387100, 1.000000000000000000, 0.8660254037844387100, 1.000000000000000000, 0.8660254037844387100, 1.000000000000000000, 0.8660254037844387100, 1.000000000000000000, 0.8660254037844387100, 1.000000000000000000, 0.8660254037844387100, 1.000000000000000000, 0.8660254037844387100, 1.000000000000000000, 0.8660254037844387100, 1.000000000000000000, 0.8660254037844387100, 1.000000000000000000, 0.8660254037844387100, 1.000000000000000000, 0.8660254037844387100, 1.000000000000000000, 0.8660254037844387100, 1.000000000000000000, 0.8660254037844387100, 1.000000000000000000, 0.8660254037844387100, 1.000000000000000000, 0.8660254037844387100, 1.000000000000000000, 0.8660254037844387100, 1.000000000000000000, 0.8660254037844387100, 1.000000000000000000, 0.8660254037844387100, 1.000000000000000000, 0.8660254037844387100, 1.000000000000000000, 0.8660254037844387100, 1.000000000000000000, 0.8660254037844387100, 1.000000000000000000, 0.8660254037844387100, 1.000000000000000000, 0.8660254037844387100, 1.000000000000000000, 0.8660254037844387100, 1.000000000000000000, 0.8660254037844387100, 1.000000000000000000, 0.8660254037844387100, 1.000000000000000000, 0.8660254037844387100, 1.000000000000000000, 0.8660254037844387100, 1.000000000000000000, 0.8660254037844387100, 1.000000000000000000, 0.8660254037844387100, 1.000000000000000000, 0.8660254037844387100, 1.000000000000000000, 0.8660254037844387100, 1.000000000000000000, 0.8660254037844387100, 1.000000000000000000, 0.8660254037844387100, 1.000000000000000000, 0.8660254037844387100, 1.000000000000000000, 0.8660254037844387100, 1.000000000000000000, 0.8660254037844387100, 1.000000000000000000, 0.8660254037844387100, 1.000000000000000000, 0.8660254037844387100, 1.000000000000000000, 0.8660254037844387100, 1.000000000000000000, 0.8660254037844387100, 1.000000000000000000, 0.8660254037844387100, 1.000000000000000000, 0.8660254037844387100, 1.000000000000000000, 0.8660254037844387100, 1.000000000000000000, 0.8660254037844387100, 1.000000000000000000, 0.8660254037844387100, 1.000000000000000000, 0.8660254037844387100, 1.000000000000000000, 0.8660254037844387100, 1.000000000000000000, 0.8660254037844387100, 1.000000000000000000, 0.8660254037844387100, 1.000000000000000000, 0.8660254037844387100, 1.000000000000000000, 0.8660254037844387100, 1.000000000000000000, 0.8660254037844387100, 1.000000000000000000, 0.8660254037844387100, 1.000000000000000000, 0.8660254037844387100, 1.000000000000000000, 0.8660254037844387100, 1.000000000000000000, 0.8660254037844387100, 1.000000000000000000, 0.8660254037844387100, 1.000000000000000000, 0.8660254037844387100, 1.000000000000000000, 0.8660254037844387100, 1.000000000000000000, 0.8660254037844387100, 1.000000000000000000, 0.8660254037844387100, 1.000000000000000000, 0.8660254037844387100, 1.000000000000000000, 0.8660254037844387100, 1.000000000000000000, 0.8660254037844387100, 1.000000000000000000, 0.8660254037844387100, 1.000000000000000000, 0.8660254037844387100, 1.000000000000000000, 0.8660254037844387100, 1.000000000000000000, 0.8660254037844387100, 1.000000000000000000, 0.8660254037844387100, 1.000000000000000000, 0.8660254037844387100, 1.000000000000000000, 0.8660254037844387100, 1.000000000000000000, 0.8660254037844387100, 1.000000000000000000, 0.8660254037844387100, 1.000000000000000000, 0.8660254037844387100, 1.000000000000000000, 0.8660254037844387100, 1.000000000000000000, 0.8660254037844387100, 1.000000000000000000, 0.8660254037844387100, 1.000000000000000000, 0.8660254037844387100, 1.000000000000000000, 0.8660254037844387100, 1.000000000000000000, 0.8660254037844387100, 1.000000000000000000, 0.8660254037844387100, 1.000000000000000000, 0.8660254037844387100, 1.000000000000000000, 0.8660254037844387100, 1.000000000000000000, 0.8660254037844387100, 1.000000000000000000, 0.8660254037844387100, 1.000000000000000000, 0.8660254037844387100, 1.000000000000000000, 0.8660254037844387100, 1.000000000000000000, 0.8660254037844387100, 1.000000000000000000, 0.8660254037844387100, 1.000000000000000000, 0.8660254037844387100, 1.000000000000000000, 0.8660254037844387100, 1.000000000000000000, 0.8660254037844387100, 1.000000000000000000, 0.8660254037844387100, 1.000000000000000000, 0.8660254037844387100, 1.000000000000000000, 0.8660254037844387100, 1.000000000000000000, 0.8660254037844387100, 1.000000000000000000, 0.8660254037844387100, 1.000000000000000000, 0.8660254037844387100, 1.000000000000000000, 0.8660254037844387100, 1.000000000000000000),
 ( 1.000000000000000000, 0.8660254037844387100, 1.000000000000000000, 0.8660254037844387100, 1.000000000000000000, 0.8660254037844387100, 1.000000000000000000, 0.8660254037844387100, 1.000000000000000000, 0.8660254037844387100, 1.000000000000000000, 0.8660254037844387100, 1.000000000000000000, 0.8660254037844387100, 1.000000000000000000, 0.8660254037844387100, 1.000000000000000000, 0.8660254037844387100, 1.000000000000000000, 0.8660254037844387100, 1.000000000000000000, 0.8660254037844387100, 1.000000000000000000, 0.8660254037844387100, 1.000000000000000000, 0.8660254037844387100, 1.000000000000000000, 0.8660254037844387100, 1.000000000000000000, 0.8660254037844387100, 1.000000000000000000, 0.8660254037844387100, 1.000000000000000000, 0.8660254037844387100, 1.000000000000000000, 0.8660254037844387100, 1.000000000000000000, 0.8660254037844387100, 1.000000000000000000, 0.8660254037844387100, 1.000000000000000000, 0.8660254037844387100, 1.000000000000000000, 0.8660254037844387100, 1.000000000000000000, 0.8660254037844387100, 1.000000000000000000, 0.8660254037844387100, 1.000000000000000000, 0.8660254037844387100, 1.000000000000000000, 0.8660254037844387100, 1.000000000000000000, 0.8660254037844387100, 1.000000000000000000, 0.8660254037844387100, 1.000000000000000000, 0.8660254037844387100, 1.000000000000000000, 0.8660254037844387100, 1.000000000000000000, 0.8660254037844387100, 1.000000000000000000, 0.8660254037844387100, 1.000000000000000000, 0.8660254037844387100, 1.000000000000000000, 0.8660254037844387100, 1.000000000000000000, 0.8660254037844387100, 1.000000000000000000, 0.8660254037844387100, 1.000000000000000000, 0.8660254037844387100, 1.000000000000000000, 0.8660254037844387100, 1.000000000000000000, 0.8660254037844387100, 1.000000000000000000, 0.8660254037844387100, 1.000000000000000000, 0.8660254037844387100, 1.000000000000000000, 0.8660254037844387100, 1.000000000000000000, 0.8660254037844387100, 1.000000000000000000, 0.8660254037844387100, 1.000000000000000000, 0.8660254037844387100, 1.000000000000000000, 0.8660254037844387100, 1.000000000000000000, 0.8660254037844387100, 1.000000000000000000, 0.8660254037844387100, 1.000000000000000000, 0.8660254037844387100, 1.000000000000000000, 0.8660254037844387100, 1.000000000000000000, 0.8660254037844387100, 1.000000000000000000, 0.8660254037844387100, 1.000000000000000000, 0.8660254037844387100, 1.000000000000000000, 0.8660254037844387100, 1.000000000000000000, 0.8660254037844387100, 1.000000000000000000, 0.8660254037844387100, 1.000000000000000000, 0.8660254037844387100, 1.000000000000000000, 0.8660254037844387100, 1.000000000000000000, 0.8660254037844387100, 1.000000000000000000, 0.8660254037844387100, 1.000000000000000000, 0.8660254037844387100, 1.000000000000000000, 0.8660254037844387100, 1.000000000000000000, 0.8660254037844387100, 1.000000000000000000, 0.8660254037844387100, 1.000000000000000000, 0.8660254037844387100, 1.000000000000000000, 0.8660254037844387100, 1.000000000000000000, 0.8660254037844387100, 1.000000000000000000, 0.8660254037844387100, 1.000000000000000000, 0.8660254037844387100, 1.000000000000000000, 0.8660254037844387100, 1.000000000000000000, 0.8660254037844387100, 1.000000000000000000, 0.8660254037844387100, 1.000000000000000000, 0.8660254037844387100, 1.000000000000000000, 0.8660254037844387100, 1.000000000000000000, 0.8660254037844387100, 1.000000000000000000, 0.8660254037844387100, 1.000000000000000000, 0.8660254037844387100, 1.000000000000000000, 0.8660254037844387100, 1.000000000000000000, 0.8660254037844387100, 1.000000000000000000, 0.8660254037844387100, 1.000000000000000000, 0.8660254037844387100, 1.000000000000000000, 0.8660254037844387100, 1.000000000000000000, 0.8660254037844387100, 1.000000000000000000, 0.8660254037844387100, 1.000000000000000000, 0.8660254037844387100, 1.000000000000000000, 0.8660254037844387100, 1.000000000000000000, 0.8660254037844387100, 1.000000000000000000, 0.8660254037844387100, 1.000000000000000000, 0.8660254037844387100, 1.000000000000000000, 0.8660254037844387100, 1.000000000000000000, 0.8660254037844387100, 1.000000000000000000, 0.8660254037844387100, 1.000000000000000000, 0.8660254037844387100, 1.000000000000000000, 0.8660254037844387100, 1.000000000000000000, 0.8660254037844387100, 1.000000000000000000, 0.8660254037844387100, 1.000000000000000000, 0.8660254037844387100, 1.000000000000000000, 0.8660254037844387100, 1.000000000000000000, 0.8660254037844387100, 1.000000000000000000, 0.8660254037844387100, 1.000000000000000000, 0.8660254037844387100, 1.000000000000000000, 0.8660254037844387100, 1.000000000000000000, 0.8660254037844387100, 1.000000000000000000, 0.8660254037844387100, 1.000000000000000000, 0.8660254037844387100, 1.000000000000000000, 0.8660254037844387100, 1.000000000000000000, 0.8660254037844387100, 1.000000000000000000, 0.8660254037844387100, 1.000000000000000000, 0.8660254037844387100, 1.000000000000000000, 0.8660254037844387100, 1.000000000000000000, 0.8660254037844387100, 1.000000000000000000, 0.8660254037844387100, 1.000000000000000000, 0.8660254037844387100, 1.000000000000000000, 0.8660254037844387100, 1.000000000000000000, 0.8660254037844387100, 1.000000000000000000, 0.8660254037844387100, 1.000000000000000000, 0.8660254037844387100, 1.000000000000000000, 0.8660254037844387100, 1.000000000000000000, 0.8660254037844387100, 1.000000000000000000, 0.8660254037844387100, 1.000000000000000000, 0.8660254037844387100, 1.000000000000000000, 0.8660254037844387100, 1.000000000000000000, 0.8660254037844387100, 1.000000000000000000, 0.8660254037844387100, 1.000000000000000000, 0.8660254037844387100, 1.000000000000000000, 0.8660254037844387100, 1.000000000000000000, 0.8660254037844387100, 1.000000000000000000, 0.8660254037844387100, 1.000000000000000000, 0.8660254037844387100, 1.000000000000000000, 0.8660254037844387100, 1.000000000000000000, 0.8660254037844387100, 1.000000000000000000, 0.8660254037844387100, 1.000000000000000000, 0.8660254037844387100, 1.000000000000000000, 0.8660254037844387100, 1.000000000000000000, 0.8660254037844387100, 1.000000000000000000, 0.8660254037844387100, 1.000000000000000000, 0.8660254037844387100, 1.000000000000000000, 0.8660254037844387100, 1.000000000000000000, 0.8660254037844387100, 1.000000000000000000, 0.8660254037844387100, 1.000000000000000000, 0.8660254037844387100, 1.000000000000000000, 0.8660254037844387100, 1.000000000000000000, 0.8660254037844387100, 1.000000000000000000, 0.8660254037844387100, 1.000000000000000000, 0.8660254037844387100, 1.000000000000000000, 0.8660254037844387100, 1.000000000000000000, 0.8660254037844387100, 1.000000000000000000, 0.8660254037844387100, 1.000000000000000000, 0.8660254037844387100, 1.000000000000000000, 0.8660254037844387100, 1.000000000000000000, 0.8660254037844387100, 1.000000000000000000, 0.8660254037844387100, 1.000000000000000000, 0.8660254037844387100, 1.000000000000000000, 0.8660254037844387100, 1.000000000000000000, 0.8660254037844387100, 1.000000000000000000, 0.8660254037844387100, 1.000000000000000000, 0.8660254037844387100, 1.000000000000000000, 0.8660254037844387100, 1.000000000000000000, 0.8660254037844387100, 1.000000000000000000, 0.8660254037844387100, 1.000000000000000000, 0.8660254037844387100, 1.000000000000000000, 0.8660254037844387100, 1.000000000000000000, 0.8660254037844387100, 1.000000000000000000, 0.8660254037844387100, 1.000000000000000000, 0.8660254037844387100, 1.000000000000000000, 0.8660254037844387100, 1.000000000000000000, 0.8660254037844387100, 1.000000000000000000, 0.8660254037844387100, 1.000000000000000000) ) ) 
 REPRESENTATION_ITEM ( '' )  SURFACE ( )  );
#495 = CARTESIAN_POINT ( 'NONE',  ( 1.357050807568748400, -5.687499967615075000, -5.522670417802541100E-007 ) ) ;
#496 = CARTESIAN_POINT ( 'NONE',  ( -4.782772882819593000E-007, -4.624999967615074100, -1.175240473580725100 ) ) ;
#497 = CARTESIAN_POINT ( 'NONE',  ( 1.357050807568749500, -1.249999967615075000, -5.522670417802544300E-007 ) ) ;
#498 = CARTESIAN_POINT ( 'NONE',  ( -1.017787866537917900, 2.104166699051591900, 0.5876206509906434200 ) ) ;
#499 = CARTESIAN_POINT ( 'NONE',  ( -4.782772882819593000E-007, 6.875000032384925900, -1.175240473580725100 ) ) ;
#500 = CARTESIAN_POINT ( 'NONE',  ( -1.017788344815205900, 3.520833365718258900, -0.5876198225900807200 ) ) ;
#501 = CARTESIAN_POINT ( 'NONE',  ( -1.357050807568749100, 2.562500032384925000, 5.522670419464448300E-007 ) ) ;
#502 = CARTESIAN_POINT ( 'NONE',  ( 1.299038410897452200, -3.041666634281727300, 0.7499994713418120000 ) ) ;
#503 = CARTESIAN_POINT ( 'NONE',  ( -1.299037800455634400, -0.2083333009483935800, 0.7500005286580560000 ) ) ;
#504 = APPROVAL ( #2999, 'UNSPECIFIED' ) ;
#505 = CARTESIAN_POINT ( 'NONE',  ( -1.017787866537918800, -4.958333300948407200, 0.5876206509906438700 ) ) ;
#506 = CARTESIAN_POINT ( 'NONE',  ( -4.782772882819593000E-007, -2.124999967615074600, -1.175240473580725100 ) ) ;
#507 = VERTEX_POINT ( 'NONE', #2469 ) ;
#508 = CARTESIAN_POINT ( 'NONE',  ( -0.8660247933425482300, -4.104166634281741100, 1.500000352438622500 ) ) ;
#509 = CARTESIAN_POINT ( 'NONE',  ( 1.357050807568748400, -2.687499967615074100, -5.522670417802541100E-007 ) ) ;
#510 = VERTEX_POINT ( 'NONE', #1904 ) ;
#511 = ORIENTED_EDGE ( 'NONE', *, *, #1693, .T. ) ;
#512 = CARTESIAN_POINT ( 'NONE',  ( 4.782772877150562400E-007, -2.874999967615074600, 1.175240473580725100 ) ) ;
#513 = CARTESIAN_POINT ( 'NONE',  ( 1.499999999999991600, -5.022329082723600500, 0.4019234615119147700 ) ) ;
#514 = CARTESIAN_POINT ( 'NONE',  ( -1.017787866537918800, -1.458333300948407600, 0.5876206509906438700 ) ) ;
#515 = CARTESIAN_POINT ( 'NONE',  ( 4.782772877150559200E-007, 0.1875000323849256300, 1.175240473580724300 ) ) ;
#516 = VERTEX_POINT ( 'NONE', #1636 ) ;
#517 = CARTESIAN_POINT ( 'NONE',  ( -1.357050807568750000, -5.499999967615074100, 5.522670419464452500E-007 ) ) ;
#518 = CARTESIAN_POINT ( 'NONE',  ( -1.017788344815205900, 5.520833365718258900, -0.5876198225900807200 ) ) ;
#519 = CARTESIAN_POINT ( 'NONE',  ( 0.6785249255070866500, 4.395833365718259800, -1.175240749714245000 ) ) ;
#520 = CARTESIAN_POINT ( 'NONE',  ( 0.8660247933425441200, -0.9166666342817270100, -1.500000352438615800 ) ) ;
#521 = CARTESIAN_POINT ( 'NONE',  ( -4.782772882819593000E-007, -4.124999967615074100, -1.175240473580725100 ) ) ;
#522 = CARTESIAN_POINT ( 'NONE',  ( 0.8660247933425441200, 5.083333365718271300, -1.500000352438615800 ) ) ;
#523 = CARTESIAN_POINT ( 'NONE',  ( 0.4750392870043915200, 0.1000000000000082800, -1.422792211042193800 ) ) ;
#524 = CARTESIAN_POINT ( 'NONE',  ( 1.357050807568749500, -6.249999967615073300, -5.522670417802544300E-007 ) ) ;
#525 = CARTESIAN_POINT ( 'NONE',  ( 1.017787866537918800, -1.708333300948407900, -0.5876206509906432000 ) ) ;
#526 = CARTESIAN_POINT ( 'NONE',  ( 1.299038410897458200, -3.979166634281741100, 0.7499994713418155500 ) ) ;
#527 = CARTESIAN_POINT ( 'NONE',  ( -1.357050807568748600, -4.437499967615074100, 5.522670419464448300E-007 ) ) ;
#528 = CARTESIAN_POINT ( 'NONE',  ( 4.782772877150562400E-007, -4.874999967615074100, 1.175240473580725100 ) ) ;
#529 = EDGE_CURVE ( 'NONE', #3896, #3558, #2795, .T. ) ;
#530 = ORIENTED_EDGE ( 'NONE', *, *, #3511, .F. ) ;
#531 = CARTESIAN_POINT ( 'NONE',  ( -1.310055509118727600E-016, 0.1000000000000043600, 0.0000000000000000000 ) ) ;
#532 = CARTESIAN_POINT ( 'NONE',  ( -1.357050807568750000, -2.999999967615074600, 5.522670419464453600E-007 ) ) ;
#533 = CARTESIAN_POINT ( 'NONE',  ( -1.357050807568749100, 2.562500032384925000, 5.522670419464448300E-007 ) ) ;
#534 = CARTESIAN_POINT ( 'NONE',  ( 1.299037800455640400, -2.395833300948407600, -0.7500005286580587700 ) ) ;
#535 = CARTESIAN_POINT ( 'NONE',  ( -0.6785249255070867600, 3.145833365718258400, 1.175240749714245200 ) ) ;
#536 = CC_DESIGN_PERSON_AND_ORGANIZATION_ASSIGNMENT ( #899, #132, ( #2184 ) ) ;
#537 = CARTESIAN_POINT ( 'NONE',  ( -0.8660260142261809700, -1.833333300948393200, -1.499999647561119500 ) ) ;
#538 = CARTESIAN_POINT ( 'NONE',  ( 1.357050807568749500, -3.749999967615074100, -5.522670417802544300E-007 ) ) ;
#539 = CARTESIAN_POINT ( 'NONE',  ( -1.299038410897452900, 4.708333365718272200, -0.7499994713418116600 ) ) ;
#540 = CARTESIAN_POINT ( 'NONE',  ( 1.499999999999999800, -4.415170883985094700, -0.4019241157814845700 ) ) ;
#541 = CARTESIAN_POINT ( 'NONE',  ( 0.6785249255070872100, -5.666666634281741100, -1.175240749714245600 ) ) ;
#542 = CARTESIAN_POINT ( 'NONE',  ( 4.782772877150562400E-007, -3.874999967615074600, 1.175240473580725100 ) ) ;
#543 = PERSON_AND_ORGANIZATION ( #1785, #2119 ) ;
#544 = CARTESIAN_POINT ( 'NONE',  ( 1.299037800455640400, -2.395833300948407600, -0.7500005286580587700 ) ) ;
#545 = CARTESIAN_POINT ( 'NONE',  ( 0.6785258820616618700, -3.270833300948407200, 1.175240197447203500 ) ) ;
#546 = CARTESIAN_POINT ( 'NONE',  ( -1.017787866537918800, 0.04166669905159188500, 0.5876206509906438700 ) ) ;
#547 = LINE ( 'NONE', #1270, #391 ) ;
#548 = DIRECTION ( 'NONE',  ( 1.000000000000000000, -3.614007241618357800E-017, 0.0000000000000000000 ) ) ;
#549 = CARTESIAN_POINT ( 'NONE',  ( -4.782772882819593000E-007, -2.124999967615074600, -1.175240473580725100 ) ) ;
#550 = CARTESIAN_POINT ( 'NONE',  ( 1.017788344815205200, 2.770833365718258000, 0.5876198225900811600 ) ) ;
#551 = CARTESIAN_POINT ( 'NONE',  ( -1.499999999999998900, -2.187500001528509300, 1.307299934472964400E-015 ) ) ;
#552 = CARTESIAN_POINT ( 'NONE',  ( -1.017788344815205900, 4.020833365718258900, -0.5876198225900807200 ) ) ;
#553 = CARTESIAN_POINT ( 'NONE',  ( -1.732050807568724600, -2.749999967615060400, 7.048774965991616900E-007 ) ) ;
#554 = CARTESIAN_POINT ( 'NONE',  ( -0.6785249255070874300, -3.916666634281740700, 1.175240749714245900 ) ) ;
#555 = CARTESIAN_POINT ( 'NONE',  ( -6.104418189141906800E-007, 4.125000032384938300, -1.499999999999867700 ) ) ;
#556 = ADVANCED_BREP_SHAPE_REPRESENTATION ( '93115K871_Load-Rated Threaded Bumper', ( #641, #1669, #423 ), #476 ) ;
#557 =( BOUNDED_CURVE ( )  B_SPLINE_CURVE ( 2, ( #795, #1727, #783, #2830, #3194, #439, #136, #697, #49 ),
 .UNSPECIFIED., .F., .F. ) 
 B_SPLINE_CURVE_WITH_KNOTS ( ( 3, 2, 2, 2, 3 ),
 ( 0.1160714263113096400, 0.1190476190476190400, 0.1250000000000000000, 0.1309523809523809600, 0.1339285691684525000 ),
 .UNSPECIFIED. ) 
 CURVE ( )  GEOMETRIC_REPRESENTATION_ITEM ( )  RATIONAL_B_SPLINE_CURVE ( ( 0.9330127018922578200, 0.9330126510220677600, 1.000000000000000000, 0.8660254037844387100, 1.000000000000000000, 0.8660254037844387100, 1.000000000000000000, 0.9330127527623710600, 0.9330127018922579300 ) ) 
 REPRESENTATION_ITEM ( '' )  );
#558 = CARTESIAN_POINT ( 'NONE',  ( 1.357050807568749500, -5.749999967615074100, -5.522670417802544300E-007 ) ) ;
#559 = CARTESIAN_POINT ( 'NONE',  ( -1.017788344815206500, -3.541666634281741100, -0.5876198225900811600 ) ) ;
#560 = CARTESIAN_POINT ( 'NONE',  ( 0.6785258820616618700, 6.729166699051592800, 1.175240197447203500 ) ) ;
#561 = CARTESIAN_POINT ( 'NONE',  ( 0.8660247933425441200, 2.083333365718272700, -1.500000352438615800 ) ) ;
#562 = CARTESIAN_POINT ( 'NONE',  ( 1.299038410897458200, -3.479166634281741600, 0.7499994713418155500 ) ) ;
#563 = EDGE_CURVE ( 'NONE', #2673, #2142, #3571, .T. ) ;
#564 = CARTESIAN_POINT ( 'NONE',  ( 1.357050807568748400, -4.687499967615074100, -5.522670417802541100E-007 ) ) ;
#565 = CARTESIAN_POINT ( 'NONE',  ( 0.6785258820616624200, -0.3333333009484075700, 1.175240197447204600 ) ) ;
#566 = AXIS2_PLACEMENT_3D ( 'NONE', #1298, #3165, #1048 ) ;
#567 = CARTESIAN_POINT ( 'NONE',  ( 1.499999999999998700, -3.437500001528509800, 2.817957636530612800E-015 ) ) ;
#568 = CARTESIAN_POINT ( 'NONE',  ( 1.017787866537918800, 0.2916666990515920900, -0.5876206509906432000 ) ) ;
#569 = ORIENTED_EDGE ( 'NONE', *, *, #2361, .T. ) ;
#570 = CARTESIAN_POINT ( 'NONE',  ( -4.782772882819589800E-007, 3.937500032384924500, -1.175240473580724300 ) ) ;
#571 = CARTESIAN_POINT ( 'NONE',  ( 0.8660260142261802000, -0.08333330094839348800, 1.499999647561119900 ) ) ;
#572 = CARTESIAN_POINT ( 'NONE',  ( -6.104418189141906800E-007, 5.625000032384940100, -1.499999999999867700 ) ) ;
#573 = CARTESIAN_POINT ( 'NONE',  ( -3.460191456820336100E-016, -5.999999999999998200, 0.0000000000000000000 ) ) ;
#574 = CARTESIAN_POINT ( 'NONE',  ( -0.6785249255070874300, -4.416666634281742000, 1.175240749714245900 ) ) ;
#575 = CARTESIAN_POINT ( 'NONE',  ( 1.017787866537918800, -0.2083333009484074600, -0.5876206509906432000 ) ) ;
#576 = CARTESIAN_POINT ( 'NONE',  ( -6.104418189141934300E-007, -1.812499967615074400, -1.499999999999874800 ) ) ;
#577 = CARTESIAN_POINT ( 'NONE',  ( 6.104418183075160400E-007, 1.875000032384940100, 1.499999999999867700 ) ) ;
#578 = CARTESIAN_POINT ( 'NONE',  ( 0.8660247933425482300, 0.1458333657182583600, -1.500000352438622500 ) ) ;
#579 = CARTESIAN_POINT ( 'NONE',  ( -0.6785249255070867600, -4.354166634281741100, 1.175240749714245200 ) ) ;
#580 = CARTESIAN_POINT ( 'NONE',  ( 1.017788344815205900, -0.2916666342817411700, 0.5876198225900816100 ) ) ;
#581 = CARTESIAN_POINT ( 'NONE',  ( -1.499999999999998900, -4.165170883985095600, 0.4019241157814867900 ) ) ;
#582 = CARTESIAN_POINT ( 'NONE',  ( 0.6785249255070872100, 1.333333365718258700, -1.175240749714245600 ) ) ;
#583 = CARTESIAN_POINT ( 'NONE',  ( -6.104418189141934300E-007, 2.687500032384925400, -1.499999999999874800 ) ) ;
#584 = CARTESIAN_POINT ( 'NONE',  ( -4.782772882819589800E-007, 5.937500032384925000, -1.175240473580724300 ) ) ;
#585 = CARTESIAN_POINT ( 'NONE',  ( -0.8660260142261809700, 0.1666666990516058900, -1.499999647561119500 ) ) ;
#586 = CARTESIAN_POINT ( 'NONE',  ( 6.104418183075160400E-007, 6.375000032384939200, 1.499999999999867700 ) ) ;
#587 = ORIENTED_EDGE ( 'NONE', *, *, #966, .T. ) ;
#588 = CARTESIAN_POINT ( 'NONE',  ( 1.017788344815205200, -4.229166634281741100, 0.5876198225900811600 ) ) ;
#589 = CARTESIAN_POINT ( 'NONE',  ( -0.6785258820616632000, -0.5833333009484078500, -1.175240197447204200 ) ) ;
#590 = CARTESIAN_POINT ( 'NONE',  ( 1.357050807568748400, 7.312500032384925900, -5.522670417802541100E-007 ) ) ;
#591 = CARTESIAN_POINT ( 'NONE',  ( 1.299037800455634700, 1.541666699051605200, -0.7500005286580553300 ) ) ;
#592 = CARTESIAN_POINT ( 'NONE',  ( 0.8660260142261843000, 0.4791666990515922600, 1.499999647561126800 ) ) ;
#593 = ORIENTED_EDGE ( 'NONE', *, *, #1396, .F. ) ;
#594 = AXIS2_PLACEMENT_3D ( 'NONE', #709, #3585, #3230 ) ;
#595 = CARTESIAN_POINT ( 'NONE',  ( -1.357050807568748600, 0.06250003238492551900, 5.522670419464448300E-007 ) ) ;
#596 = CARTESIAN_POINT ( 'NONE',  ( 1.017787866537918800, -1.708333300948407900, -0.5876206509906432000 ) ) ;
#597 = CARTESIAN_POINT ( 'NONE',  ( 0.8660260142261841900, -3.020833300948407600, 1.499999647561126800 ) ) ;
#598 = CARTESIAN_POINT ( 'NONE',  ( 0.6785258820616624200, 1.166666699051591900, 1.175240197447204400 ) ) ;
#599 = FACE_OUTER_BOUND ( 'NONE', #2668, .T. ) ;
#600 = ORIENTED_EDGE ( 'NONE', *, *, #232, .T. ) ;
#601 = CARTESIAN_POINT ( 'NONE',  ( 0.8660260142261843000, 0.9791666990515919300, 1.499999647561126800 ) ) ;
#602 = CARTESIAN_POINT ( 'NONE',  ( 1.017787866537917900, 5.854166699051591900, -0.5876206509906427600 ) ) ;
#603 = CARTESIAN_POINT ( 'NONE',  ( 0.8660247933425441200, 7.083333365718273100, -1.500000352438615800 ) ) ;
#604 = CARTESIAN_POINT ( 'NONE',  ( -0.9434779673423252500, -5.949759526419176000, 0.7007421036887041500 ) ) ;
#605 = CARTESIAN_POINT ( 'NONE',  ( 1.017788344815205200, -3.729166634281741100, 0.5876198225900811600 ) ) ;
#606 = CARTESIAN_POINT ( 'NONE',  ( -1.357050807568750000, 3.238492547047444600E-008, 5.522670419464453600E-007 ) ) ;
#607 = CARTESIAN_POINT ( 'NONE',  ( 0.8660260142261802000, 0.4166666990516060800, 1.499999647561119900 ) ) ;
#608 = CARTESIAN_POINT ( 'NONE',  ( -1.299038410897458900, 0.2708333657182584500, -0.7499994713418151000 ) ) ;
#609 = CARTESIAN_POINT ( 'NONE',  ( -0.6785249255070867600, -0.8541666342817408900, 1.175240749714245200 ) ) ;
#610 = CARTESIAN_POINT ( 'NONE',  ( 0.6785258820616624200, -1.833333300948408100, 1.175240197447204600 ) ) ;
#611 = CARTESIAN_POINT ( 'NONE',  ( -1.499999999999999100, -3.687500001528509800, -2.411242101361245900E-015 ) ) ;
#612 = CARTESIAN_POINT ( 'NONE',  ( 1.017787866537918800, -0.7083333009484079600, -0.5876206509906432000 ) ) ;
#613 = CARTESIAN_POINT ( 'NONE',  ( 1.732050807568732200, 3.062500032384925400, -7.048774963870500300E-007 ) ) ;
#614 =( BOUNDED_CURVE ( )  B_SPLINE_CURVE ( 2, ( #1087, #1136, #3307, #2356, #1153, #793, #2649, #1752, #3293 ),
 .UNSPECIFIED., .F., .T. ) 
 B_SPLINE_CURVE_WITH_KNOTS ( ( 3, 2, 2, 2, 3 ),
 ( 0.3303571405970239200, 0.3333333333333333100, 0.3392857142857143000, 0.3452380952380952300, 0.3482142834541667700 ),
 .UNSPECIFIED. ) 
 CURVE ( )  GEOMETRIC_REPRESENTATION_ITEM ( )  RATIONAL_B_SPLINE_CURVE ( ( 0.9330127018922580500, 0.9330126510220679800, 1.000000000000000000, 0.8660254037844387100, 1.000000000000000000, 0.8660254037844387100, 1.000000000000000000, 0.9330127527623708300, 0.9330127018922580500 ) ) 
 REPRESENTATION_ITEM ( '' )  );
#615 = CARTESIAN_POINT ( 'NONE',  ( 0.8660247933425441200, 6.083333365718273100, -1.500000352438615800 ) ) ;
#616 = DIRECTION ( 'NONE',  ( -1.000000000000000000, 4.336808689941984200E-016, 0.0000000000000000000 ) ) ;
#617 = CARTESIAN_POINT ( 'NONE',  ( -4.782772882819589800E-007, -3.062499967615074100, -1.175240473580724300 ) ) ;
#618 = CARTESIAN_POINT ( 'NONE',  ( -0.6785258820616632000, -1.583333300948408100, -1.175240197447204200 ) ) ;
#619 = CARTESIAN_POINT ( 'NONE',  ( -1.017787866537917900, 6.604166699051592800, 0.5876206509906434200 ) ) ;
#620 = DIRECTION ( 'NONE',  ( 5.356182135569786000E-016, 1.000000000000000000, -0.0000000000000000000 ) ) ;
#621 = CARTESIAN_POINT ( 'NONE',  ( -1.732050807568732900, 0.3125000323849248500, 7.048774965991651900E-007 ) ) ;
#622 = EDGE_CURVE ( 'NONE', #624, #3873, #416, .T. ) ;
#623 = CARTESIAN_POINT ( 'NONE',  ( 4.782772877150559200E-007, -0.3124999676150748100, 1.175240473580724300 ) ) ;
#624 = VERTEX_POINT ( 'NONE', #3237 ) ;
#625 = CARTESIAN_POINT ( 'NONE',  ( -1.359087861712751500, 0.2082100774141047700, 0.3461864914312987600 ) ) ;
#626 = CARTESIAN_POINT ( 'NONE',  ( 0.6785249255070872100, 0.8333333657182590000, -1.175240749714245600 ) ) ;
#627 = VERTEX_POINT ( 'NONE', #1962 ) ;
#628 = CARTESIAN_POINT ( 'NONE',  ( 1.732050807568732200, 1.562500032384926100, -7.048774963870500300E-007 ) ) ;
#629 = CARTESIAN_POINT ( 'NONE',  ( 0.8660247933425441200, 6.583333365718272200, -1.500000352438615800 ) ) ;
#630 = ORIENTED_EDGE ( 'NONE', *, *, #110, .F. ) ;
#631 = DIRECTION ( 'NONE',  ( -1.000000000000000000, -5.478074134663566700E-016, 0.0000000000000000000 ) ) ;
#632 = CARTESIAN_POINT ( 'NONE',  ( 1.017787866537917900, -4.145833300948407200, -0.5876206509906427600 ) ) ;
#633 = CARTESIAN_POINT ( 'NONE',  ( -1.017788344815206500, 0.9583333657182591100, -0.5876198225900811600 ) ) ;
#634 = CARTESIAN_POINT ( 'NONE',  ( 1.499999999999991600, 0.02232911601491941900, -0.4019241157814844000 ) ) ;
#635 = CARTESIAN_POINT ( 'NONE',  ( 0.8660260142261841900, -5.020833300948407200, 1.499999647561126800 ) ) ;
#636 = CARTESIAN_POINT ( 'NONE',  ( -6.104418189141934300E-007, -1.812499967615074400, -1.499999999999874800 ) ) ;
#637 = CARTESIAN_POINT ( 'NONE',  ( 0.6785258820616618700, 0.2291666990515920400, 1.175240197447203500 ) ) ;
#638 = ADVANCED_FACE ( 'NONE', ( #4084 ), #1179, .F. ) ;
#639 = CARTESIAN_POINT ( 'NONE',  ( 1.499999999999991800, -4.000000001528494700, 2.817957636530612800E-015 ) ) ;
#640 = FACE_OUTER_BOUND ( 'NONE', #1964, .T. ) ;
#641 = MANIFOLD_SOLID_BREP ( 'Cut-Extrude1', #3170 ) ;
#642 = CARTESIAN_POINT ( 'NONE',  ( -0.6785258820616632000, 2.416666699051591900, -1.175240197447204200 ) ) ;
#643 = CARTESIAN_POINT ( 'NONE',  ( 6.104418183075187900E-007, 1.437500032384925900, 1.499999999999874800 ) ) ;
#644 = VERTEX_POINT ( 'NONE', #2295 ) ;
#645 = CARTESIAN_POINT ( 'NONE',  ( -0.6785249255070867600, -5.854166634281741100, 1.175240749714245200 ) ) ;
#646 = CARTESIAN_POINT ( 'NONE',  ( -2.049673577650768900E-015, 0.8333333333333057300, 0.0000000000000000000 ) ) ;
#647 = EDGE_CURVE ( 'NONE', #3949, #2393, #3096, .T. ) ;
#648 = CARTESIAN_POINT ( 'NONE',  ( 1.017788344815205200, -2.729166634281741100, 0.5876198225900811600 ) ) ;
#649 = VECTOR ( 'NONE', #3909, 1000.000000000000100 ) ;
#650 = CARTESIAN_POINT ( 'NONE',  ( 0.6785258820616624200, 1.166666699051591900, 1.175240197447204400 ) ) ;
#651 = CARTESIAN_POINT ( 'NONE',  ( -6.104418189141906800E-007, -3.874999967615060400, -1.499999999999867700 ) ) ;
#652 = CARTESIAN_POINT ( 'NONE',  ( -1.499999999999992000, -1.250000001528495100, -6.187886356505365400E-015 ) ) ;
#653 = CARTESIAN_POINT ( 'NONE',  ( 4.782772877150559200E-007, -1.812499967615074400, 1.175240473580724300 ) ) ;
#654 = LOCAL_TIME ( 17, 34, 15.00000000000000000, #1334 ) ;
#655 = CARTESIAN_POINT ( 'NONE',  ( -1.017787866537918800, 4.041666699051591900, 0.5876206509906438700 ) ) ;
#656 = CARTESIAN_POINT ( 'NONE',  ( 0.8660247933425482300, 5.645833365718258000, -1.500000352438622500 ) ) ;
#657 = CIRCLE ( 'NONE', #1970, 1.499999999999996000 ) ;
#658 = ADVANCED_FACE ( 'NONE', ( #947 ), #3794, .T. ) ;
#659 = CARTESIAN_POINT ( 'NONE',  ( 1.017787866537917900, -4.645833300948408100, -0.5876206509906427600 ) ) ;
#660 = CARTESIAN_POINT ( 'NONE',  ( 4.782772877150559200E-007, 0.1875000323849256300, 1.175240473580724300 ) ) ;
#661 = CARTESIAN_POINT ( 'NONE',  ( 0.6785258820616624200, 3.166666699051591000, 1.175240197447204400 ) ) ;
#662 = CARTESIAN_POINT ( 'NONE',  ( 1.299037800455634700, -2.958333300948393900, -0.7500005286580553300 ) ) ;
#663 = DIRECTION ( 'NONE',  ( -1.000000000000000000, 4.336808689941986200E-016, 0.0000000000000000000 ) ) ;
#664 = CARTESIAN_POINT ( 'NONE',  ( -0.8660260142261849700, -5.270833300948408100, -1.499999647561126400 ) ) ;
#665 = CARTESIAN_POINT ( 'NONE',  ( -0.9434779673423252500, -5.949759526419176000, 0.7007421036887041500 ) ) ;
#666 = CARTESIAN_POINT ( 'NONE',  ( 0.6785258820616624200, 4.166666699051591900, 1.175240197447204400 ) ) ;
#667 = CARTESIAN_POINT ( 'NONE',  ( -0.8660260142261850800, 3.729166699051591900, -1.499999647561126400 ) ) ;
#668 = EDGE_LOOP ( 'NONE', ( #968, #2834, #2486, #3616 ) ) ;
#669 = CARTESIAN_POINT ( 'NONE',  ( 4.782772877150559200E-007, -4.312499967615074100, 1.175240473580724300 ) ) ;
#670 = CARTESIAN_POINT ( 'NONE',  ( -1.017787866537917900, -0.3958333009484076300, 0.5876206509906434200 ) ) ;
#671 = CARTESIAN_POINT ( 'NONE',  ( 0.6785249255070872100, 3.333333365718258400, -1.175240749714245600 ) ) ;
#672 = CARTESIAN_POINT ( 'NONE',  ( -1.299038410897452900, -0.7916666342817269000, -0.7499994713418116600 ) ) ;
#673 = CARTESIAN_POINT ( 'NONE',  ( -1.299037800455640400, -5.145833300948407200, 0.7500005286580595500 ) ) ;
#674 = ADVANCED_FACE ( 'NONE', ( #3921 ), #892, .T. ) ;
#675 = DIRECTION ( 'NONE',  ( -3.524813029019029000E-017, -1.000000000000000000, -0.0000000000000000000 ) ) ;
#676 = CARTESIAN_POINT ( 'NONE',  ( -0.6785249255070874300, 2.583333365718257600, 1.175240749714245900 ) ) ;
#677 = APPROVAL ( #3981, 'UNSPECIFIED' ) ;
#678 = CARTESIAN_POINT ( 'NONE',  ( -1.732050807568732900, 4.312500032384925000, 7.048774965991651900E-007 ) ) ;
#679 = CARTESIAN_POINT ( 'NONE',  ( -0.6785249255070867600, -4.354166634281741100, 1.175240749714245200 ) ) ;
#680 = CARTESIAN_POINT ( 'NONE',  ( -1.017787866537917900, -0.8958333009484080700, 0.5876206509906434200 ) ) ;
#681 = CARTESIAN_POINT ( 'NONE',  ( 4.782772877150562400E-007, 2.625000032384925400, 1.175240473580725100 ) ) ;
#682 = CARTESIAN_POINT ( 'NONE',  ( 0.8660247933425442300, -3.916666634281726900, -1.500000352438615600 ) ) ;
#683 = CARTESIAN_POINT ( 'NONE',  ( 1.499999999999998400, -1.437500001528509100, 6.594601891674731900E-015 ) ) ;
#684 = VERTEX_POINT ( 'NONE', #3549 ) ;
#685 =( BOUNDED_CURVE ( )  B_SPLINE_CURVE ( 2, ( #1340, #3538, #2606, #3875, #1674, #3885, #1659, #3852, #1976 ),
 .UNSPECIFIED., .F., .F. ) 
 B_SPLINE_CURVE_WITH_KNOTS ( ( 3, 2, 2, 2, 3 ),
 ( 0.4017857120255953800, 0.4047619047619047700, 0.4107142857142857000, 0.4166666666666666900, 0.4196428548827382300 ),
 .UNSPECIFIED. ) 
 CURVE ( )  GEOMETRIC_REPRESENTATION_ITEM ( )  RATIONAL_B_SPLINE_CURVE ( ( 0.9330127018922580500, 0.9330126510220679800, 1.000000000000000000, 0.8660254037844387100, 1.000000000000000000, 0.8660254037844387100, 1.000000000000000000, 0.9330127527623708300, 0.9330127018922580500 ) ) 
 REPRESENTATION_ITEM ( '' )  );
#686 = CARTESIAN_POINT ( 'NONE',  ( 1.499999999999991600, -2.000000001528494700, -9.005843993035976600E-016 ) ) ;
#687 = CARTESIAN_POINT ( 'NONE',  ( -1.017788344815206500, 2.458333365718259300, -0.5876198225900811600 ) ) ;
#688 = ORIENTED_EDGE ( 'NONE', *, *, #1619, .F. ) ;
#689 = DIRECTION ( 'NONE',  ( -3.524813029019029000E-017, -1.000000000000000000, -0.0000000000000000000 ) ) ;
#690 = CARTESIAN_POINT ( 'NONE',  ( -1.299037800455640400, 4.854166699051591000, 0.7500005286580595500 ) ) ;
#691 = FACE_OUTER_BOUND ( 'NONE', #201, .T. ) ;
#692 = ADVANCED_FACE ( 'NONE', ( #691 ), #2932, .T. ) ;
#693 = CARTESIAN_POINT ( 'NONE',  ( 1.017788344815205200, -3.229166634281741100, 0.5876198225900811600 ) ) ;
#694 = CARTESIAN_POINT ( 'NONE',  ( 1.017787866537917900, -0.1458333009484074100, -0.5876206509906427600 ) ) ;
#695 = CARTESIAN_POINT ( 'NONE',  ( -1.017787866537918800, 1.541666699051591500, 0.5876206509906438700 ) ) ;
#696 = DIRECTION ( 'NONE',  ( 1.000000000000000000, 0.0000000000000000000, 0.0000000000000000000 ) ) ;
#697 = CARTESIAN_POINT ( 'NONE',  ( 1.499999999999990700, -4.522329082723598700, 0.4019234615119165500 ) ) ;
#698 = CALENDAR_DATE ( 2021, 8, 9 ) ;
#699 = CARTESIAN_POINT ( 'NONE',  ( 0.8660247933425482300, -0.3541666342817412200, -1.500000352438622300 ) ) ;
#700 = CARTESIAN_POINT ( 'NONE',  ( -0.8660260142261809700, -3.333333300948393900, -1.499999647561119500 ) ) ;
#701 = CARTESIAN_POINT ( 'NONE',  ( -1.017787866537918800, 6.041666699051591900, 0.5876206509906438700 ) ) ;
#702 = CARTESIAN_POINT ( 'NONE',  ( -1.499999999999998900, -3.187500001528509300, -6.187886356505365400E-015 ) ) ;
#703 = DIRECTION ( 'NONE',  ( 1.000000000000000000, 0.0000000000000000000, 0.0000000000000000000 ) ) ;
#704 = CC_DESIGN_PERSON_AND_ORGANIZATION_ASSIGNMENT ( #784, #1110, ( #2653 ) ) ;
#705 = CARTESIAN_POINT ( 'NONE',  ( 0.6785249255070866500, -5.104166634281741100, -1.175240749714245000 ) ) ;
#706 = CARTESIAN_POINT ( 'NONE',  ( 4.782772877150559200E-007, -0.8124999676150743700, 1.175240473580724300 ) ) ;
#707 = CARTESIAN_POINT ( 'NONE',  ( 0.6785258820616624200, 5.166666699051591000, 1.175240197447204400 ) ) ;
#708 = CARTESIAN_POINT ( 'NONE',  ( 0.8660247933425482300, -0.8541666342817415500, -1.500000352438622300 ) ) ;
#709 = CARTESIAN_POINT ( 'NONE',  ( -3.460191456820336100E-016, -5.999999999999998200, 0.0000000000000000000 ) ) ;
#710 = CARTESIAN_POINT ( 'NONE',  ( -1.499999999999992500, -1.772329082723599300, -0.4019234615119144900 ) ) ;
#711 = CARTESIAN_POINT ( 'NONE',  ( -6.104418189141906800E-007, -3.374999967615060400, -1.499999999999867700 ) ) ;
#712 = CARTESIAN_POINT ( 'NONE',  ( -0.6785258820616632000, 6.416666699051592800, -1.175240197447204200 ) ) ;
#713 = ORIENTED_EDGE ( 'NONE', *, *, #437, .T. ) ;
#714 = CARTESIAN_POINT ( 'NONE',  ( 0.8660260142261843000, 6.979166699051591900, 1.499999647561126800 ) ) ;
#715 = EDGE_CURVE ( 'NONE', #4066, #409, #2592, .T. ) ;
#716 = ORIENTED_EDGE ( 'NONE', *, *, #846, .F. ) ;
#717 = CARTESIAN_POINT ( 'NONE',  ( 1.017788344815205200, -1.729166634281740700, 0.5876198225900811600 ) ) ;
#718 = CARTESIAN_POINT ( 'NONE',  ( -0.6785249255070874300, 5.083333365718258000, 1.175240749714245900 ) ) ;
#719 = CARTESIAN_POINT ( 'NONE',  ( -1.499999999999990500, -2.772329082723599600, -0.4019234615119179900 ) ) ;
#720 = CARTESIAN_POINT ( 'NONE',  ( 2.104855772662694300E-015, 0.8333333333333018400, 0.0000000000000000000 ) ) ;
#721 = CARTESIAN_POINT ( 'NONE',  ( 1.499999999999998400, -0.4375000015285089900, -9.005843993035976600E-016 ) ) ;
#722 = VERTEX_POINT ( 'NONE', #1649 ) ;
#723 = CARTESIAN_POINT ( 'NONE',  ( 1.299038410897458200, 0.02083336571825824400, 0.7499994713418155500 ) ) ;
#724 = CARTESIAN_POINT ( 'NONE',  ( 0.6785249255070872100, 4.833333365718258000, -1.175240749714245600 ) ) ;
#725 =( NAMED_UNIT ( * ) SI_UNIT ( $, .STERADIAN. ) SOLID_ANGLE_UNIT ( ) );
#726 = FACE_OUTER_BOUND ( 'NONE', #150, .T. ) ;
#727 = CARTESIAN_POINT ( 'NONE',  ( 0.6785249255070866500, -1.104166634281740900, -1.175240749714245000 ) ) ;
#728 = ORIENTED_EDGE ( 'NONE', *, *, #1599, .T. ) ;
#729 = CARTESIAN_POINT ( 'NONE',  ( -1.017788344815206500, 3.958333365718259300, -0.5876198225900811600 ) ) ;
#730 =( BOUNDED_SURFACE ( )  B_SPLINE_SURFACE ( 1, 2, ( 
 ( #1997, #2586, #405, #3205, #3841, #1031, #2274, #3550, #1987, #2597, #731, #2333, #2926, #751, #2619, #792, #2663, #2940, #1750, #1049, #2321, #3249, #1378, #1103, #1060, #1400, #741, #3908, #127, #1736, #3627, #1698, #1390, #2043, #3569, #2354, #3886, #1085, #3584, #3262, #1431, #1707, #2005, #2018, #440, #3897, #115, #2978, #766, #3305, #139, #417, #2634, #3938, #2954, #1074, #453, #3275, #106, #2030, #431, #3598, #2343, #1722, #2059, #2608, #2647, #154, #779, #2965, #3291, #1415, #3612, #3923, #469, #174, #3673, #3953, #2122, #4007, #502, #2136, #3358, #1120, #2367, #1506, #3656, #553, #2693, #821, #188, #3045, #3007, #2710, #2074, #3372, #1166, #805, #3703, #1797, #486, #3993, #2384, #2724, #1476, #1492, #1182, #3687, #3387, #537, #1133, #2104, #204, #2681, #1781, #1827, #2417, #2993, #3339, #854, #1459, #3321, #2090, #3971, #2401, #1812, #220, #4024, #1444, #839, #2431, #520, #3641, #1149, #1765, #3027, #2742, #870, #3059, #3406, #235, #3075, #1199, #904, #3092, #1523, #1215, #2445, #3719, #2756, #889, #571, #2464, #1846, #4040, #2152, #250, #585, #2770, #4014, #3710, #275, #3379, #607, #1498, #3425, #1835, #877, #3756, #3395, #1172, #243, #2762, #1188, #1514, #3113, #3079, #3440, #2483, #2730, #4031, #1557, #2143, #3067, #2777, #2453, #3694, #257, #2438, #895, #591, #3051, #1239, #861, #1206, #292, #2748, #1881, #577, #1818, #2498, #910, #3412, #561, #4047, #227, #2792, #925, #1529, #2129, #3725, #1851, #2159, #4073, #2470, #2188, #3100, #1222, #1544, #3741, #1866, #4060, #2174, #1491, #3405, #1994, #1192, #1829, #2712, #872, #1135, #1814, #4026, #1524, #3389, #3721, #3061, #1478, #2434, #2124, #2465, #2106, #1847, #222, #823, #841, #4009, #2403, #3341, #2419, #3360, #207, #555, #1509, #4041, #2153, #1168, #2447, #3675, #251, #1494, #1461, #2695, #3047, #3705, #3010, #539, #3658, #3029, #1152, #3076, #890, #1799, #1782, #3973, #522, #2092, #190, #3407, #3995, #3689, #2726, #2744, #1184, #2138, #856, #3375, #237, #572, #2757, #1200, #1216, #1260, #3749, #2786, #1593, #1234, #3093, #2182, #615, #3109, #3433, #960, #932, #1269, #313, #586, #1875, #3476, #1553, #921, #629, #4067, #3419, #2195, #268, #2801, #2507, #905, #3150, #2772, #3122, #2221, #603, #3788, #285, #1539, #325, #2811, #2492, #2478, #1889, #2169, #2518, #2209, #1248, #3734 ),
 ( #949, #1862, #3450, #1565, #3763, #4083, #2824, #3776, #302, #1911, #4056, #7, #3134, #3464, #1579, #1900, #4096, #645, #1646, #31, #350, #3185, #1937, #3838, #2548, #2256, #56, #3825, #2889, #972, #1945, #3523, #2877, #3501, #1336, #705, #2233, #3212, #1295, #3201, #2527, #1016, #68, #1958, #2270, #2281, #659, #3534, #3488, #1310, #374, #1973, #2568, #679, #669, #981, #1323, #1607, #3161, #1656, #44, #360, #3849, #2835, #2861, #1283, #3799, #1924, #1618, #20, #337, #2537, #2848, #995, #3174, #3813, #3510, #2244, #1633, #2557, #693, #1005, #3892, #1374, #93, #1363, #1349, #2909, #103, #2318, #2629, #427, #3546, #747, #1036, #738, #388, #2615, #122, #2922, #2015, #761, #401, #2936, #81, #1397, #1068, #1056, #1387, #2583, #2329, #3257, #1670, #3872, #3579, #3861, #717, #2292, #1027, #413, #2898, #1704, #1995, #1717, #3235, #3227, #111, #436, #1983, #2304, #2595, #727, #3555, #2949, #3270, #1694, #3593, #1684, #3904, #2604, #1045, #3246, #3882, #3566, #2025, #2002, #3934, #149, #2989, #1745, #3652, #2363, #2070, #3966, #3636, #2706, #775, #1760, #3334, #2689, #3300, #1144, #515, #2038, #3022, #1098, #3003, #2339, #835, #3987, #1776, #1454, #2100, #448, #3354, #3286, #1115, #184, #1793, #2084, #482, #464, #788, #1130, #1410, #2961, #2396, #3948, #168, #1472, #3669, #2675, #2643, #1081, #3607, #1426, #1732, #3918, #135, #2351, #800, #2658, #2973, #3316, #2055, #3623, #1440, #2379, #498, #816, #1809, #3368, #3042, #2415, #1162, #4004, #2118, #2738, #216, #533, #2427, #1488, #3684, #200, #550, #2721, #867, #1180, #852, #3057, #1490, #1505, #2708, #535, #1181, #2382, #2135, #2121, #1131, #3671, #3386, #1457, #500, #3969, #819, #203, #4038, #2430, #1795, #1522, #2691, #3702, #570, #3686, #552, #3336, #2103, #1779, #2087, #186, #2444, #1825, #1811, #3074, #3005, #3404, #837, #2416, #3025, #4006, #170, #219, #4023, #3990, #2723, #853, #3044, #234, #1165, #2740, #2755, #869, #886, #3654, #3058, #1198, #3718, #1147, #1845, #2398, #518, #3356, #1473, #3371, #2151, #2785, #249, #918, #602, #2463, #584, #2769, #3089, #267, #903, #1214, #3418, #3108, #2167, #2477, #1538, #4055, #1860, #3733, #2173, #2482, #619, #1252, #909, #560, #305, #3126, #3411, #2187, #3065, #4071, #291, #3098, #2452, #1834, #2776, #2158, #3455, #590, #1221, #1892, #2497 ) ),
 .UNSPECIFIED., .F., .F., .F. ) 
 B_SPLINE_SURFACE_WITH_KNOTS ( ( 2, 2 ),
 ( 3, 2, 2, 2, 2, 2, 2, 2, 2, 2, 2, 2, 2, 2, 2, 2, 2, 2, 2, 2, 2, 2, 2, 2, 2, 2, 2, 2, 2, 2, 2, 2, 2, 2, 2, 2, 2, 2, 2, 2, 2, 2, 2, 2, 2, 2, 2, 2, 2, 2, 2, 2, 2, 2, 2, 2, 2, 2, 2, 2, 2, 2, 2, 2, 2, 2, 2, 2, 2, 2, 2, 2, 2, 2, 2, 2, 2, 2, 2, 2, 2, 2, 2, 2, 2, 2, 2, 2, 2, 2, 2, 2, 2, 2, 2, 2, 2, 2, 2, 2, 2, 2, 2, 2, 2, 2, 2, 2, 2, 2, 2, 2, 2, 2, 2, 2, 2, 2, 2, 2, 2, 2, 2, 2, 2, 2, 2, 2, 2, 2, 2, 2, 2, 2, 2, 2, 2, 2, 2, 2, 2, 2, 2, 2, 2, 2, 2, 2, 2, 2, 2, 2, 2, 2, 2, 2, 2, 2, 2, 2, 2, 2, 2, 2, 2, 2, 2, 2, 3 ),
 ( 0.0000000000000000000, 1.000000000000000000 ),
 ( 0.0000000000000000000, 0.005952380952380952100, 0.01190476190476190400, 0.01785714285714285600, 0.02380952380952380800, 0.02976190476190476000, 0.03571428571428571200, 0.04166666666666666400, 0.04761904761904761600, 0.05357142857142856800, 0.05952380952380952100, 0.06547619047619047900, 0.07142857142857142500, 0.07738095238095238400, 0.08333333333333332900, 0.08928571428571428800, 0.09523809523809523300, 0.1011904761904761900, 0.1071428571428571400, 0.1130952380952381000, 0.1190476190476190400, 0.1250000000000000000, 0.1309523809523809600, 0.1369047619047619200, 0.1428571428571428500, 0.1488095238095238100, 0.1547619047619047700, 0.1607142857142857300, 0.1666666666666666600, 0.1726190476190476200, 0.1785714285714285800, 0.1845238095238095300, 0.1904761904761904700, 0.1964285714285714200, 0.2023809523809523800, 0.2083333333333333400, 0.2142857142857142700, 0.2202380952380952300, 0.2261904761904761900, 0.2321428571428571500, 0.2380952380952380800, 0.2440476190476190400, 0.2500000000000000000, 0.2559523809523809300, 0.2619047619047619200, 0.2678571428571428500, 0.2738095238095238400, 0.2797619047619047700, 0.2857142857142857000, 0.2916666666666666900, 0.2976190476190476200, 0.3035714285714285500, 0.3095238095238095300, 0.3154761904761904700, 0.3214285714285714500, 0.3273809523809523800, 0.3333333333333333100, 0.3392857142857143000, 0.3452380952380952300, 0.3511904761904761600, 0.3571428571428571500, 0.3630952380952380800, 0.3690476190476190700, 0.3750000000000000000, 0.3809523809523809300, 0.3869047619047619200, 0.3928571428571428500, 0.3988095238095238400, 0.4047619047619047700, 0.4107142857142857000, 0.4166666666666666900, 0.4226190476190476200, 0.4285714285714285500, 0.4345238095238095300, 0.4404761904761904700, 0.4464285714285714500, 0.4523809523809523800, 0.4583333333333333100, 0.4642857142857143000, 0.4702380952380952300, 0.4761904761904761600, 0.4821428571428571500, 0.4880952380952380800, 0.4940476190476190700, 0.5000000000000000000, 0.5059523809523809300, 0.5119047619047618600, 0.5178571428571429000, 0.5238095238095238400, 0.5297619047619047700, 0.5357142857142857000, 0.5416666666666666300, 0.5476190476190476700, 0.5535714285714286000, 0.5595238095238095300, 0.5654761904761904700, 0.5714285714285714000, 0.5773809523809523300, 0.5833333333333333700, 0.5892857142857143000, 0.5952380952380952300, 0.6011904761904761600, 0.6071428571428571000, 0.6130952380952381400, 0.6190476190476190700, 0.6250000000000000000, 0.6309523809523809300, 0.6369047619047618600, 0.6428571428571429000, 0.6488095238095238400, 0.6547619047619047700, 0.6607142857142857000, 0.6666666666666666300, 0.6726190476190476700, 0.6785714285714286000, 0.6845238095238095300, 0.6904761904761904700, 0.6964285714285714000, 0.7023809523809523300, 0.7083333333333333700, 0.7142857142857143000, 0.7202380952380952300, 0.7261904761904761600, 0.7321428571428571000, 0.7380952380952381400, 0.7440476190476190700, 0.7500000000000000000, 0.7559523809523809300, 0.7619047619047618600, 0.7678571428571429000, 0.7738095238095238400, 0.7797619047619047700, 0.7857142857142857000, 0.7916666666666666300, 0.7976190476190476700, 0.8035714285714286000, 0.8095238095238095300, 0.8154761904761904700, 0.8214285714285714000, 0.8273809523809523300, 0.8333333333333333700, 0.8392857142857143000, 0.8452380952380952300, 0.8511904761904761600, 0.8571428571428571000, 0.8630952380952381400, 0.8690476190476190700, 0.8750000000000000000, 0.8809523809523809300, 0.8869047619047618600, 0.8928571428571429000, 0.8988095238095238400, 0.9047619047619047700, 0.9107142857142857000, 0.9166666666666666300, 0.9226190476190476700, 0.9285714285714286000, 0.9345238095238095300, 0.9404761904761904700, 0.9464285714285714000, 0.9523809523809523300, 0.9583333333333333700, 0.9642857142857143000, 0.9702380952380952300, 0.9761904761904761600, 0.9821428571428571000, 0.9880952380952381400, 0.9940476190476190700, 1.000000000000000000 ),
 .UNSPECIFIED. ) 
 GEOMETRIC_REPRESENTATION_ITEM ( )  RATIONAL_B_SPLINE_SURFACE ( (
 ( 1.000000000000000000, 0.8660254037844387100, 1.000000000000000000, 0.8660254037844387100, 1.000000000000000000, 0.8660254037844387100, 1.000000000000000000, 0.8660254037844387100, 1.000000000000000000, 0.8660254037844387100, 1.000000000000000000, 0.8660254037844387100, 1.000000000000000000, 0.8660254037844387100, 1.000000000000000000, 0.8660254037844387100, 1.000000000000000000, 0.8660254037844387100, 1.000000000000000000, 0.8660254037844387100, 1.000000000000000000, 0.8660254037844387100, 1.000000000000000000, 0.8660254037844387100, 1.000000000000000000, 0.8660254037844387100, 1.000000000000000000, 0.8660254037844387100, 1.000000000000000000, 0.8660254037844387100, 1.000000000000000000, 0.8660254037844387100, 1.000000000000000000, 0.8660254037844387100, 1.000000000000000000, 0.8660254037844387100, 1.000000000000000000, 0.8660254037844387100, 1.000000000000000000, 0.8660254037844387100, 1.000000000000000000, 0.8660254037844387100, 1.000000000000000000, 0.8660254037844387100, 1.000000000000000000, 0.8660254037844387100, 1.000000000000000000, 0.8660254037844387100, 1.000000000000000000, 0.8660254037844387100, 1.000000000000000000, 0.8660254037844387100, 1.000000000000000000, 0.8660254037844387100, 1.000000000000000000, 0.8660254037844387100, 1.000000000000000000, 0.8660254037844387100, 1.000000000000000000, 0.8660254037844387100, 1.000000000000000000, 0.8660254037844387100, 1.000000000000000000, 0.8660254037844387100, 1.000000000000000000, 0.8660254037844387100, 1.000000000000000000, 0.8660254037844387100, 1.000000000000000000, 0.8660254037844387100, 1.000000000000000000, 0.8660254037844387100, 1.000000000000000000, 0.8660254037844387100, 1.000000000000000000, 0.8660254037844387100, 1.000000000000000000, 0.8660254037844387100, 1.000000000000000000, 0.8660254037844387100, 1.000000000000000000, 0.8660254037844387100, 1.000000000000000000, 0.8660254037844387100, 1.000000000000000000, 0.8660254037844387100, 1.000000000000000000, 0.8660254037844387100, 1.000000000000000000, 0.8660254037844387100, 1.000000000000000000, 0.8660254037844387100, 1.000000000000000000, 0.8660254037844387100, 1.000000000000000000, 0.8660254037844387100, 1.000000000000000000, 0.8660254037844387100, 1.000000000000000000, 0.8660254037844387100, 1.000000000000000000, 0.8660254037844387100, 1.000000000000000000, 0.8660254037844387100, 1.000000000000000000, 0.8660254037844387100, 1.000000000000000000, 0.8660254037844387100, 1.000000000000000000, 0.8660254037844387100, 1.000000000000000000, 0.8660254037844387100, 1.000000000000000000, 0.8660254037844387100, 1.000000000000000000, 0.8660254037844387100, 1.000000000000000000, 0.8660254037844387100, 1.000000000000000000, 0.8660254037844387100, 1.000000000000000000, 0.8660254037844387100, 1.000000000000000000, 0.8660254037844387100, 1.000000000000000000, 0.8660254037844387100, 1.000000000000000000, 0.8660254037844387100, 1.000000000000000000, 0.8660254037844387100, 1.000000000000000000, 0.8660254037844387100, 1.000000000000000000, 0.8660254037844387100, 1.000000000000000000, 0.8660254037844387100, 1.000000000000000000, 0.8660254037844387100, 1.000000000000000000, 0.8660254037844387100, 1.000000000000000000, 0.8660254037844387100, 1.000000000000000000, 0.8660254037844387100, 1.000000000000000000, 0.8660254037844387100, 1.000000000000000000, 0.8660254037844387100, 1.000000000000000000, 0.8660254037844387100, 1.000000000000000000, 0.8660254037844387100, 1.000000000000000000, 0.8660254037844387100, 1.000000000000000000, 0.8660254037844387100, 1.000000000000000000, 0.8660254037844387100, 1.000000000000000000, 0.8660254037844387100, 1.000000000000000000, 0.8660254037844387100, 1.000000000000000000, 0.8660254037844387100, 1.000000000000000000, 0.8660254037844387100, 1.000000000000000000, 0.8660254037844387100, 1.000000000000000000, 0.8660254037844387100, 1.000000000000000000, 0.8660254037844387100, 1.000000000000000000, 0.8660254037844387100, 1.000000000000000000, 0.8660254037844387100, 1.000000000000000000, 0.8660254037844387100, 1.000000000000000000, 0.8660254037844387100, 1.000000000000000000, 0.8660254037844387100, 1.000000000000000000, 0.8660254037844387100, 1.000000000000000000, 0.8660254037844387100, 1.000000000000000000, 0.8660254037844387100, 1.000000000000000000, 0.8660254037844387100, 1.000000000000000000, 0.8660254037844387100, 1.000000000000000000, 0.8660254037844387100, 1.000000000000000000, 0.8660254037844387100, 1.000000000000000000, 0.8660254037844387100, 1.000000000000000000, 0.8660254037844387100, 1.000000000000000000, 0.8660254037844387100, 1.000000000000000000, 0.8660254037844387100, 1.000000000000000000, 0.8660254037844387100, 1.000000000000000000, 0.8660254037844387100, 1.000000000000000000, 0.8660254037844387100, 1.000000000000000000, 0.8660254037844387100, 1.000000000000000000, 0.8660254037844387100, 1.000000000000000000, 0.8660254037844387100, 1.000000000000000000, 0.8660254037844387100, 1.000000000000000000, 0.8660254037844387100, 1.000000000000000000, 0.8660254037844387100, 1.000000000000000000, 0.8660254037844387100, 1.000000000000000000, 0.8660254037844387100, 1.000000000000000000, 0.8660254037844387100, 1.000000000000000000, 0.8660254037844387100, 1.000000000000000000, 0.8660254037844387100, 1.000000000000000000, 0.8660254037844387100, 1.000000000000000000, 0.8660254037844387100, 1.000000000000000000, 0.8660254037844387100, 1.000000000000000000, 0.8660254037844387100, 1.000000000000000000, 0.8660254037844387100, 1.000000000000000000, 0.8660254037844387100, 1.000000000000000000, 0.8660254037844387100, 1.000000000000000000, 0.8660254037844387100, 1.000000000000000000, 0.8660254037844387100, 1.000000000000000000, 0.8660254037844387100, 1.000000000000000000, 0.8660254037844387100, 1.000000000000000000, 0.8660254037844387100, 1.000000000000000000, 0.8660254037844387100, 1.000000000000000000, 0.8660254037844387100, 1.000000000000000000, 0.8660254037844387100, 1.000000000000000000, 0.8660254037844387100, 1.000000000000000000, 0.8660254037844387100, 1.000000000000000000, 0.8660254037844387100, 1.000000000000000000, 0.8660254037844387100, 1.000000000000000000, 0.8660254037844387100, 1.000000000000000000, 0.8660254037844387100, 1.000000000000000000, 0.8660254037844387100, 1.000000000000000000, 0.8660254037844387100, 1.000000000000000000, 0.8660254037844387100, 1.000000000000000000, 0.8660254037844387100, 1.000000000000000000, 0.8660254037844387100, 1.000000000000000000, 0.8660254037844387100, 1.000000000000000000, 0.8660254037844387100, 1.000000000000000000, 0.8660254037844387100, 1.000000000000000000, 0.8660254037844387100, 1.000000000000000000, 0.8660254037844387100, 1.000000000000000000, 0.8660254037844387100, 1.000000000000000000, 0.8660254037844387100, 1.000000000000000000, 0.8660254037844387100, 1.000000000000000000, 0.8660254037844387100, 1.000000000000000000, 0.8660254037844387100, 1.000000000000000000, 0.8660254037844387100, 1.000000000000000000, 0.8660254037844387100, 1.000000000000000000, 0.8660254037844387100, 1.000000000000000000, 0.8660254037844387100, 1.000000000000000000, 0.8660254037844387100, 1.000000000000000000, 0.8660254037844387100, 1.000000000000000000, 0.8660254037844387100, 1.000000000000000000, 0.8660254037844387100, 1.000000000000000000, 0.8660254037844387100, 1.000000000000000000, 0.8660254037844387100, 1.000000000000000000, 0.8660254037844387100, 1.000000000000000000, 0.8660254037844387100, 1.000000000000000000, 0.8660254037844387100, 1.000000000000000000, 0.8660254037844387100, 1.000000000000000000, 0.8660254037844387100, 1.000000000000000000, 0.8660254037844387100, 1.000000000000000000),
 ( 1.000000000000000000, 0.8660254037844387100, 1.000000000000000000, 0.8660254037844387100, 1.000000000000000000, 0.8660254037844387100, 1.000000000000000000, 0.8660254037844387100, 1.000000000000000000, 0.8660254037844387100, 1.000000000000000000, 0.8660254037844387100, 1.000000000000000000, 0.8660254037844387100, 1.000000000000000000, 0.8660254037844387100, 1.000000000000000000, 0.8660254037844387100, 1.000000000000000000, 0.8660254037844387100, 1.000000000000000000, 0.8660254037844387100, 1.000000000000000000, 0.8660254037844387100, 1.000000000000000000, 0.8660254037844387100, 1.000000000000000000, 0.8660254037844387100, 1.000000000000000000, 0.8660254037844387100, 1.000000000000000000, 0.8660254037844387100, 1.000000000000000000, 0.8660254037844387100, 1.000000000000000000, 0.8660254037844387100, 1.000000000000000000, 0.8660254037844387100, 1.000000000000000000, 0.8660254037844387100, 1.000000000000000000, 0.8660254037844387100, 1.000000000000000000, 0.8660254037844387100, 1.000000000000000000, 0.8660254037844387100, 1.000000000000000000, 0.8660254037844387100, 1.000000000000000000, 0.8660254037844387100, 1.000000000000000000, 0.8660254037844387100, 1.000000000000000000, 0.8660254037844387100, 1.000000000000000000, 0.8660254037844387100, 1.000000000000000000, 0.8660254037844387100, 1.000000000000000000, 0.8660254037844387100, 1.000000000000000000, 0.8660254037844387100, 1.000000000000000000, 0.8660254037844387100, 1.000000000000000000, 0.8660254037844387100, 1.000000000000000000, 0.8660254037844387100, 1.000000000000000000, 0.8660254037844387100, 1.000000000000000000, 0.8660254037844387100, 1.000000000000000000, 0.8660254037844387100, 1.000000000000000000, 0.8660254037844387100, 1.000000000000000000, 0.8660254037844387100, 1.000000000000000000, 0.8660254037844387100, 1.000000000000000000, 0.8660254037844387100, 1.000000000000000000, 0.8660254037844387100, 1.000000000000000000, 0.8660254037844387100, 1.000000000000000000, 0.8660254037844387100, 1.000000000000000000, 0.8660254037844387100, 1.000000000000000000, 0.8660254037844387100, 1.000000000000000000, 0.8660254037844387100, 1.000000000000000000, 0.8660254037844387100, 1.000000000000000000, 0.8660254037844387100, 1.000000000000000000, 0.8660254037844387100, 1.000000000000000000, 0.8660254037844387100, 1.000000000000000000, 0.8660254037844387100, 1.000000000000000000, 0.8660254037844387100, 1.000000000000000000, 0.8660254037844387100, 1.000000000000000000, 0.8660254037844387100, 1.000000000000000000, 0.8660254037844387100, 1.000000000000000000, 0.8660254037844387100, 1.000000000000000000, 0.8660254037844387100, 1.000000000000000000, 0.8660254037844387100, 1.000000000000000000, 0.8660254037844387100, 1.000000000000000000, 0.8660254037844387100, 1.000000000000000000, 0.8660254037844387100, 1.000000000000000000, 0.8660254037844387100, 1.000000000000000000, 0.8660254037844387100, 1.000000000000000000, 0.8660254037844387100, 1.000000000000000000, 0.8660254037844387100, 1.000000000000000000, 0.8660254037844387100, 1.000000000000000000, 0.8660254037844387100, 1.000000000000000000, 0.8660254037844387100, 1.000000000000000000, 0.8660254037844387100, 1.000000000000000000, 0.8660254037844387100, 1.000000000000000000, 0.8660254037844387100, 1.000000000000000000, 0.8660254037844387100, 1.000000000000000000, 0.8660254037844387100, 1.000000000000000000, 0.8660254037844387100, 1.000000000000000000, 0.8660254037844387100, 1.000000000000000000, 0.8660254037844387100, 1.000000000000000000, 0.8660254037844387100, 1.000000000000000000, 0.8660254037844387100, 1.000000000000000000, 0.8660254037844387100, 1.000000000000000000, 0.8660254037844387100, 1.000000000000000000, 0.8660254037844387100, 1.000000000000000000, 0.8660254037844387100, 1.000000000000000000, 0.8660254037844387100, 1.000000000000000000, 0.8660254037844387100, 1.000000000000000000, 0.8660254037844387100, 1.000000000000000000, 0.8660254037844387100, 1.000000000000000000, 0.8660254037844387100, 1.000000000000000000, 0.8660254037844387100, 1.000000000000000000, 0.8660254037844387100, 1.000000000000000000, 0.8660254037844387100, 1.000000000000000000, 0.8660254037844387100, 1.000000000000000000, 0.8660254037844387100, 1.000000000000000000, 0.8660254037844387100, 1.000000000000000000, 0.8660254037844387100, 1.000000000000000000, 0.8660254037844387100, 1.000000000000000000, 0.8660254037844387100, 1.000000000000000000, 0.8660254037844387100, 1.000000000000000000, 0.8660254037844387100, 1.000000000000000000, 0.8660254037844387100, 1.000000000000000000, 0.8660254037844387100, 1.000000000000000000, 0.8660254037844387100, 1.000000000000000000, 0.8660254037844387100, 1.000000000000000000, 0.8660254037844387100, 1.000000000000000000, 0.8660254037844387100, 1.000000000000000000, 0.8660254037844387100, 1.000000000000000000, 0.8660254037844387100, 1.000000000000000000, 0.8660254037844387100, 1.000000000000000000, 0.8660254037844387100, 1.000000000000000000, 0.8660254037844387100, 1.000000000000000000, 0.8660254037844387100, 1.000000000000000000, 0.8660254037844387100, 1.000000000000000000, 0.8660254037844387100, 1.000000000000000000, 0.8660254037844387100, 1.000000000000000000, 0.8660254037844387100, 1.000000000000000000, 0.8660254037844387100, 1.000000000000000000, 0.8660254037844387100, 1.000000000000000000, 0.8660254037844387100, 1.000000000000000000, 0.8660254037844387100, 1.000000000000000000, 0.8660254037844387100, 1.000000000000000000, 0.8660254037844387100, 1.000000000000000000, 0.8660254037844387100, 1.000000000000000000, 0.8660254037844387100, 1.000000000000000000, 0.8660254037844387100, 1.000000000000000000, 0.8660254037844387100, 1.000000000000000000, 0.8660254037844387100, 1.000000000000000000, 0.8660254037844387100, 1.000000000000000000, 0.8660254037844387100, 1.000000000000000000, 0.8660254037844387100, 1.000000000000000000, 0.8660254037844387100, 1.000000000000000000, 0.8660254037844387100, 1.000000000000000000, 0.8660254037844387100, 1.000000000000000000, 0.8660254037844387100, 1.000000000000000000, 0.8660254037844387100, 1.000000000000000000, 0.8660254037844387100, 1.000000000000000000, 0.8660254037844387100, 1.000000000000000000, 0.8660254037844387100, 1.000000000000000000, 0.8660254037844387100, 1.000000000000000000, 0.8660254037844387100, 1.000000000000000000, 0.8660254037844387100, 1.000000000000000000, 0.8660254037844387100, 1.000000000000000000, 0.8660254037844387100, 1.000000000000000000, 0.8660254037844387100, 1.000000000000000000, 0.8660254037844387100, 1.000000000000000000, 0.8660254037844387100, 1.000000000000000000, 0.8660254037844387100, 1.000000000000000000, 0.8660254037844387100, 1.000000000000000000, 0.8660254037844387100, 1.000000000000000000, 0.8660254037844387100, 1.000000000000000000, 0.8660254037844387100, 1.000000000000000000, 0.8660254037844387100, 1.000000000000000000, 0.8660254037844387100, 1.000000000000000000, 0.8660254037844387100, 1.000000000000000000, 0.8660254037844387100, 1.000000000000000000, 0.8660254037844387100, 1.000000000000000000, 0.8660254037844387100, 1.000000000000000000, 0.8660254037844387100, 1.000000000000000000, 0.8660254037844387100, 1.000000000000000000, 0.8660254037844387100, 1.000000000000000000, 0.8660254037844387100, 1.000000000000000000, 0.8660254037844387100, 1.000000000000000000, 0.8660254037844387100, 1.000000000000000000, 0.8660254037844387100, 1.000000000000000000, 0.8660254037844387100, 1.000000000000000000, 0.8660254037844387100, 1.000000000000000000, 0.8660254037844387100, 1.000000000000000000, 0.8660254037844387100, 1.000000000000000000, 0.8660254037844387100, 1.000000000000000000) ) ) 
 REPRESENTATION_ITEM ( '' )  SURFACE ( )  );
#731 = CARTESIAN_POINT ( 'NONE',  ( 1.299037800455634700, -5.958333300948393900, -0.7500005286580553300 ) ) ;
#732 = DIRECTION ( 'NONE',  ( 1.000000000000000000, 0.0000000000000000000, 0.0000000000000000000 ) ) ;
#733 = CIRCLE ( 'NONE', #994, 3.166666666666688300 ) ;
#734 = CARTESIAN_POINT ( 'NONE',  ( -1.499999999999992200, -4.750000001528495600, -5.810221930990954100E-016 ) ) ;
#735 = CARTESIAN_POINT ( 'NONE',  ( 4.782772877150562400E-007, 5.125000032384925900, 1.175240473580725100 ) ) ;
#736 = CARTESIAN_POINT ( 'NONE',  ( 0.0000000000000000000, 0.0000000000000000000, 0.0000000000000000000 ) ) ;
#737 = CARTESIAN_POINT ( 'NONE',  ( 6.104418183075187900E-007, 6.437500032384925000, 1.499999999999874800 ) ) ;
#738 = CARTESIAN_POINT ( 'NONE',  ( 0.6785249255070866500, -2.604166634281741100, -1.175240749714245000 ) ) ;
#739 = EDGE_CURVE ( 'NONE', #3896, #1042, #3344, .T. ) ;
#740 = CARTESIAN_POINT ( 'NONE',  ( 1.357050807568749500, 4.250000032384924100, -5.522670417802544300E-007 ) ) ;
#741 = CARTESIAN_POINT ( 'NONE',  ( -1.299038410897452900, -5.291666634281726900, -0.7499994713418116600 ) ) ;
#742 = CARTESIAN_POINT ( 'NONE',  ( 3.166666666666685600, -4.769861997053557500E-014, 0.0000000000000000000 ) ) ;
#743 = CARTESIAN_POINT ( 'NONE',  ( -0.8660260142261849700, -3.770833300948408500, -1.499999647561126400 ) ) ;
#744 = CC_DESIGN_SECURITY_CLASSIFICATION ( #1305, ( #2184 ) ) ;
#745 = CARTESIAN_POINT ( 'NONE',  ( -6.104418189141934300E-007, -5.312499967615075000, -1.499999999999874800 ) ) ;
#746 = CARTESIAN_POINT ( 'NONE',  ( -1.299037800455634400, -3.208333300948393900, 0.7500005286580560000 ) ) ;
#747 = CARTESIAN_POINT ( 'NONE',  ( 1.357050807568748400, -2.687499967615074100, -5.522670417802541100E-007 ) ) ;
#748 = CARTESIAN_POINT ( 'NONE',  ( 0.6785258820616624200, 6.666666699051591900, 1.175240197447204400 ) ) ;
#749 = CARTESIAN_POINT ( 'NONE',  ( -0.6785258820616625300, -6.520833300948408100, -1.175240197447203300 ) ) ;
#750 = ORIENTED_EDGE ( 'NONE', *, *, #2245, .T. ) ;
#751 = CARTESIAN_POINT ( 'NONE',  ( -0.8660260142261809700, -5.833333300948393000, -1.499999647561119500 ) ) ;
#752 = CARTESIAN_POINT ( 'NONE',  ( -1.499999999999999300, -2.709829082723612900, -0.4019234615119163200 ) ) ;
#753 = CARTESIAN_POINT ( 'NONE',  ( -6.104418189141934300E-007, -3.812499967615074600, -1.499999999999874800 ) ) ;
#754 = CARTESIAN_POINT ( 'NONE',  ( 0.6785249255070866500, 6.395833365718257100, -1.175240749714245000 ) ) ;
#755 = CARTESIAN_POINT ( 'NONE',  ( 0.8660247933425442300, -0.4166666342817273400, -1.500000352438615600 ) ) ;
#756 = ORIENTED_EDGE ( 'NONE', *, *, #881, .T. ) ;
#757 = CARTESIAN_POINT ( 'NONE',  ( -0.8660247933425482300, -5.104166634281741100, 1.500000352438622500 ) ) ;
#758 = CARTESIAN_POINT ( 'NONE',  ( 0.8660260142261841900, -4.520833300948409000, 1.499999647561126800 ) ) ;
#759 = CARTESIAN_POINT ( 'NONE',  ( 0.6785258820616618700, -5.270833300948408100, 1.175240197447203500 ) ) ;
#760 = EDGE_CURVE ( 'NONE', #1560, #2575, #2514, .T. ) ;
#761 = CARTESIAN_POINT ( 'NONE',  ( -0.6785249255070867600, -2.354166634281741100, 1.175240749714245200 ) ) ;
#762 = CARTESIAN_POINT ( 'NONE',  ( -0.6395682309529083800, 0.1384326724534359300, -1.319175100063584300 ) ) ;
#763 = CARTESIAN_POINT ( 'NONE',  ( -1.017787866537917900, -4.895833300948407200, 0.5876206509906434200 ) ) ;
#764 = AXIS2_PLACEMENT_3D ( 'NONE', #2644, #776, #2962 ) ;
#765 = CARTESIAN_POINT ( 'NONE',  ( 4.782772877150559200E-007, 2.687500032384925400, 1.175240473580724300 ) ) ;
#766 = CARTESIAN_POINT ( 'NONE',  ( -6.104418189141906800E-007, -4.374999967615059900, -1.499999999999867700 ) ) ;
#767 = CARTESIAN_POINT ( 'NONE',  ( 1.299038410897452200, -1.041666634281727100, 0.7499994713418120000 ) ) ;
#768 = CARTESIAN_POINT ( 'NONE',  ( 0.8660247933425482300, -3.854166634281741100, -1.500000352438622300 ) ) ;
#769 = CARTESIAN_POINT ( 'NONE',  ( 4.782772877150559200E-007, 4.687500032384925000, 1.175240473580724300 ) ) ;
#770 = CARTESIAN_POINT ( 'NONE',  ( -3.460191456820337600E-016, -6.000000000000001800, 0.0000000000000000000 ) ) ;
#771 = CARTESIAN_POINT ( 'NONE',  ( -1.732050807568732900, -4.687499967615074100, 7.048774965991651900E-007 ) ) ;
#772 = ORIENTED_EDGE ( 'NONE', *, *, #3350, .F. ) ;
#773 = CARTESIAN_POINT ( 'NONE',  ( 1.499999999999995600, -5.999999999999998200, 0.0000000000000000000 ) ) ;
#774 = EDGE_LOOP ( 'NONE', ( #916, #2239, #825, #3397 ) ) ;
#775 = CARTESIAN_POINT ( 'NONE',  ( -4.782772882819589800E-007, -0.06249996761507458500, -1.175240473580724300 ) ) ;
#776 = DIRECTION ( 'NONE',  ( 5.356182135569786000E-016, 1.000000000000000000, -0.0000000000000000000 ) ) ;
#777 = CARTESIAN_POINT ( 'NONE',  ( -1.357050807568749100, -5.437499967615073300, 5.522670419464448300E-007 ) ) ;
#778 = CARTESIAN_POINT ( 'NONE',  ( -0.6785258820616625300, 2.979166699051592400, -1.175240197447203300 ) ) ;
#779 = CARTESIAN_POINT ( 'NONE',  ( 1.299038410897452200, -3.541666634281727300, 0.7499994713418120000 ) ) ;
#780 = CARTESIAN_POINT ( 'NONE',  ( -4.782772882819593000E-007, -6.624999967615074100, -1.175240473580725100 ) ) ;
#781 = DIRECTION ( 'NONE',  ( 1.000000000000000000, 0.0000000000000000000, 0.0000000000000000000 ) ) ;
#782 = CARTESIAN_POINT ( 'NONE',  ( 0.6785258820616618700, 4.729166699051592800, 1.175240197447203500 ) ) ;
#783 = CARTESIAN_POINT ( 'NONE',  ( -1.299037800455634400, -4.708333300948393000, 0.7500005286580560000 ) ) ;
#784 = PERSON_AND_ORGANIZATION ( #1785, #2119 ) ;
#785 = CARTESIAN_POINT ( 'NONE',  ( 0.8660260142261843000, -5.020833300948408100, 1.499999647561126800 ) ) ;
#786 = CARTESIAN_POINT ( 'NONE',  ( 1.357050807568748400, -5.187499967615075000, -5.522670417802541100E-007 ) ) ;
#787 = CARTESIAN_POINT ( 'NONE',  ( -0.6785249255070874300, -4.416666634281741100, 1.175240749714245900 ) ) ;
#788 = CARTESIAN_POINT ( 'NONE',  ( -1.017788344815205900, 1.020833365718259100, -0.5876198225900807200 ) ) ;
#789 = CARTESIAN_POINT ( 'NONE',  ( 2.333333333333350400, 0.8333333333333038400, 0.0000000000000000000 ) ) ;
#790 = CARTESIAN_POINT ( 'NONE',  ( 0.6785258820616618700, -6.270833300948407200, 1.175240197447203500 ) ) ;
#791 = CARTESIAN_POINT ( 'NONE',  ( 1.017787866537917900, 2.354166699051592400, -0.5876206509906427600 ) ) ;
#792 = CARTESIAN_POINT ( 'NONE',  ( -1.732050807568724600, -5.749999967615060800, 7.048774965991616900E-007 ) ) ;
#793 = CARTESIAN_POINT ( 'NONE',  ( 0.8660260142261841900, -2.020833300948408100, 1.499999647561126800 ) ) ;
#794 = CARTESIAN_POINT ( 'NONE',  ( -0.6785258820616625300, 6.479166699051592800, -1.175240197447203300 ) ) ;
#795 = CARTESIAN_POINT ( 'NONE',  ( -1.499999999999992200, -4.750000001528495600, -5.810221930990954100E-016 ) ) ;
#796 = CARTESIAN_POINT ( 'NONE',  ( -0.8660260142261850800, -5.770833300948408100, -1.499999647561126400 ) ) ;
#797 = CARTESIAN_POINT ( 'NONE',  ( 1.278021908052019200, -5.808493333642163100, -0.3635911789644771200 ) ) ;
#798 = CARTESIAN_POINT ( 'NONE',  ( 0.6785258820616624200, -3.333333300948407600, 1.175240197447204600 ) ) ;
#799 = CARTESIAN_POINT ( 'NONE',  ( -0.6785249255070874300, -2.916666634281741100, 1.175240749714245900 ) ) ;
#800 = CARTESIAN_POINT ( 'NONE',  ( 1.017788344815205200, 1.770833365718258900, 0.5876198225900811600 ) ) ;
#801 = EDGE_LOOP ( 'NONE', ( #3428, #1741, #806, #530 ) ) ;
#802 = CARTESIAN_POINT ( 'NONE',  ( -0.9224143772117495700, 0.1508985854721801900, -1.123402734645251300 ) ) ;
#803 = CARTESIAN_POINT ( 'NONE',  ( -0.6785249255070867600, -4.854166634281741100, 1.175240749714245200 ) ) ;
#804 = CARTESIAN_POINT ( 'NONE',  ( 0.6785258820616618700, 1.229166699051592100, 1.175240197447203500 ) ) ;
#805 = CARTESIAN_POINT ( 'NONE',  ( -0.8660260142261809700, -2.333333300948394300, -1.499999647561119500 ) ) ;
#806 = ORIENTED_EDGE ( 'NONE', *, *, #493, .F. ) ;
#807 = CARTESIAN_POINT ( 'NONE',  ( -1.119135196577854000, -5.628372067630372100, 0.9986035066859803000 ) ) ;
#808 = CARTESIAN_POINT ( 'NONE',  ( -1.017787866537917900, 5.104166699051591000, 0.5876206509906434200 ) ) ;
#809 = CARTESIAN_POINT ( 'NONE',  ( 0.6785249255070872100, -4.166666634281741100, -1.175240749714245600 ) ) ;
#810 = ORIENTED_EDGE ( 'NONE', *, *, #2024, .T. ) ;
#811 = CARTESIAN_POINT ( 'NONE',  ( 0.8660247933425482300, -3.854166634281741100, -1.500000352438622500 ) ) ;
#812 = CARTESIAN_POINT ( 'NONE',  ( 0.6785258820616624200, -4.333333300948408100, 1.175240197447204600 ) ) ;
#813 = EDGE_CURVE ( 'NONE', #2142, #409, #685, .T. ) ;
#814 = ORIENTED_EDGE ( 'NONE', *, *, #1912, .F. ) ;
#815 = CARTESIAN_POINT ( 'NONE',  ( 1.017788344815205900, -1.291666634281741100, 0.5876198225900816100 ) ) ;
#816 = CARTESIAN_POINT ( 'NONE',  ( -0.6785249255070867600, 2.145833365718259300, 1.175240749714245200 ) ) ;
#817 = VECTOR ( 'NONE', #3191, 1000.000000000000000 ) ;
#818 = CARTESIAN_POINT ( 'NONE',  ( -4.782772882819593000E-007, -5.624999967615074100, -1.175240473580725100 ) ) ;
#819 = CARTESIAN_POINT ( 'NONE',  ( -1.017787866537917900, 3.604166699051591500, 0.5876206509906434200 ) ) ;
#820 = CARTESIAN_POINT ( 'NONE',  ( -1.357050807568749100, 4.062500032384925000, 5.522670419464448300E-007 ) ) ;
#821 = CARTESIAN_POINT ( 'NONE',  ( -0.8660247933425441200, -2.666666634281727300, 1.500000352438615800 ) ) ;
#822 = CARTESIAN_POINT ( 'NONE',  ( -4.782772882819593000E-007, -6.124999967615074100, -1.175240473580725100 ) ) ;
#823 = CARTESIAN_POINT ( 'NONE',  ( -1.299037800455634400, 3.791666699051605700, 0.7500005286580560000 ) ) ;
#824 = CARTESIAN_POINT ( 'NONE',  ( -1.460376586768265200, -5.664623413231731200, 2.146458667522126900E-011 ) ) ;
#825 = ORIENTED_EDGE ( 'NONE', *, *, #2812, .T. ) ;
#826 = CARTESIAN_POINT ( 'NONE',  ( -0.6785258820616632000, -6.083333300948407200, -1.175240197447204200 ) ) ;
#827 = CARTESIAN_POINT ( 'NONE',  ( 0.6785249255070872100, -2.166666634281741100, -1.175240749714245600 ) ) ;
#828 = CARTESIAN_POINT ( 'NONE',  ( -1.299037800455640400, -4.145833300948408100, 0.7500005286580595500 ) ) ;
#829 = FACE_OUTER_BOUND ( 'NONE', #774, .T. ) ;
#830 = CARTESIAN_POINT ( 'NONE',  ( -1.017788344815205900, -2.979166634281741100, -0.5876198225900807200 ) ) ;
#831 = CARTESIAN_POINT ( 'NONE',  ( -1.017787866537918800, -2.458333300948407600, 0.5876206509906438700 ) ) ;
#832 = CARTESIAN_POINT ( 'NONE',  ( -1.162453267551579500, -5.949759526419175200, -0.1728946832644950600 ) ) ;
#833 = CARTESIAN_POINT ( 'NONE',  ( 0.6785249255070872100, -1.166666634281741300, -1.175240749714245600 ) ) ;
#834 = LINE ( 'NONE', #2056, #2461 ) ;
#835 = CARTESIAN_POINT ( 'NONE',  ( -4.782772882819589800E-007, 0.4375000323849258500, -1.175240473580724300 ) ) ;
#836 = CARTESIAN_POINT ( 'NONE',  ( -1.499999999999999300, -2.209829082723613300, -0.4019234615119163200 ) ) ;
#837 = CARTESIAN_POINT ( 'NONE',  ( -1.017788344815205900, 4.520833365718258000, -0.5876198225900807200 ) ) ;
#838 = CARTESIAN_POINT ( 'NONE',  ( 1.017788344815205200, 3.770833365718258900, 0.5876198225900811600 ) ) ;
#839 = CARTESIAN_POINT ( 'NONE',  ( 1.732050807568724200, -0.9999999676150607100, -7.048774963870467500E-007 ) ) ;
#840 = CARTESIAN_POINT ( 'NONE',  ( 4.782772877150562400E-007, -4.374999967615074100, 1.175240473580725100 ) ) ;
#841 = CARTESIAN_POINT ( 'NONE',  ( -0.8660247933425441200, 3.833333365718273100, 1.500000352438615800 ) ) ;
#842 = CARTESIAN_POINT ( 'NONE',  ( -1.124999999999996200, -6.000000000000001800, 0.0000000000000000000 ) ) ;
#843 = CARTESIAN_POINT ( 'NONE',  ( 0.6785258820616624200, -4.833333300948407200, 1.175240197447204400 ) ) ;
#844 = CARTESIAN_POINT ( 'NONE',  ( -1.357050807568750000, -1.999999967615074600, 5.522670419464453600E-007 ) ) ;
#845 = CARTESIAN_POINT ( 'NONE',  ( -1.299038410897458900, -2.729166634281741600, -0.7499994713418151000 ) ) ;
#846 = EDGE_CURVE ( 'NONE', #1448, #3925, #3282, .T. ) ;
#847 = CARTESIAN_POINT ( 'NONE',  ( -0.6785249255070867600, -3.854166634281740700, 1.175240749714245200 ) ) ;
#848 = CARTESIAN_POINT ( 'NONE',  ( -4.782772882819593000E-007, -3.124999967615074100, -1.175240473580725100 ) ) ;
#849 = AXIS2_PLACEMENT_3D ( 'NONE', #1623, #3818, #732 ) ;
#850 = CARTESIAN_POINT ( 'NONE',  ( -0.8660247933425482300, -1.104166634281741100, 1.500000352438622300 ) ) ;
#851 = CARTESIAN_POINT ( 'NONE',  ( 1.357050807568749500, -2.749999967615074100, -5.522670417802544300E-007 ) ) ;
#852 = CARTESIAN_POINT ( 'NONE',  ( -4.782772882819589800E-007, 2.937500032384925400, -1.175240473580724300 ) ) ;
#853 = CARTESIAN_POINT ( 'NONE',  ( 0.6785249255070866500, 4.895833365718258000, -1.175240749714245000 ) ) ;
#854 = CARTESIAN_POINT ( 'NONE',  ( 0.8660247933425441200, -1.416666634281727300, -1.500000352438615800 ) ) ;
#855 = CARTESIAN_POINT ( 'NONE',  ( 0.6785249255070872100, -5.166666634281741100, -1.175240749714245600 ) ) ;
#856 = CARTESIAN_POINT ( 'NONE',  ( 1.732050807568724200, 5.500000032384940100, -7.048774963870467500E-007 ) ) ;
#857 = CARTESIAN_POINT ( 'NONE',  ( 0.1805332811409416900, -5.895843615175433400, 1.242889680897157000 ) ) ;
#858 = CARTESIAN_POINT ( 'NONE',  ( -1.357050807568750000, -4.999999967615075000, 5.522670419464453600E-007 ) ) ;
#859 = CARTESIAN_POINT ( 'NONE',  ( 1.017787866537918800, -2.708333300948408100, -0.5876206509906432000 ) ) ;
#860 = ORIENTED_EDGE ( 'NONE', *, *, #2616, .T. ) ;
#861 = CARTESIAN_POINT ( 'NONE',  ( -0.8660260142261809700, 1.666666699051605500, -1.499999647561119500 ) ) ;
#862 = CARTESIAN_POINT ( 'NONE',  ( -1.732050807568732900, -3.687499967615075000, 7.048774965991651900E-007 ) ) ;
#863 = CARTESIAN_POINT ( 'NONE',  ( 0.6785249255070866500, -2.604166634281741100, -1.175240749714244700 ) ) ;
#864 = ORIENTED_EDGE ( 'NONE', *, *, #2594, .F. ) ;
#865 = CARTESIAN_POINT ( 'NONE',  ( 0.6785249255070872100, 0.3333333657182585000, -1.175240749714245600 ) ) ;
#866 = CARTESIAN_POINT ( 'NONE',  ( 4.782772877150562400E-007, -2.874999967615074600, 1.175240473580725100 ) ) ;
#867 = CARTESIAN_POINT ( 'NONE',  ( 1.017787866537917900, 2.854166699051592800, -0.5876206509906427600 ) ) ;
#868 = CARTESIAN_POINT ( 'NONE',  ( -1.299038410897458900, -2.229166634281741100, -0.7499994713418151000 ) ) ;
#869 = CARTESIAN_POINT ( 'NONE',  ( -0.6785249255070867600, 5.145833365718258000, 1.175240749714245200 ) ) ;
#870 = CARTESIAN_POINT ( 'NONE',  ( -0.8660247933425441200, -0.6666666342817267900, 1.500000352438615800 ) ) ;
#871 = CARTESIAN_POINT ( 'NONE',  ( 0.6785258820616624200, -5.333333300948408100, 1.175240197447204400 ) ) ;
#872 = CARTESIAN_POINT ( 'NONE',  ( -0.8660260142261809700, 3.166666699051606100, -1.499999647561119500 ) ) ;
#873 = DIRECTION ( 'NONE',  ( -3.524813029019029000E-017, -1.000000000000000000, -0.0000000000000000000 ) ) ;
#874 = CARTESIAN_POINT ( 'NONE',  ( 4.782772877150559200E-007, 7.187500032384925900, 1.175240473580724300 ) ) ;
#875 = CARTESIAN_POINT ( 'NONE',  ( 1.017788344815205900, -3.791666634281741100, 0.5876198225900816100 ) ) ;
#876 = CARTESIAN_POINT ( 'NONE',  ( -1.299038410897452900, -5.291666634281726900, -0.7499994713418116600 ) ) ;
#877 = CARTESIAN_POINT ( 'NONE',  ( 0.8660247933425441200, 0.5833333657182726600, -1.500000352438615800 ) ) ;
#878 = CARTESIAN_POINT ( 'NONE',  ( -0.8660260142261850800, -3.270833300948408100, -1.499999647561126400 ) ) ;
#879 = CARTESIAN_POINT ( 'NONE',  ( 1.017787866537917900, -3.645833300948408100, -0.5876206509906427600 ) ) ;
#880 = CARTESIAN_POINT ( 'NONE',  ( 0.6785249255070872100, -0.6666666342817416700, -1.175240749714245600 ) ) ;
#881 = EDGE_CURVE ( 'NONE', #4018, #3258, #2487, .T. ) ;
#882 = ORIENTED_EDGE ( 'NONE', *, *, #3141, .T. ) ;
#883 = CARTESIAN_POINT ( 'NONE',  ( -1.499999999999992200, -5.227670883985079600, 0.4019241157814840100 ) ) ;
#884 = CARTESIAN_POINT ( 'NONE',  ( 1.017788344815205900, 0.7083333657182588900, 0.5876198225900816100 ) ) ;
#885 = CARTESIAN_POINT ( 'NONE',  ( 0.8660260142261843000, 1.979166699051591900, 1.499999647561126800 ) ) ;
#886 = CARTESIAN_POINT ( 'NONE',  ( 4.782772877150559200E-007, 5.187500032384925900, 1.175240473580724300 ) ) ;
#887 = ORIENTED_EDGE ( 'NONE', *, *, #3533, .T. ) ;
#888 = PRODUCT_RELATED_PRODUCT_CATEGORY ( 'detail', '', ( #1076 ) ) ;
#889 = CARTESIAN_POINT ( 'NONE',  ( 6.104418183075160400E-007, -0.1249999676150607700, 1.499999999999867700 ) ) ;
#890 = CARTESIAN_POINT ( 'NONE',  ( 0.8660260142261802000, 4.916666699051606100, 1.499999647561119900 ) ) ;
#891 = CARTESIAN_POINT ( 'NONE',  ( -1.017787866537918800, -5.958333300948407200, 0.5876206509906438700 ) ) ;
#892 = CYLINDRICAL_SURFACE ( 'NONE', #4020, 1.499999999999996000 ) ;
#893 = CARTESIAN_POINT ( 'NONE',  ( 0.6785249255070872100, -0.1666666342817410300, -1.175240749714245600 ) ) ;
#894 = VERTEX_POINT ( 'NONE', #2618 ) ;
#895 = CARTESIAN_POINT ( 'NONE',  ( 1.732050807568724200, 1.500000032384939600, -7.048774963870467500E-007 ) ) ;
#896 = CARTESIAN_POINT ( 'NONE',  ( 1.732050807568732200, 0.06250003238492553300, -7.048774963870500300E-007 ) ) ;
#897 = CARTESIAN_POINT ( 'NONE',  ( 4.782772877150559200E-007, -4.812499967615074100, 1.175240473580724300 ) ) ;
#898 = CARTESIAN_POINT ( 'NONE',  ( -4.782772882819593000E-007, -1.624999967615074100, -1.175240473580725100 ) ) ;
#899 = PERSON_AND_ORGANIZATION ( #1785, #2119 ) ;
#900 = CARTESIAN_POINT ( 'NONE',  ( 0.8660260142261841900, -4.020833300948408100, 1.499999647561126800 ) ) ;
#901 = CARTESIAN_POINT ( 'NONE',  ( -0.6785249255070874300, 1.083333365718258400, 1.175240749714245900 ) ) ;
#902 = CARTESIAN_POINT ( 'NONE',  ( 0.8660247933425482300, 1.645833365718258900, -1.500000352438622500 ) ) ;
#903 = CARTESIAN_POINT ( 'NONE',  ( -1.017787866537917900, 6.104166699051591900, 0.5876206509906434200 ) ) ;
#904 = CARTESIAN_POINT ( 'NONE',  ( 0.8660247933425441200, -0.4166666342817273400, -1.500000352438615800 ) ) ;
#905 = CARTESIAN_POINT ( 'NONE',  ( 6.104418183075160400E-007, 6.875000032384939200, 1.499999999999867700 ) ) ;
#906 = DIRECTION ( 'NONE',  ( 1.000000000000000000, 0.0000000000000000000, 0.0000000000000000000 ) ) ;
#907 = CARTESIAN_POINT ( 'NONE',  ( 0.6785249255070866500, -2.604166634281741100, -1.175240749714245000 ) ) ;
#908 = CARTESIAN_POINT ( 'NONE',  ( 1.357050807568749500, -0.2499999676150747900, -5.522670417802544300E-007 ) ) ;
#909 = CARTESIAN_POINT ( 'NONE',  ( 4.782772877150559200E-007, 6.687500032384925000, 1.175240473580724300 ) ) ;
#910 = CARTESIAN_POINT ( 'NONE',  ( 1.732050807568724200, 2.000000032384940100, -7.048774963870467500E-007 ) ) ;
#911 = CARTESIAN_POINT ( 'NONE',  ( 1.299038410897458200, 0.5208333657182586700, 0.7499994713418155500 ) ) ;
#912 = EDGE_CURVE ( 'NONE', #1448, #1322, #3458, .T. ) ;
#913 = CARTESIAN_POINT ( 'NONE',  ( -1.017787866537917900, -0.8958333009484080700, 0.5876206509906434200 ) ) ;
#914 = CARTESIAN_POINT ( 'NONE',  ( 1.017787866537918800, -0.2083333009484074600, -0.5876206509906432000 ) ) ;
#915 = CARTESIAN_POINT ( 'NONE',  ( -1.357050807568750000, -0.4999999676150749800, 5.522670419464453600E-007 ) ) ;
#916 = ORIENTED_EDGE ( 'NONE', *, *, #3698, .F. ) ;
#917 = CARTESIAN_POINT ( 'NONE',  ( 1.732050807568732200, 2.562500032384925000, -7.048774963870500300E-007 ) ) ;
#918 = CARTESIAN_POINT ( 'NONE',  ( 1.357050807568748400, 5.812500032384925000, -5.522670417802541100E-007 ) ) ;
#919 =( BOUNDED_CURVE ( )  B_SPLINE_CURVE ( 2, ( #2828, #12, #975, #3493, #25, #2237, #2248, #1940, #2541 ),
 .UNSPECIFIED., .F., .F. ) 
 B_SPLINE_CURVE_WITH_KNOTS ( ( 3, 2, 2, 2, 3 ),
 ( 0.2589285691684524700, 0.2619047619047619200, 0.2678571428571428500, 0.2738095238095238400, 0.2767857120255953800 ),
 .UNSPECIFIED. ) 
 CURVE ( )  GEOMETRIC_REPRESENTATION_ITEM ( )  RATIONAL_B_SPLINE_CURVE ( ( 0.9330127018922580500, 0.9330126510220673200, 1.000000000000000000, 0.8660254037844387100, 1.000000000000000000, 0.8660254037844387100, 1.000000000000000000, 0.9330127527623708300, 0.9330127018922580500 ) ) 
 REPRESENTATION_ITEM ( '' )  );
#920 = ORIENTED_EDGE ( 'NONE', *, *, #2642, .F. ) ;
#921 = CARTESIAN_POINT ( 'NONE',  ( 1.299037800455634700, 6.541666699051606100, -0.7500005286580553300 ) ) ;
#922 = CARTESIAN_POINT ( 'NONE',  ( -0.8660260142261849700, -4.270833300948408100, -1.499999647561126400 ) ) ;
#923 = CARTESIAN_POINT ( 'NONE',  ( 4.782772877150559200E-007, -2.312499967615075000, 1.175240473580724300 ) ) ;
#924 = CARTESIAN_POINT ( 'NONE',  ( 4.782772877150562400E-007, -1.374999967615074800, 1.175240473580725100 ) ) ;
#925 = CARTESIAN_POINT ( 'NONE',  ( -1.732050807568724600, 2.250000032384938700, 7.048774965991616900E-007 ) ) ;
#926 = CARTESIAN_POINT ( 'NONE',  ( -1.299037800455640400, -1.145833300948408300, 0.7500005286580595500 ) ) ;
#927 = CARTESIAN_POINT ( 'NONE',  ( 0.7418325004126169500, 0.3880582293799102500, -1.065588916528731100 ) ) ;
#928 = CARTESIAN_POINT ( 'NONE',  ( -4.782772882819593000E-007, -0.6249999676150742600, -1.175240473580725100 ) ) ;
#929 = VERTEX_POINT ( 'NONE', #3273 ) ;
#930 = CARTESIAN_POINT ( 'NONE',  ( 1.017787866537918800, -0.2083333009484074600, -0.5876206509906432000 ) ) ;
#931 = CARTESIAN_POINT ( 'NONE',  ( 1.299037800455640400, 1.104166699051591000, -0.7500005286580587700 ) ) ;
#932 = CARTESIAN_POINT ( 'NONE',  ( -1.732050807568724600, 6.250000032384939200, 7.048774965991616900E-007 ) ) ;
#933 = DIRECTION ( 'NONE',  ( -1.000000000000000000, -6.237853260653816800E-016, 0.0000000000000000000 ) ) ;
#934 = EDGE_LOOP ( 'NONE', ( #772, #77, #4013, #1004 ) ) ;
#935 = EDGE_CURVE ( 'NONE', #3121, #2215, #988, .T. ) ;
#936 = CARTESIAN_POINT ( 'NONE',  ( -1.357050807568749100, -2.937499967615074100, 5.522670419464448300E-007 ) ) ;
#937 = CARTESIAN_POINT ( 'NONE',  ( -0.6785258820616632000, -1.083333300948408300, -1.175240197447204200 ) ) ;
#938 = DIRECTION ( 'NONE',  ( -3.524813029019029000E-017, -1.000000000000000000, -0.0000000000000000000 ) ) ;
#939 = DIRECTION ( 'NONE',  ( 0.7071067811865456900, 0.7071067811865493500, 8.659560562354910700E-017 ) ) ;
#940 = CARTESIAN_POINT ( 'NONE',  ( 6.104418183075187900E-007, 0.4375000323849249600, 1.499999999999874800 ) ) ;
#941 = ORIENTED_EDGE ( 'NONE', *, *, #2642, .T. ) ;
#942 = CARTESIAN_POINT ( 'NONE',  ( 0.6785258820616618700, -0.7708333009484079600, 1.175240197447203500 ) ) ;
#943 = CARTESIAN_POINT ( 'NONE',  ( -0.8660260142261849700, -3.270833300948408100, -1.499999647561126400 ) ) ;
#944 = CARTESIAN_POINT ( 'NONE',  ( 1.017788344815205900, 2.208333365718259300, 0.5876198225900816100 ) ) ;
#945 = ORIENTED_EDGE ( 'NONE', *, *, #1772, .F. ) ;
#946 = CARTESIAN_POINT ( 'NONE',  ( 6.104418183075187900E-007, 1.937500032384924500, 1.499999999999874800 ) ) ;
#947 = FACE_OUTER_BOUND ( 'NONE', #1024, .T. ) ;
#948 = ADVANCED_FACE ( 'NONE', ( #430 ), #494, .T. ) ;
#949 = CARTESIAN_POINT ( 'NONE',  ( -4.782772882819589800E-007, -6.562499967615074100, -1.175240473580724300 ) ) ;
#950 = LOCAL_TIME ( 17, 34, 15.00000000000000000, #3843 ) ;
#951 = CARTESIAN_POINT ( 'NONE',  ( -4.782772882819589800E-007, -4.062499967615074100, -1.175240473580724300 ) ) ;
#952 = CARTESIAN_POINT ( 'NONE',  ( 0.6785249255070872100, 1.333333365718258700, -1.175240749714245600 ) ) ;
#953 = CARTESIAN_POINT ( 'NONE',  ( 1.499999999999993800, -0.9776708839850806200, -0.4019241157814808500 ) ) ;
#954 = CARTESIAN_POINT ( 'NONE',  ( 1.499999999999998400, 0.06249999847149058400, 6.594601891674731900E-015 ) ) ;
#955 = CARTESIAN_POINT ( 'NONE',  ( -1.732050807568732900, -1.187499967615074800, 7.048774965991651900E-007 ) ) ;
#956 = CARTESIAN_POINT ( 'NONE',  ( 1.357050807568748400, 0.3125000323849257400, -5.522670417802541100E-007 ) ) ;
#957 = CARTESIAN_POINT ( 'NONE',  ( 1.499999999999995600, -5.999999999999998200, 0.0000000000000000000 ) ) ;
#958 = CARTESIAN_POINT ( 'NONE',  ( 4.782772877150562400E-007, 3.625000032384926300, 1.175240473580725100 ) ) ;
#959 = CARTESIAN_POINT ( 'NONE',  ( 1.299037800455640400, 6.104166699051591900, -0.7500005286580587700 ) ) ;
#960 = CARTESIAN_POINT ( 'NONE',  ( -1.299038410897452900, 6.208333365718273100, -0.7499994713418116600 ) ) ;
#961 = CARTESIAN_POINT ( 'NONE',  ( -1.499999999999998900, -2.187500001528509300, 1.307299934472964400E-015 ) ) ;
#962 = CARTESIAN_POINT ( 'NONE',  ( -1.017788344815205900, -0.4791666342817413300, -0.5876198225900807200 ) ) ;
#963 = CARTESIAN_POINT ( 'NONE',  ( 1.357050807568749500, 2.750000032384925000, -5.522670417802544300E-007 ) ) ;
#964 = CARTESIAN_POINT ( 'NONE',  ( -0.8660247933425482300, -3.604166634281741100, 1.500000352438622300 ) ) ;
#965 = DIRECTION ( 'NONE',  ( -3.524813029019029000E-017, -1.000000000000000000, -0.0000000000000000000 ) ) ;
#966 = EDGE_CURVE ( 'NONE', #2449, #3008, #1193, .T. ) ;
#967 = CARTESIAN_POINT ( 'NONE',  ( -4.782772882819589800E-007, -1.062499967615074600, -1.175240473580724300 ) ) ;
#968 = ORIENTED_EDGE ( 'NONE', *, *, #232, .F. ) ;
#969 = CARTESIAN_POINT ( 'NONE',  ( 0.6785249255070872100, 3.833333365718258900, -1.175240749714245600 ) ) ;
#970 = VERTEX_POINT ( 'NONE', #3260 ) ;
#971 = CARTESIAN_POINT ( 'NONE',  ( 1.299038410897458200, 5.020833365718258000, 0.7499994713418155500 ) ) ;
#972 = CARTESIAN_POINT ( 'NONE',  ( -0.6785249255070867600, -5.354166634281740200, 1.175240749714245200 ) ) ;
#973 = CARTESIAN_POINT ( 'NONE',  ( 4.782772877150559200E-007, -1.312499967615074800, 1.175240473580724300 ) ) ;
#974 = CARTESIAN_POINT ( 'NONE',  ( -1.017788344815206500, 2.958333365718258400, -0.5876198225900811600 ) ) ;
#975 = CARTESIAN_POINT ( 'NONE',  ( -1.299037800455634400, -2.708333300948393900, 0.7500005286580560000 ) ) ;
#976 = CARTESIAN_POINT ( 'NONE',  ( -1.162453267551579500, -5.949759526419175200, -0.1728946832644950600 ) ) ;
#977 = CARTESIAN_POINT ( 'NONE',  ( -1.404903811536692700, 0.1950961884633086700, 1.278248824818010200E-015 ) ) ;
#978 = CARTESIAN_POINT ( 'NONE',  ( -1.017788344815206500, 2.958333365718258400, -0.5876198225900811600 ) ) ;
#979 = CARTESIAN_POINT ( 'NONE',  ( 0.8660247933425482300, 6.145833365718258000, -1.500000352438622500 ) ) ;
#980 = ADVANCED_FACE ( 'NONE', ( #37 ), #2307, .F. ) ;
#981 = CARTESIAN_POINT ( 'NONE',  ( 0.6785258820616618700, -4.270833300948407200, 1.175240197447203500 ) ) ;
#982 = EDGE_CURVE ( 'NONE', #3187, #624, #84, .T. ) ;
#983 = CARTESIAN_POINT ( 'NONE',  ( 0.6785249255070866500, 0.8958333657182591100, -1.175240749714245000 ) ) ;
#984 = CARTESIAN_POINT ( 'NONE',  ( -0.6785249255070874300, 2.083333365718259300, 1.175240749714245900 ) ) ;
#985 = CARTESIAN_POINT ( 'NONE',  ( 1.499999999999998700, -3.437500001528509800, 2.817957636530612800E-015 ) ) ;
#986 = CARTESIAN_POINT ( 'NONE',  ( 1.499999999999992700, -4.477670883985080500, -0.4019241157814826800 ) ) ;
#987 = CARTESIAN_POINT ( 'NONE',  ( -1.499999999999998900, -5.209829082723612900, -0.4019234615119172100 ) ) ;
#988 = LINE ( 'NONE', #2912, #1421 ) ;
#989 = CARTESIAN_POINT ( 'NONE',  ( 1.224067535059343300, 0.3389333561484958500, 0.3490230931477157900 ) ) ;
#990 = CARTESIAN_POINT ( 'NONE',  ( -1.017787866537918800, 3.041666699051592800, 0.5876206509906438700 ) ) ;
#991 = DIRECTION ( 'NONE',  ( -3.524813029019029000E-017, -1.000000000000000000, -0.0000000000000000000 ) ) ;
#992 = CARTESIAN_POINT ( 'NONE',  ( -0.8660260142261850800, 5.729166699051591900, -1.499999647561126400 ) ) ;
#993 = FACE_OUTER_BOUND ( 'NONE', #2039, .T. ) ;
#994 = AXIS2_PLACEMENT_3D ( 'NONE', #2045, #1417, #1433 ) ;
#995 = CARTESIAN_POINT ( 'NONE',  ( -0.6785258820616625300, -3.520833300948407600, -1.175240197447203300 ) ) ;
#996 = CARTESIAN_POINT ( 'NONE',  ( -1.017788344815205900, 0.5208333657182586700, -0.5876198225900807200 ) ) ;
#997 = CARTESIAN_POINT ( 'NONE',  ( 0.6785258820616624200, 2.166666699051591900, 1.175240197447204400 ) ) ;
#998 = CARTESIAN_POINT ( 'NONE',  ( -1.499999999999996400, -5.999999999999998200, 1.836970198721024800E-016 ) ) ;
#999 = CARTESIAN_POINT ( 'NONE',  ( -0.8660260142261849700, -0.7708333009484079600, -1.499999647561126400 ) ) ;
#1000 = CARTESIAN_POINT ( 'NONE',  ( -6.104418189141906800E-007, -1.874999967615060600, -1.499999999999867700 ) ) ;
#1001 = ADVANCED_FACE ( 'NONE', ( #599 ), #1412, .F. ) ;
#1002 = CARTESIAN_POINT ( 'NONE',  ( 0.6785249255070872100, 4.333333365718259800, -1.175240749714245600 ) ) ;
#1003 = CARTESIAN_POINT ( 'NONE',  ( 0.8660260142261843000, 3.979166699051591900, 1.499999647561126800 ) ) ;
#1004 = ORIENTED_EDGE ( 'NONE', *, *, #1743, .T. ) ;
#1005 = CARTESIAN_POINT ( 'NONE',  ( 1.357050807568748400, -3.187499967615074600, -5.522670417802541100E-007 ) ) ;
#1006 = CARTESIAN_POINT ( 'NONE',  ( 4.782772877150559200E-007, 0.6875000323849251900, 1.175240473580724300 ) ) ;
#1007 = CARTESIAN_POINT ( 'NONE',  ( 1.017788344815205900, 4.208333365718259800, 0.5876198225900816100 ) ) ;
#1008 = CARTESIAN_POINT ( 'NONE',  ( 1.788923619507585200E-015, 7.999999999999986700, 0.0000000000000000000 ) ) ;
#1009 = ORIENTED_EDGE ( 'NONE', *, *, #2317, .F. ) ;
#1010 = CARTESIAN_POINT ( 'NONE',  ( -1.017788344815205900, -4.479166634281741100, -0.5876198225900807200 ) ) ;
#1011 = CARTESIAN_POINT ( 'NONE',  ( -6.104418189141906800E-007, -4.374999967615059900, -1.499999999999867700 ) ) ;
#1012 = CARTESIAN_POINT ( 'NONE',  ( -0.6785249255070874300, 6.083333365718258900, 1.175240749714245900 ) ) ;
#1013 = CC_DESIGN_DATE_AND_TIME_ASSIGNMENT ( #483, #2984, ( #1305 ) ) ;
#1014 = CARTESIAN_POINT ( 'NONE',  ( -1.204246820910470200, -5.920753179089528500, 2.324088772396382000E-016 ) ) ;
#1015 = VERTEX_POINT ( 'NONE', #3638 ) ;
#1016 = CARTESIAN_POINT ( 'NONE',  ( -0.6785249255070867600, -4.854166634281741100, 1.175240749714245200 ) ) ;
#1017 = CARTESIAN_POINT ( 'NONE',  ( -0.6785258820616625300, 2.479166699051592400, -1.175240197447203300 ) ) ;
#1018 = CARTESIAN_POINT ( 'NONE',  ( 1.017788344815205900, 5.208333365718258900, 0.5876198225900816100 ) ) ;
#1019 = DIRECTION ( 'NONE',  ( -1.000000000000000000, 4.336808689941984200E-016, 0.0000000000000000000 ) ) ;
#1020 = ORIENTED_EDGE ( 'NONE', *, *, #3916, .F. ) ;
#1021 = CARTESIAN_POINT ( 'NONE',  ( -1.499999999999998900, -0.1875000015285089600, 1.307299934472964400E-015 ) ) ;
#1022 = CARTESIAN_POINT ( 'NONE',  ( -1.092910264692144500, -5.949759526419174300, 0.4995467146622066300 ) ) ;
#1023 = CARTESIAN_POINT ( 'NONE',  ( 1.017788344815205900, 6.708333365718258000, 0.5876198225900816100 ) ) ;
#1024 = EDGE_LOOP ( 'NONE', ( #1672, #2654, #1654, #2905 ) ) ;
#1025 = CARTESIAN_POINT ( 'NONE',  ( -0.8660260142261850800, 6.729166699051591000, -1.499999647561126400 ) ) ;
#1026 = VECTOR ( 'NONE', #1354, 1000.000000000000000 ) ;
#1027 = CARTESIAN_POINT ( 'NONE',  ( 1.017787866537917900, -1.645833300948407900, -0.5876206509906427600 ) ) ;
#1028 = EDGE_CURVE ( 'NONE', #894, #3317, #4043, .T. ) ;
#1029 = CARTESIAN_POINT ( 'NONE',  ( -1.017787866537918800, 5.541666699051591900, 0.5876206509906438700 ) ) ;
#1030 =( BOUNDED_CURVE ( )  B_SPLINE_CURVE ( 2, ( #2309, #2285, #1391, #1699, #128, #487, #767, #2682, #2075 ),
 .UNSPECIFIED., .F., .F. ) 
 B_SPLINE_CURVE_WITH_KNOTS ( ( 3, 2, 2, 2, 3 ),
 ( 0.3660714263113096200, 0.3690476190476190700, 0.3750000000000000000, 0.3809523809523809300, 0.3839285691684524700 ),
 .UNSPECIFIED. ) 
 CURVE ( )  GEOMETRIC_REPRESENTATION_ITEM ( )  RATIONAL_B_SPLINE_CURVE ( ( 0.9330127018922580500, 0.9330126510220673200, 1.000000000000000000, 0.8660254037844387100, 1.000000000000000000, 0.8660254037844387100, 1.000000000000000000, 0.9330127527623713900, 0.9330127018922580500 ) ) 
 REPRESENTATION_ITEM ( '' )  );
#1031 = CARTESIAN_POINT ( 'NONE',  ( -0.8660247933425441200, -6.166666634281726900, 1.500000352438615800 ) ) ;
#1032 = DIRECTION ( 'NONE',  ( 5.356182135569786000E-016, 1.000000000000000000, -0.0000000000000000000 ) ) ;
#1033 = AXIS2_PLACEMENT_3D ( 'NONE', #3423, #1238, #1571 ) ;
#1034 = CARTESIAN_POINT ( 'NONE',  ( -1.499999999999998900, -0.6875000015285091000, 1.307299934472964400E-015 ) ) ;
#1035 = CARTESIAN_POINT ( 'NONE',  ( 0.6785258820616624200, 5.166666699051591000, 1.175240197447204400 ) ) ;
#1036 = CARTESIAN_POINT ( 'NONE',  ( 1.017787866537917900, -2.645833300948408100, -0.5876206509906427600 ) ) ;
#1037 = CARTESIAN_POINT ( 'NONE',  ( 1.017787866537918800, 4.291666699051591900, -0.5876206509906432000 ) ) ;
#1038 = CARTESIAN_POINT ( 'NONE',  ( -1.499999999999992000, -2.750000001528495100, -6.187886356505365400E-015 ) ) ;
#1039 = CARTESIAN_POINT ( 'NONE',  ( -3.460191456820337600E-016, -6.000000000000001800, 0.0000000000000000000 ) ) ;
#1040 = DIRECTION ( 'NONE',  ( -3.524813029019029000E-017, -1.000000000000000000, -0.0000000000000000000 ) ) ;
#1041 = CARTESIAN_POINT ( 'NONE',  ( -1.357050807568750000, 4.500000032384925000, 5.522670419464453600E-007 ) ) ;
#1042 = VERTEX_POINT ( 'NONE', #2739 ) ;
#1043 = CARTESIAN_POINT ( 'NONE',  ( 1.299038410897458200, 7.020833365718258000, 0.7499994713418155500 ) ) ;
#1044 = EDGE_CURVE ( 'NONE', #3258, #2194, #834, .T. ) ;
#1045 = CARTESIAN_POINT ( 'NONE',  ( 1.017788344815205200, -0.7291666342817415500, 0.5876198225900811600 ) ) ;
#1046 = ORIENTED_EDGE ( 'NONE', *, *, #94, .T. ) ;
#1047 = CARTESIAN_POINT ( 'NONE',  ( 1.357050807568749500, 5.250000032384925900, -5.522670417802544300E-007 ) ) ;
#1048 = DIRECTION ( 'NONE',  ( 1.000000000000000000, -3.524813029019029000E-017, 0.0000000000000000000 ) ) ;
#1049 = CARTESIAN_POINT ( 'NONE',  ( 0.8660260142261802000, -5.583333300948394800, 1.499999647561119900 ) ) ;
#1050 = CARTESIAN_POINT ( 'NONE',  ( 0.8660247933425482300, -2.854166634281742000, -1.500000352438622300 ) ) ;
#1051 = CARTESIAN_POINT ( 'NONE',  ( -0.8660247933425482300, 0.8958333657182583300, 1.500000352438622500 ) ) ;
#1052 = CARTESIAN_POINT ( 'NONE',  ( -0.8660260142261850800, -5.270833300948408100, -1.499999647561126400 ) ) ;
#1053 = DIRECTION ( 'NONE',  ( -1.000000000000000000, 5.478074134663557900E-016, 0.0000000000000000000 ) ) ;
#1054 = CARTESIAN_POINT ( 'NONE',  ( -1.110985103012298800, -5.815794947860607200, 0.6982478206189253200 ) ) ;
#1055 = VECTOR ( 'NONE', #2236, 1000.000000000000000 ) ;
#1056 = CARTESIAN_POINT ( 'NONE',  ( 0.6785249255070866500, -2.104166634281741100, -1.175240749714245000 ) ) ;
#1057 = EDGE_LOOP ( 'NONE', ( #1020, #3720 ) ) ;
#1058 = CARTESIAN_POINT ( 'NONE',  ( 1.357050807568749500, 7.250000032384925000, -5.522670417802544300E-007 ) ) ;
#1059 = CARTESIAN_POINT ( 'NONE',  ( 0.6785258820616618700, -5.770833300948408100, 1.175240197447203500 ) ) ;
#1060 = CARTESIAN_POINT ( 'NONE',  ( -6.104418189141906800E-007, -5.374999967615059900, -1.499999999999867700 ) ) ;
#1061 = CARTESIAN_POINT ( 'NONE',  ( 0.8660260142261841900, -0.02083330094840817000, 1.499999647561126800 ) ) ;
#1062 = CYLINDRICAL_SURFACE ( 'NONE', #594, 1.499999999999996000 ) ;
#1063 = CARTESIAN_POINT ( 'NONE',  ( 1.017788344815205200, 6.770833365718258000, 0.5876198225900811600 ) ) ;
#1064 = CARTESIAN_POINT ( 'NONE',  ( 6.104418183075187900E-007, 0.9375000323849254100, 1.499999999999874800 ) ) ;
#1065 = CARTESIAN_POINT ( 'NONE',  ( -0.8660247933425482300, -5.604166634281740200, 1.500000352438622500 ) ) ;
#1066 = CIRCLE ( 'NONE', #4079, 4.000000000000029300 ) ;
#1067 = CARTESIAN_POINT ( 'NONE',  ( 1.309201953578127600, -5.815798046423230600, -0.1803574199343294400 ) ) ;
#1068 = CARTESIAN_POINT ( 'NONE',  ( 1.017787866537917900, -2.145833300948407600, -0.5876206509906427600 ) ) ;
#1069 = EDGE_CURVE ( 'NONE', #1109, #2046, #3289, .T. ) ;
#1070 = LINE ( 'NONE', #346, #2847 ) ;
#1071 = CARTESIAN_POINT ( 'NONE',  ( -0.3202463752857854200, 0.1263310084204952200, -1.443052052266448300 ) ) ;
#1072 = CARTESIAN_POINT ( 'NONE',  ( 1.017788344815205200, -6.229166634281741100, 0.5876198225900811600 ) ) ;
#1073 = CARTESIAN_POINT ( 'NONE',  ( 0.6785249255070866500, 1.395833365718258700, -1.175240749714245000 ) ) ;
#1074 = CARTESIAN_POINT ( 'NONE',  ( 0.8660260142261802000, -4.083333300948393900, 1.499999647561119900 ) ) ;
#1075 = CARTESIAN_POINT ( 'NONE',  ( 1.299038410897452200, -4.041666634281726900, 0.7499994713418120000 ) ) ;
#1076 = PRODUCT ( '93115K871_Load-Rated Threaded Bumper', '93115K871_Load-Rated Threaded Bumper', '', ( #91 ) ) ;
#1077 = CARTESIAN_POINT ( 'NONE',  ( -1.357050807568749100, 5.562500032384926700, 5.522670419464448300E-007 ) ) ;
#1078 = CARTESIAN_POINT ( 'NONE',  ( -1.499999999999992000, -2.250000001528494700, 1.307299934472964400E-015 ) ) ;
#1079 = CARTESIAN_POINT ( 'NONE',  ( 1.299038410897458200, -6.479166634281741100, 0.7499994713418155500 ) ) ;
#1080 = CARTESIAN_POINT ( 'NONE',  ( -1.017787866537917900, -5.395833300948408100, 0.5876206509906434200 ) ) ;
#1081 = CARTESIAN_POINT ( 'NONE',  ( -0.6785258820616625300, 1.479166699051591300, -1.175240197447203300 ) ) ;
#1082 = CARTESIAN_POINT ( 'NONE',  ( 0.6785258820616618700, -5.270833300948408100, 1.175240197447203500 ) ) ;
#1083 = CARTESIAN_POINT ( 'NONE',  ( 1.357050807568748400, 2.312500032384925000, -5.522670417802541100E-007 ) ) ;
#1084 = ORIENTED_EDGE ( 'NONE', *, *, #2862, .T. ) ;
#1085 = CARTESIAN_POINT ( 'NONE',  ( -0.8660260142261809700, -4.833333300948393900, -1.499999647561119500 ) ) ;
#1086 = CARTESIAN_POINT ( 'NONE',  ( -1.017787866537918800, -6.458333300948408100, 0.5876206509906438700 ) ) ;
#1087 = CARTESIAN_POINT ( 'NONE',  ( -1.499999999999998900, -2.187500001528509300, 1.307299934472964400E-015 ) ) ;
#1088 = CARTESIAN_POINT ( 'NONE',  ( -1.017787866537917900, 4.604166699051592800, 0.5876206509906434200 ) ) ;
#1089 = DIRECTION ( 'NONE',  ( 1.000000000000000000, 0.0000000000000000000, 0.0000000000000000000 ) ) ;
#1090 = ORIENTED_EDGE ( 'NONE', *, *, #1772, .T. ) ;
#1091 = PRODUCT_DEFINITION_SHAPE ( 'NONE', 'NONE',  #2653 ) ;
#1092 = CARTESIAN_POINT ( 'NONE',  ( 0.6785258820616624200, 7.166666699051591900, 1.175240197447204400 ) ) ;
#1093 =( BOUNDED_CURVE ( )  B_SPLINE_CURVE ( 2, ( #1574, #3760, #4077, #1885, #2191, #943, #3771, #2819, #1588 ),
 .UNSPECIFIED., .F., .F. ) 
 B_SPLINE_CURVE_WITH_KNOTS ( ( 3, 2, 2, 2, 3 ),
 ( 0.2410714263113096200, 0.2440476190476190400, 0.2500000000000000000, 0.2559523809523809300, 0.2589285691684524700 ),
 .UNSPECIFIED. ) 
 CURVE ( )  GEOMETRIC_REPRESENTATION_ITEM ( )  RATIONAL_B_SPLINE_CURVE ( ( 0.9330127018922579300, 0.9330126510220675400, 1.000000000000000000, 0.8660254037844387100, 1.000000000000000000, 0.8660254037844387100, 1.000000000000000000, 0.9330127527623713900, 0.9330127018922580500 ) ) 
 REPRESENTATION_ITEM ( '' )  );
#1094 = CARTESIAN_POINT ( 'NONE',  ( 1.017787866537917900, -5.145833300948407200, -0.5876206509906427600 ) ) ;
#1095 = CARTESIAN_POINT ( 'NONE',  ( -1.017788344815206500, -4.041666634281741100, -0.5876198225900811600 ) ) ;
#1096 = EDGE_CURVE ( 'NONE', #3258, #2449, #1839, .T. ) ;
#1097 = CARTESIAN_POINT ( 'NONE',  ( -4.782772882819593000E-007, -3.124999967615074100, -1.175240473580725100 ) ) ;
#1098 = CARTESIAN_POINT ( 'NONE',  ( 1.357050807568748400, 0.3125000323849257400, -5.522670417802541100E-007 ) ) ;
#1099 = VERTEX_POINT ( 'NONE', #3653 ) ;
#1100 = DIRECTION ( 'NONE',  ( 1.000000000000000000, 6.237853260653827600E-016, 0.0000000000000000000 ) ) ;
#1101 = CARTESIAN_POINT ( 'NONE',  ( -1.017788344815205900, -5.979166634281741100, -0.5876198225900807200 ) ) ;
#1102 = CARTESIAN_POINT ( 'NONE',  ( 1.357050807568748400, 2.812500032384925400, -5.522670417802541100E-007 ) ) ;
#1103 = CARTESIAN_POINT ( 'NONE',  ( 0.8660247933425441200, -5.416666634281726900, -1.500000352438615800 ) ) ;
#1104 = CARTESIAN_POINT ( 'NONE',  ( -4.782772882819593000E-007, -5.624999967615074100, -1.175240473580725100 ) ) ;
#1105 = CARTESIAN_POINT ( 'NONE',  ( -3.460191456820336100E-016, -5.999999999999998200, 0.0000000000000000000 ) ) ;
#1106 = CARTESIAN_POINT ( 'NONE',  ( -1.357050807568749100, 6.562500032384925000, 5.522670419464448300E-007 ) ) ;
#1107 = CARTESIAN_POINT ( 'NONE',  ( -1.357050807568750000, -3.999999967615074100, 5.522670419464453600E-007 ) ) ;
#1108 = CARTESIAN_POINT ( 'NONE',  ( -1.299037800455640400, -6.645833300948408100, 0.7500005286580595500 ) ) ;
#1109 = VERTEX_POINT ( 'NONE', #3459 ) ;
#1110 = PERSON_AND_ORGANIZATION_ROLE ( 'creator' ) ;
#1111 = CARTESIAN_POINT ( 'NONE',  ( -1.017787866537917900, -4.895833300948407200, 0.5876206509906434200 ) ) ;
#1112 = CARTESIAN_POINT ( 'NONE',  ( -1.017788344815206500, -3.541666634281741100, -0.5876198225900811600 ) ) ;
#1113 = ORIENTED_EDGE ( 'NONE', *, *, #1096, .T. ) ;
#1114 = CARTESIAN_POINT ( 'NONE',  ( 1.017787866537918800, -1.708333300948407900, -0.5876206509906432000 ) ) ;
#1115 = CARTESIAN_POINT ( 'NONE',  ( 1.017788344815205200, 0.7708333657182588900, 0.5876198225900811600 ) ) ;
#1116 = CARTESIAN_POINT ( 'NONE',  ( 1.017788344815205900, 6.708333365718258000, 0.5876198225900816100 ) ) ;
#1117 = CARTESIAN_POINT ( 'NONE',  ( -1.017787866537917900, -6.395833300948408100, 0.5876206509906434200 ) ) ;
#1118 = FACE_OUTER_BOUND ( 'NONE', #3773, .T. ) ;
#1119 = CARTESIAN_POINT ( 'NONE',  ( -1.357050807568749100, 3.062500032384925400, 5.522670419464448300E-007 ) ) ;
#1120 = CARTESIAN_POINT ( 'NONE',  ( 0.8660247933425441200, -2.916666634281727300, -1.500000352438615800 ) ) ;
#1121 = CARTESIAN_POINT ( 'NONE',  ( 0.6785258820616618700, 7.229166699051591000, 1.175240197447203500 ) ) ;
#1122 = CARTESIAN_POINT ( 'NONE',  ( -0.6785258820616632000, -2.583333300948407600, -1.175240197447204200 ) ) ;
#1123 = SHAPE_DEFINITION_REPRESENTATION ( #1091, #556 ) ;
#1124 = CARTESIAN_POINT ( 'NONE',  ( 6.104418183075187900E-007, -4.062499967615075000, 1.499999999999874800 ) ) ;
#1125 = EDGE_CURVE ( 'NONE', #3536, #3949, #2314, .T. ) ;
#1126 = CARTESIAN_POINT ( 'NONE',  ( -1.499999999999991600, -2.227670883985080100, 0.4019241157814849000 ) ) ;
#1127 = CARTESIAN_POINT ( 'NONE',  ( 1.017788344815205900, -4.291666634281741100, 0.5876198225900816100 ) ) ;
#1128 = CIRCLE ( 'NONE', #2325, 3.166666666666694900 ) ;
#1129 = CARTESIAN_POINT ( 'NONE',  ( -1.357050807568750000, -1.499999967615074100, 5.522670419464453600E-007 ) ) ;
#1130 = CARTESIAN_POINT ( 'NONE',  ( -1.357050807568749100, 1.062500032384925600, 5.522670419464448300E-007 ) ) ;
#1131 = CARTESIAN_POINT ( 'NONE',  ( 1.017787866537917900, 3.354166699051591500, -0.5876206509906427600 ) ) ;
#1132 = CARTESIAN_POINT ( 'NONE',  ( 0.6785258820616618700, 4.229166699051591900, 1.175240197447203500 ) ) ;
#1133 = CARTESIAN_POINT ( 'NONE',  ( -1.299038410897452900, -1.791666634281726900, -0.7499994713418116600 ) ) ;
#1134 = CARTESIAN_POINT ( 'NONE',  ( -1.017788344815206500, -6.041666634281741100, -0.5876198225900811600 ) ) ;
#1135 = CARTESIAN_POINT ( 'NONE',  ( -1.299038410897452900, 3.208333365718272200, -0.7499994713418116600 ) ) ;
#1136 = CARTESIAN_POINT ( 'NONE',  ( -1.499999999999998900, -2.165170883985094700, 0.4019241157814867900 ) ) ;
#1137 = CARTESIAN_POINT ( 'NONE',  ( -0.6785249255070874300, -5.416666634281740200, 1.175240749714245900 ) ) ;
#1138 = CARTESIAN_POINT ( 'NONE',  ( 4.782772877150562400E-007, -2.374999967615075000, 1.175240473580725100 ) ) ;
#1139 = CARTESIAN_POINT ( 'NONE',  ( -1.299037800455640400, -3.645833300948408100, 0.7500005286580595500 ) ) ;
#1140 = CARTESIAN_POINT ( 'NONE',  ( -4.782772882819589800E-007, -4.562499967615074100, -1.175240473580724300 ) ) ;
#1141 = CARTESIAN_POINT ( 'NONE',  ( -1.017787866537918800, -3.958333300948408100, 0.5876206509906438700 ) ) ;
#1142 = CARTESIAN_POINT ( 'NONE',  ( 1.499999999999998400, -1.437500001528509100, 6.594601891674731900E-015 ) ) ;
#1143 = CARTESIAN_POINT ( 'NONE',  ( 4.782772877150562400E-007, -2.374999967615075000, 1.175240473580725100 ) ) ;
#1144 = CARTESIAN_POINT ( 'NONE',  ( -0.6785249255070867600, 0.1458333657182591900, 1.175240749714245200 ) ) ;
#1145 = ORIENTED_EDGE ( 'NONE', *, *, #3081, .T. ) ;
#1146 = CARTESIAN_POINT ( 'NONE',  ( -0.9434779673423252500, -5.949759526419176000, 0.7007421036887041500 ) ) ;
#1147 = CARTESIAN_POINT ( 'NONE',  ( 0.6785249255070866500, 5.395833365718258900, -1.175240749714245000 ) ) ;
#1148 = CARTESIAN_POINT ( 'NONE',  ( -4.782772882819589800E-007, 3.937500032384924500, -1.175240473580724300 ) ) ;
#1149 = CARTESIAN_POINT ( 'NONE',  ( -0.8660260142261809700, -0.8333333009483942000, -1.499999647561119500 ) ) ;
#1150 = CARTESIAN_POINT ( 'NONE',  ( 0.6785258820616624200, -3.833333300948407200, 1.175240197447204400 ) ) ;
#1151 = VERTEX_POINT ( 'NONE', #639 ) ;
#1152 = CARTESIAN_POINT ( 'NONE',  ( -0.8660247933425441200, 4.833333365718272200, 1.500000352438615800 ) ) ;
#1153 = CARTESIAN_POINT ( 'NONE',  ( 6.104418183075187900E-007, -2.062499967615074600, 1.499999999999874800 ) ) ;
#1154 =( BOUNDED_CURVE ( )  B_SPLINE_CURVE ( 2, ( #4021, #883, #3352, #3071, #1470, #1519, #3714, #513, #2394 ),
 .UNSPECIFIED., .F., .T. ) 
 B_SPLINE_CURVE_WITH_KNOTS ( ( 3, 2, 2, 2, 3 ),
 ( 0.08035714059702392400, 0.08333333333333332900, 0.08928571428571428800, 0.09523809523809523300, 0.09821428345416678700 ),
 .UNSPECIFIED. ) 
 CURVE ( )  GEOMETRIC_REPRESENTATION_ITEM ( )  RATIONAL_B_SPLINE_CURVE ( ( 0.9330127018922578200, 0.9330126510220677600, 1.000000000000000000, 0.8660254037844387100, 1.000000000000000000, 0.8660254037844387100, 1.000000000000000000, 0.9330127527623708300, 0.9330127018922580500 ) ) 
 REPRESENTATION_ITEM ( '' )  );
#1155 = CARTESIAN_POINT ( 'NONE',  ( -1.357050807568750000, -5.999999967615074100, 5.522670419464453600E-007 ) ) ;
#1156 = CARTESIAN_POINT ( 'NONE',  ( 1.357050807568749500, -3.249999967615074100, -5.522670417802544300E-007 ) ) ;
#1157 = CARTESIAN_POINT ( 'NONE',  ( 0.8660247933425482300, -4.354166634281741100, -1.500000352438622500 ) ) ;
#1158 = CARTESIAN_POINT ( 'NONE',  ( -0.6785249255070867600, -3.354166634281740700, 1.175240749714245200 ) ) ;
#1159 = CARTESIAN_POINT ( 'NONE',  ( -0.6785258820616632000, -2.583333300948407600, -1.175240197447204200 ) ) ;
#1160 = CARTESIAN_POINT ( 'NONE',  ( 6.104418183075187900E-007, -1.062499967615074600, 1.499999999999874800 ) ) ;
#1161 = CARTESIAN_POINT ( 'NONE',  ( 1.017788344815205900, -2.291666634281741100, 0.5876198225900816100 ) ) ;
#1162 = CARTESIAN_POINT ( 'NONE',  ( 1.017787866537917900, 2.354166699051592400, -0.5876206509906427600 ) ) ;
#1163 = VECTOR ( 'NONE', #939, 1000.000000000000100 ) ;
#1164 = CARTESIAN_POINT ( 'NONE',  ( 1.017788344815205900, -5.291666634281741100, 0.5876198225900816100 ) ) ;
#1165 = CARTESIAN_POINT ( 'NONE',  ( -1.017788344815205900, 5.020833365718258000, -0.5876198225900807200 ) ) ;
#1166 = CARTESIAN_POINT ( 'NONE',  ( -6.104418189141906800E-007, -2.374999967615059900, -1.499999999999867700 ) ) ;
#1167 = CARTESIAN_POINT ( 'NONE',  ( -1.357050807568750000, -4.999999967615075000, 5.522670419464453600E-007 ) ) ;
#1168 = CARTESIAN_POINT ( 'NONE',  ( -1.299037800455634400, 4.291666699051606100, 0.7500005286580560000 ) ) ;
#1169 = ORIENTED_EDGE ( 'NONE', *, *, #45, .F. ) ;
#1170 = CARTESIAN_POINT ( 'NONE',  ( -4.782772882819589800E-007, 7.437500032384925900, -1.175240473580724300 ) ) ;
#1171 = CARTESIAN_POINT ( 'NONE',  ( 0.6785249255070872100, -3.166666634281740700, -1.175240749714245600 ) ) ;
#1172 = CARTESIAN_POINT ( 'NONE',  ( -1.299038410897452900, 0.7083333657182727700, -0.7499994713418116600 ) ) ;
#1173 = CARTESIAN_POINT ( 'NONE',  ( 0.8660260142261843000, -3.520833300948407600, 1.499999647561126800 ) ) ;
#1174 = ORIENTED_EDGE ( 'NONE', *, *, #1546, .F. ) ;
#1175 = VECTOR ( 'NONE', #2665, 1000.000000000000100 ) ;
#1176 = CARTESIAN_POINT ( 'NONE',  ( -0.6785249255070867600, -2.354166634281741100, 1.175240749714245200 ) ) ;
#1177 = CARTESIAN_POINT ( 'NONE',  ( -0.6785249255070874300, -1.416666634281741600, 1.175240749714245900 ) ) ;
#1178 = CARTESIAN_POINT ( 'NONE',  ( -1.357050807568750000, -0.9999999676150744800, 5.522670419464453600E-007 ) ) ;
#1179 = CONICAL_SURFACE ( 'NONE', #566, 1.600000000000000100, 0.7853981633974472800 ) ;
#1180 = CARTESIAN_POINT ( 'NONE',  ( 0.6785249255070866500, 2.895833365718258000, -1.175240749714245000 ) ) ;
#1181 = CARTESIAN_POINT ( 'NONE',  ( 4.782772877150559200E-007, 3.187500032384925900, 1.175240473580724300 ) ) ;
#1182 = CARTESIAN_POINT ( 'NONE',  ( 1.299037800455634700, -1.958333300948393400, -0.7500005286580553300 ) ) ;
#1183 = CARTESIAN_POINT ( 'NONE',  ( -0.6785249255070874300, -4.916666634281741100, 1.175240749714245900 ) ) ;
#1184 = CARTESIAN_POINT ( 'NONE',  ( 0.8660260142261802000, 5.416666699051606100, 1.499999647561119900 ) ) ;
#1185 = VECTOR ( 'NONE', #1218, 1000.000000000000000 ) ;
#1186 = CARTESIAN_POINT ( 'NONE',  ( 4.782772877150562400E-007, -4.874999967615074100, 1.175240473580725100 ) ) ;
#1187 = CARTESIAN_POINT ( 'NONE',  ( -4.782772882819593000E-007, -1.124999967615074600, -1.175240473580725100 ) ) ;
#1188 = CARTESIAN_POINT ( 'NONE',  ( -0.8660247933425441200, 0.8333333657182727700, 1.500000352438615800 ) ) ;
#1189 = CARTESIAN_POINT ( 'NONE',  ( 6.104418183075187900E-007, -2.062499967615074600, 1.499999999999874800 ) ) ;
#1190 = EDGE_CURVE ( 'NONE', #1531, #2375, #2264, .T. ) ;
#1191 = CARTESIAN_POINT ( 'NONE',  ( -1.017788344815205900, -3.479166634281741100, -0.5876198225900807200 ) ) ;
#1192 = CARTESIAN_POINT ( 'NONE',  ( 1.299037800455634700, 3.041666699051606600, -0.7500005286580553300 ) ) ;
#1193 = B_SPLINE_CURVE_WITH_KNOTS ( 'NONE', 3,
 ( #1388, #2364, #3935, #3580, #3893, #2071, #2017, #1733, #802, #113, #762, #2660, #1071, #3272, #3905, #124 ),
 .UNSPECIFIED., .F., .F.,
 ( 4, 2, 2, 2, 2, 2, 2, 4 ),
 ( 0.005846971746208459900, 0.006189764722128850100, 0.006532557698049241300, 0.006875350673969631500, 0.007218143649890021800, 0.007560936625810412900, 0.007903729601730802300, 0.008589315553571584500 ),
 .UNSPECIFIED. ) ;
#1194 = CARTESIAN_POINT ( 'NONE',  ( -1.017787866537918800, -1.458333300948407600, 0.5876206509906438700 ) ) ;
#1195 = CARTESIAN_POINT ( 'NONE',  ( 1.499999999999998700, -4.937500001528508900, 2.817957636530612800E-015 ) ) ;
#1196 = CARTESIAN_POINT ( 'NONE',  ( 1.357050807568749500, 0.7500000323849253000, -5.522670417802544300E-007 ) ) ;
#1197 = CARTESIAN_POINT ( 'NONE',  ( -1.299038410897458900, 2.770833365718258000, -0.7499994713418151000 ) ) ;
#1198 = CARTESIAN_POINT ( 'NONE',  ( 1.357050807568748400, 5.312500032384925900, -5.522670417802541100E-007 ) ) ;
#1199 = CARTESIAN_POINT ( 'NONE',  ( 1.299037800455634700, -0.4583333009483938100, -0.7500005286580553300 ) ) ;
#1200 = CARTESIAN_POINT ( 'NONE',  ( -1.299038410897452900, 5.708333365718273100, -0.7499994713418116600 ) ) ;
#1201 = CARTESIAN_POINT ( 'NONE',  ( 1.499999999999998400, -2.937500001528508900, -9.005843993035976600E-016 ) ) ;
#1202 = CARTESIAN_POINT ( 'NONE',  ( 4.782772877150559200E-007, -2.812499967615074600, 1.175240473580724300 ) ) ;
#1203 = CARTESIAN_POINT ( 'NONE',  ( -4.782772882819593000E-007, -0.1249999676150746500, -1.175240473580725100 ) ) ;
#1204 = CARTESIAN_POINT ( 'NONE',  ( -6.104418189141906800E-007, -5.374999967615059900, -1.499999999999867700 ) ) ;
#1205 = ORIENTED_EDGE ( 'NONE', *, *, #437, .F. ) ;
#1206 = CARTESIAN_POINT ( 'NONE',  ( -1.299038410897452900, 1.708333365718272700, -0.7499994713418116600 ) ) ;
#1207 = CARTESIAN_POINT ( 'NONE',  ( -1.732050807568732900, -0.6874999676150752600, 7.048774965991651900E-007 ) ) ;
#1208 = CARTESIAN_POINT ( 'NONE',  ( 1.017787866537917900, -3.145833300948408100, -0.5876206509906427600 ) ) ;
#1209 = ORIENTED_EDGE ( 'NONE', *, *, #3234, .F. ) ;
#1210 = CARTESIAN_POINT ( 'NONE',  ( 1.017788344815205900, -0.7916666342817415500, 0.5876198225900816100 ) ) ;
#1211 = CARTESIAN_POINT ( 'NONE',  ( -1.299037800455640400, -4.145833300948408100, 0.7500005286580595500 ) ) ;
#1212 = CARTESIAN_POINT ( 'NONE',  ( -4.782772882819593000E-007, 1.375000032384925900, -1.175240473580725100 ) ) ;
#1213 = CARTESIAN_POINT ( 'NONE',  ( -0.8660247933425482300, 1.395833365718258700, 1.500000352438622500 ) ) ;
#1214 = CARTESIAN_POINT ( 'NONE',  ( -0.6785249255070867600, 6.145833365718259800, 1.175240749714245200 ) ) ;
#1215 = CARTESIAN_POINT ( 'NONE',  ( -1.299038410897452900, -0.2916666342817272900, -0.7499994713418116600 ) ) ;
#1216 = CARTESIAN_POINT ( 'NONE',  ( -1.732050807568724600, 5.750000032384941000, 7.048774965991616900E-007 ) ) ;
#1217 = VERTEX_POINT ( 'NONE', #332 ) ;
#1218 = DIRECTION ( 'NONE',  ( -3.524813029019029000E-017, -1.000000000000000000, -0.0000000000000000000 ) ) ;
#1219 = CARTESIAN_POINT ( 'NONE',  ( -1.017787866537917900, -3.895833300948407600, 0.5876206509906434200 ) ) ;
#1220 = CARTESIAN_POINT ( 'NONE',  ( 1.017788344815205900, 0.2083333657182584200, 0.5876198225900816100 ) ) ;
#1221 = CARTESIAN_POINT ( 'NONE',  ( 1.017787866537917900, 7.354166699051591000, -0.5876206509906427600 ) ) ;
#1222 = CARTESIAN_POINT ( 'NONE',  ( -0.8660260142261809700, 2.666666699051606100, -1.499999647561119500 ) ) ;
#1223 = CARTESIAN_POINT ( 'NONE',  ( -1.732050807568732900, -0.1874999676150746800, 7.048774965991651900E-007 ) ) ;
#1224 = EDGE_LOOP ( 'NONE', ( #1679, #2659, #3682, #1992 ) ) ;
#1225 = AXIS2_PLACEMENT_3D ( 'NONE', #457, #1689, #1089 ) ;
#1226 = CARTESIAN_POINT ( 'NONE',  ( -1.017787866537917900, 0.1041666990515919400, 0.5876206509906434200 ) ) ;
#1227 = CARTESIAN_POINT ( 'NONE',  ( 0.6785258820616624200, 0.1666666990515920100, 1.175240197447204600 ) ) ;
#1228 = VERTEX_POINT ( 'NONE', #3472 ) ;
#1229 = CARTESIAN_POINT ( 'NONE',  ( 1.499999999999998400, -2.937500001528508900, -9.005843993035976600E-016 ) ) ;
#1230 = CARTESIAN_POINT ( 'NONE',  ( 0.6785249255070872100, -0.1666666342817410300, -1.175240749714245600 ) ) ;
#1231 = CARTESIAN_POINT ( 'NONE',  ( -1.299037800455640400, 3.354166699051591500, 0.7500005286580595500 ) ) ;
#1232 = ORIENTED_EDGE ( 'NONE', *, *, #259, .F. ) ;
#1233 = CC_DESIGN_APPROVAL ( #504, ( #2184 ) ) ;
#1234 = CARTESIAN_POINT ( 'NONE',  ( 1.299038410897452200, 5.958333365718273100, 0.7499994713418120000 ) ) ;
#1235 = CARTESIAN_POINT ( 'NONE',  ( -1.175240473580822200, -5.949759526419177800, 3.282775391009890000E-015 ) ) ;
#1236 = CARTESIAN_POINT ( 'NONE',  ( -1.017788344815205900, -2.979166634281741100, -0.5876198225900807200 ) ) ;
#1237 = CARTESIAN_POINT ( 'NONE',  ( -1.017788344815206500, -1.041666634281740900, -0.5876198225900811600 ) ) ;
#1238 = DIRECTION ( 'NONE',  ( -3.524813029019029000E-017, -1.000000000000000000, -0.0000000000000000000 ) ) ;
#1239 = CARTESIAN_POINT ( 'NONE',  ( -6.104418189141906800E-007, 1.625000032384939800, -1.499999999999867700 ) ) ;
#1240 = CARTESIAN_POINT ( 'NONE',  ( 1.299037800455640400, 0.1041666990515919400, -0.7500005286580587700 ) ) ;
#1241 = CARTESIAN_POINT ( 'NONE',  ( 1.017787866537917900, -0.6458333009484078500, -0.5876206509906427600 ) ) ;
#1242 = CARTESIAN_POINT ( 'NONE',  ( -1.357050807568750000, -1.999999967615074600, 5.522670419464452500E-007 ) ) ;
#1243 = CALENDAR_DATE ( 2021, 8, 9 ) ;
#1244 = DIRECTION ( 'NONE',  ( 1.000000000000000000, -3.524813029019029000E-017, 0.0000000000000000000 ) ) ;
#1245 = CARTESIAN_POINT ( 'NONE',  ( 0.6785258820616624200, -0.8333333009484079600, 1.175240197447204400 ) ) ;
#1246 = CARTESIAN_POINT ( 'NONE',  ( -6.104418189141934300E-007, 1.687500032384924300, -1.499999999999874800 ) ) ;
#1247 = FACE_OUTER_BOUND ( 'NONE', #801, .T. ) ;
#1248 = CARTESIAN_POINT ( 'NONE',  ( 0.8660247933425441200, 7.583333365718273100, -1.500000352438615800 ) ) ;
#1249 = CARTESIAN_POINT ( 'NONE',  ( -1.303749790715960400E-016, 4.416666666666638500, 0.0000000000000000000 ) ) ;
#1250 = CARTESIAN_POINT ( 'NONE',  ( -1.017788344815205900, -2.479166634281741600, -0.5876198225900807200 ) ) ;
#1251 = CARTESIAN_POINT ( 'NONE',  ( -0.6785258820616632000, -0.08333330094840822600, -1.175240197447204200 ) ) ;
#1252 = CARTESIAN_POINT ( 'NONE',  ( -0.6785249255070867600, 6.645833365718258900, 1.175240749714245200 ) ) ;
#1253 = CARTESIAN_POINT ( 'NONE',  ( -6.104418189141934300E-007, -0.8124999676150743700, -1.499999999999874800 ) ) ;
#1254 = EDGE_CURVE ( 'NONE', #3558, #3121, #1093, .T. ) ;
#1255 = CARTESIAN_POINT ( 'NONE',  ( -1.357050807568748600, -1.437499967615074100, 5.522670419464448300E-007 ) ) ;
#1256 = CARTESIAN_POINT ( 'NONE',  ( -0.7296116065804436600, 0.2457531957253741800, 1.153995065241356000 ) ) ;
#1257 = CARTESIAN_POINT ( 'NONE',  ( -0.6785258820616632000, 3.416666699051591000, -1.175240197447204200 ) ) ;
#1258 = CARTESIAN_POINT ( 'NONE',  ( -0.8660260142261850800, 3.229166699051591000, -1.499999647561126400 ) ) ;
#1259 = ORIENTED_EDGE ( 'NONE', *, *, #2812, .F. ) ;
#1260 = CARTESIAN_POINT ( 'NONE',  ( -1.299037800455634400, 5.791666699051605200, 0.7500005286580560000 ) ) ;
#1261 = CARTESIAN_POINT ( 'NONE',  ( -1.017787866537917900, -4.395833300948408100, 0.5876206509906434200 ) ) ;
#1262 = CARTESIAN_POINT ( 'NONE',  ( -0.6785258820616632000, 1.916666699051591900, -1.175240197447204200 ) ) ;
#1263 = ORIENTED_EDGE ( 'NONE', *, *, #389, .F. ) ;
#1264 = CARTESIAN_POINT ( 'NONE',  ( 1.732050807568732200, -0.4374999676150749300, -7.048774963870500300E-007 ) ) ;
#1265 = CARTESIAN_POINT ( 'NONE',  ( -1.357050807568748600, -0.9374999676150744800, 5.522670419464448300E-007 ) ) ;
#1266 = ORIENTED_EDGE ( 'NONE', *, *, #1125, .F. ) ;
#1267 = CARTESIAN_POINT ( 'NONE',  ( -1.017788344815206500, 3.958333365718259300, -0.5876198225900811600 ) ) ;
#1268 = CARTESIAN_POINT ( 'NONE',  ( 0.8660247933425482300, 5.145833365718258000, -1.500000352438622500 ) ) ;
#1269 = CARTESIAN_POINT ( 'NONE',  ( -1.299037800455634400, 6.291666699051606100, 0.7500005286580560000 ) ) ;
#1270 = CARTESIAN_POINT ( 'NONE',  ( -1.499999999999996400, -5.999999999999998200, 1.836970198721024800E-016 ) ) ;
#1271 = EDGE_CURVE ( 'NONE', #1109, #3184, #1548, .T. ) ;
#1272 = CARTESIAN_POINT ( 'NONE',  ( 0.6785258820616618700, -0.2708333009484075200, 1.175240197447203500 ) ) ;
#1273 = CARTESIAN_POINT ( 'NONE',  ( -0.6785258820616632000, 3.416666699051591000, -1.175240197447204200 ) ) ;
#1274 = CARTESIAN_POINT ( 'NONE',  ( -4.000000000000027500, 7.999999999999989300, 0.0000000000000000000 ) ) ;
#1275 = DIRECTION ( 'NONE',  ( -3.524813029019029000E-017, -1.000000000000000000, -0.0000000000000000000 ) ) ;
#1276 = EDGE_LOOP ( 'NONE', ( #2029, #1306, #4039, #2627 ) ) ;
#1277 = AXIS2_PLACEMENT_3D ( 'NONE', #3620, #3000, #2970 ) ;
#1278 = CARTESIAN_POINT ( 'NONE',  ( 0.6785249255070866500, -0.6041666342817414400, -1.175240749714244700 ) ) ;
#1279 = CARTESIAN_POINT ( 'NONE',  ( -0.4053432370170718100, 0.2593232381044234800, 1.280858251638576000 ) ) ;
#1280 = CARTESIAN_POINT ( 'NONE',  ( 1.357050807568749500, 3.250000032384925900, -5.522670417802544300E-007 ) ) ;
#1281 = FACE_OUTER_BOUND ( 'NONE', #3445, .T. ) ;
#1282 = CARTESIAN_POINT ( 'NONE',  ( 0.8660260142261843000, 5.979166699051592800, 1.499999647561126800 ) ) ;
#1283 = CARTESIAN_POINT ( 'NONE',  ( -0.6785249255070867600, -3.854166634281740700, 1.175240749714245200 ) ) ;
#1284 = LOCAL_TIME ( 17, 34, 15.00000000000000000, #87 ) ;
#1285 = CARTESIAN_POINT ( 'NONE',  ( 1.357050807568748400, 0.3125000323849257400, -5.522670417802541100E-007 ) ) ;
#1286 = CARTESIAN_POINT ( 'NONE',  ( -4.782772882819593000E-007, 2.375000032384925000, -1.175240473580725100 ) ) ;
#1287 = CARTESIAN_POINT ( 'NONE',  ( 1.499999999999991800, -3.000000001528494700, 2.817957636530612800E-015 ) ) ;
#1288 = VECTOR ( 'NONE', #2222, 1000.000000000000000 ) ;
#1289 =( BOUNDED_CURVE ( )  B_SPLINE_CURVE ( 2, ( #2804, #3439, #2141, #2747, #1204, #1543, #876, #242, #2761 ),
 .UNSPECIFIED., .F., .F. ) 
 B_SPLINE_CURVE_WITH_KNOTS ( ( 3, 2, 2, 2, 3 ),
 ( 0.06249999773988106800, 0.06547619047619047900, 0.07142857142857142500, 0.07738095238095238400, 0.08035714059702392400 ),
 .UNSPECIFIED. ) 
 CURVE ( )  GEOMETRIC_REPRESENTATION_ITEM ( )  RATIONAL_B_SPLINE_CURVE ( ( 0.9330127018922578200, 0.9330126510220677600, 1.000000000000000000, 0.8660254037844387100, 1.000000000000000000, 0.8660254037844387100, 1.000000000000000000, 0.9330127527623708300, 0.9330127018922578200 ) ) 
 REPRESENTATION_ITEM ( '' )  );
#1290 = CARTESIAN_POINT ( 'NONE',  ( -1.345303639408919400E-016, 0.0000000000000000000, 0.0000000000000000000 ) ) ;
#1291 = ADVANCED_FACE ( 'NONE', ( #1775 ), #3238, .T. ) ;
#1292 = CARTESIAN_POINT ( 'NONE',  ( -0.6836845057049361100, 0.4247595264191608200, -0.9559109097617168900 ) ) ;
#1293 = CARTESIAN_POINT ( 'NONE',  ( 0.6785249255070872100, 1.833333365718259100, -1.175240749714245600 ) ) ;
#1294 = CARTESIAN_POINT ( 'NONE',  ( -1.732050807568732900, 3.812500032384925000, 7.048774965991651900E-007 ) ) ;
#1295 = CARTESIAN_POINT ( 'NONE',  ( -1.017788344815205900, -4.979166634281741100, -0.5876198225900807200 ) ) ;
#1296 = CARTESIAN_POINT ( 'NONE',  ( 1.017787866537917900, -1.645833300948407900, -0.5876206509906427600 ) ) ;
#1297 = CARTESIAN_POINT ( 'NONE',  ( -1.017787866537918800, 3.041666699051592800, 0.5876206509906438700 ) ) ;
#1298 = CARTESIAN_POINT ( 'NONE',  ( -1.345303639408919400E-016, 0.0000000000000000000, 0.0000000000000000000 ) ) ;
#1299 = CARTESIAN_POINT ( 'NONE',  ( -1.499999999999991800, -4.272329082723599600, -0.4019234615119162700 ) ) ;
#1300 = EDGE_CURVE ( 'NONE', #1042, #1803, #1971, .T. ) ;
#1301 = CARTESIAN_POINT ( 'NONE',  ( 1.299038410897458200, -2.479166634281741600, 0.7499994713418155500 ) ) ;
#1302 = ORIENTED_EDGE ( 'NONE', *, *, #1599, .F. ) ;
#1303 = CARTESIAN_POINT ( 'NONE',  ( 1.499999999999991600, -4.977670883985080500, -0.4019241157814844000 ) ) ;
#1304 = CARTESIAN_POINT ( 'NONE',  ( 1.357050807568749500, 2.250000032384925000, -5.522670417802544300E-007 ) ) ;
#1305 = SECURITY_CLASSIFICATION ( '', '', #3312 ) ;
#1306 = ORIENTED_EDGE ( 'NONE', *, *, #3752, .T. ) ;
#1307 = CARTESIAN_POINT ( 'NONE',  ( -3.460191456820336100E-016, -5.999999999999998200, 0.0000000000000000000 ) ) ;
#1308 = CARTESIAN_POINT ( 'NONE',  ( -0.8660260142261850800, 4.229166699051591900, -1.499999647561126400 ) ) ;
#1309 = ADVANCED_FACE ( 'NONE', ( #3041 ), #1586, .T. ) ;
#1310 = CARTESIAN_POINT ( 'NONE',  ( -0.6785258820616625300, -4.520833300948408100, -1.175240197447203300 ) ) ;
#1311 = CARTESIAN_POINT ( 'NONE',  ( -1.017788344815205900, -0.9791666342817408900, -0.5876198225900807200 ) ) ;
#1312 = CARTESIAN_POINT ( 'NONE',  ( -4.782772882819593000E-007, 1.375000032384925900, -1.175240473580725100 ) ) ;
#1313 = CARTESIAN_POINT ( 'NONE',  ( 1.299037800455634700, -3.958333300948393400, -0.7500005286580553300 ) ) ;
#1314 = CARTESIAN_POINT ( 'NONE',  ( 1.499999999999998400, -0.9375000015285089900, -9.005843993035976600E-016 ) ) ;
#1315 = CARTESIAN_POINT ( 'NONE',  ( 1.788923619507586300E-015, 7.999999999999988500, 0.0000000000000000000 ) ) ;
#1316 = ORIENTED_EDGE ( 'NONE', *, *, #3800, .F. ) ;
#1317 = CARTESIAN_POINT ( 'NONE',  ( -3.166666666666697200, 0.8333333333333075000, 0.0000000000000000000 ) ) ;
#1318 = CARTESIAN_POINT ( 'NONE',  ( -0.8660247933425442300, -3.666666634281726900, 1.500000352438615600 ) ) ;
#1319 = CARTESIAN_POINT ( 'NONE',  ( -0.6785249255070874300, 5.083333365718258000, 1.175240749714245900 ) ) ;
#1320 = CARTESIAN_POINT ( 'NONE',  ( 1.499999999999995600, -5.999999999999998200, 0.0000000000000000000 ) ) ;
#1321 = CARTESIAN_POINT ( 'NONE',  ( 1.299038410897458200, 4.520833365718258000, 0.7499994713418155500 ) ) ;
#1322 = VERTEX_POINT ( 'NONE', #1344 ) ;
#1323 = CARTESIAN_POINT ( 'NONE',  ( 1.017788344815205200, -4.229166634281741100, 0.5876198225900811600 ) ) ;
#1324 = CARTESIAN_POINT ( 'NONE',  ( 0.6785249255070866500, 0.3958333657182585600, -1.175240749714245000 ) ) ;
#1325 = ORIENTED_EDGE ( 'NONE', *, *, #164, .T. ) ;
#1326 = CARTESIAN_POINT ( 'NONE',  ( 0.6785249255070872100, 4.833333365718258000, -1.175240749714245600 ) ) ;
#1327 = CARTESIAN_POINT ( 'NONE',  ( -3.460191456820336100E-016, -5.999999999999998200, 0.0000000000000000000 ) ) ;
#1328 = CARTESIAN_POINT ( 'NONE',  ( -1.050943897842541400, -5.625000000000000900, 1.070288243225872200 ) ) ;
#1329 = LINE ( 'NONE', #50, #649 ) ;
#1330 = CARTESIAN_POINT ( 'NONE',  ( -1.499999999999998900, -5.187500001528508900, -5.810221930990953100E-016 ) ) ;
#1331 = CARTESIAN_POINT ( 'NONE',  ( -0.6785249255070874300, 5.583333365718258900, 1.175240749714245900 ) ) ;
#1332 = DIRECTION ( 'NONE',  ( -3.524813029019029000E-017, -1.000000000000000000, -0.0000000000000000000 ) ) ;
#1333 = CARTESIAN_POINT ( 'NONE',  ( -6.104418189141934300E-007, 6.687500032384925000, -1.499999999999874800 ) ) ;
#1334 = COORDINATED_UNIVERSAL_TIME_OFFSET ( 6, 0, .BEHIND. ) ;
#1335 = CC_DESIGN_DATE_AND_TIME_ASSIGNMENT ( #3104, #2670, ( #2653 ) ) ;
#1336 = CARTESIAN_POINT ( 'NONE',  ( 1.017787866537917900, -5.145833300948407200, -0.5876206509906427600 ) ) ;
#1337 = CARTESIAN_POINT ( 'NONE',  ( -1.017788344815205900, 1.520833365718258700, -0.5876198225900807200 ) ) ;
#1338 = CYLINDRICAL_SURFACE ( 'NONE', #54, 1.499999999999996000 ) ;
#1339 = CARTESIAN_POINT ( 'NONE',  ( -0.6785249255070874300, 4.083333365718258900, 1.175240749714245900 ) ) ;
#1340 = CARTESIAN_POINT ( 'NONE',  ( -1.499999999999992000, -0.7500000015284947800, 1.307299934472964400E-015 ) ) ;
#1341 =( BOUNDED_CURVE ( )  B_SPLINE_CURVE ( 2, ( #3898, #1381, #2007 ),
 .UNSPECIFIED., .F., .F. ) 
 B_SPLINE_CURVE_WITH_KNOTS ( ( 3, 3 ),
 ( 0.4910714263113096200, 0.4937117889003139200 ),
 .UNSPECIFIED. ) 
 CURVE ( )  GEOMETRIC_REPRESENTATION_ITEM ( )  RATIONAL_B_SPLINE_CURVE ( ( 0.9330127018922580500, 0.9330126567622008000, 0.9857353740637909700 ) ) 
 REPRESENTATION_ITEM ( '' )  );
#1342 = CARTESIAN_POINT ( 'NONE',  ( 3.166666666666692700, 0.8333333333333039500, 3.878048197299986800E-016 ) ) ;
#1343 = PLANE ( 'NONE',  #1986 ) ;
#1344 = CARTESIAN_POINT ( 'NONE',  ( 4.000000000000031100, 7.999999999999986700, 4.898587196589453300E-016 ) ) ;
#1345 = CARTESIAN_POINT ( 'NONE',  ( 0.6785258820616624200, 5.666666699051591900, 1.175240197447204400 ) ) ;
#1346 = CARTESIAN_POINT ( 'NONE',  ( 0.1977948558543094800, 0.4247595264191743600, -1.158476312118658100 ) ) ;
#1347 = CARTESIAN_POINT ( 'NONE',  ( -0.7999535020916853600, -5.741528343874268400, 1.132177319943947500 ) ) ;
#1348 = EDGE_CURVE ( 'NONE', #516, #330, #3692, .T. ) ;
#1349 = CARTESIAN_POINT ( 'NONE',  ( -1.017788344815205900, -2.979166634281741100, -0.5876198225900807200 ) ) ;
#1350 = CARTESIAN_POINT ( 'NONE',  ( 0.6785249255070872100, 5.833333365718258000, -1.175240749714245600 ) ) ;
#1351 = CARTESIAN_POINT ( 'NONE',  ( 0.4746711051376536500, 0.4125183042959328400, -1.097750873111363000 ) ) ;
#1352 = VERTEX_POINT ( 'NONE', #1330 ) ;
#1353 = CARTESIAN_POINT ( 'NONE',  ( -1.499999999999999300, -1.209829082723613600, -0.4019234615119163200 ) ) ;
#1354 = DIRECTION ( 'NONE',  ( -3.524813029019029000E-017, -1.000000000000000000, -0.0000000000000000000 ) ) ;
#1355 = CARTESIAN_POINT ( 'NONE',  ( 1.499999999999991600, -5.000000001528495600, -9.005843993035976600E-016 ) ) ;
#1356 = VERTEX_POINT ( 'NONE', #3867 ) ;
#1357 = EDGE_LOOP ( 'NONE', ( #3608, #2886, #3091, #1957 ) ) ;
#1358 = CARTESIAN_POINT ( 'NONE',  ( 1.017788344815205900, 5.208333365718258900, 0.5876198225900816100 ) ) ;
#1359 = CC_DESIGN_APPROVAL ( #271, ( #2653 ) ) ;
#1360 = DIRECTION ( 'NONE',  ( 5.356182135569786000E-016, 1.000000000000000000, -0.0000000000000000000 ) ) ;
#1361 = CARTESIAN_POINT ( 'NONE',  ( 0.1202627337985240200, -5.747968647879808700, -1.383823412196256900 ) ) ;
#1362 = ORIENTED_EDGE ( 'NONE', *, *, #1044, .T. ) ;
#1363 = CARTESIAN_POINT ( 'NONE',  ( -0.6785258820616625300, -3.020833300948407600, -1.175240197447203300 ) ) ;
#1364 = CARTESIAN_POINT ( 'NONE',  ( -1.357050807568750000, 5.000000032384925900, 5.522670419464453600E-007 ) ) ;
#1365 = DIRECTION ( 'NONE',  ( -6.237853260653827600E-016, 1.000000000000000000, -0.0000000000000000000 ) ) ;
#1366 = CARTESIAN_POINT ( 'NONE',  ( 1.499999999999991300, -5.522329082723598700, 0.4019234615119157100 ) ) ;
#1367 = CYLINDRICAL_SURFACE ( 'NONE', #1033, 1.499999999999996000 ) ;
#1368 = CARTESIAN_POINT ( 'NONE',  ( 1.499999999999998700, -3.937500001528509300, 2.817957636530612800E-015 ) ) ;
#1369 = CARTESIAN_POINT ( 'NONE',  ( 1.499999999999991600, -1.477670883985080500, -0.4019241157814844000 ) ) ;
#1370 = CARTESIAN_POINT ( 'NONE',  ( 1.357050807568749500, 4.750000032384925900, -5.522670417802544300E-007 ) ) ;
#1371 = ORIENTED_EDGE ( 'NONE', *, *, #3081, .F. ) ;
#1372 = APPLICATION_CONTEXT ( 'configuration controlled 3d designs of mechanical parts and assemblies' ) ;
#1373 = CARTESIAN_POINT ( 'NONE',  ( -1.146435687421290900, -5.827276014521365800, 0.6144734817764510000 ) ) ;
#1374 = CARTESIAN_POINT ( 'NONE',  ( 0.6785249255070866500, -3.104166634281741100, -1.175240749714245000 ) ) ;
#1375 = EDGE_CURVE ( 'NONE', #66, #1322, #1066, .T. ) ;
#1376 = CARTESIAN_POINT ( 'NONE',  ( -0.6785258820616632000, 4.916666699051592800, -1.175240197447204200 ) ) ;
#1377 = FACE_OUTER_BOUND ( 'NONE', #1883, .T. ) ;
#1378 = CARTESIAN_POINT ( 'NONE',  ( 1.299037800455634700, -5.458333300948393900, -0.7500005286580553300 ) ) ;
#1379 = CARTESIAN_POINT ( 'NONE',  ( -0.6836845057049361100, 0.4247595264191608200, -0.9559109097617168900 ) ) ;
#1380 = COORDINATED_UNIVERSAL_TIME_OFFSET ( 6, 0, .BEHIND. ) ;
#1381 = CARTESIAN_POINT ( 'NONE',  ( 1.500000000000000400, 0.08230952408625318000, -0.3565714610657478300 ) ) ;
#1382 = CARTESIAN_POINT ( 'NONE',  ( 0.6785249255070866500, 5.395833365718258900, -1.175240749714245000 ) ) ;
#1383 = FACE_OUTER_BOUND ( 'NONE', #2526, .T. ) ;
#1384 = CARTESIAN_POINT ( 'NONE',  ( -1.357050807568750000, 7.000000032384925900, 5.522670419464453600E-007 ) ) ;
#1385 = CARTESIAN_POINT ( 'NONE',  ( -0.8660247933425442300, -3.166666634281726900, 1.500000352438615600 ) ) ;
#1386 = CARTESIAN_POINT ( 'NONE',  ( -1.026499754314436500, -5.791681511033243800, 0.8554861173508348000 ) ) ;
#1387 = CARTESIAN_POINT ( 'NONE',  ( -4.782772882819589800E-007, -2.062499967615074600, -1.175240473580724300 ) ) ;
#1388 = CARTESIAN_POINT ( 'NONE',  ( -1.404903811536692700, 0.1950961884633086700, 1.278248824818010200E-015 ) ) ;
#1389 = CARTESIAN_POINT ( 'NONE',  ( 1.357050807568748400, -5.187499967615075000, -5.522670417802541100E-007 ) ) ;
#1390 = CARTESIAN_POINT ( 'NONE',  ( 1.299038410897452200, -5.041666634281726900, 0.7499994713418120000 ) ) ;
#1391 = CARTESIAN_POINT ( 'NONE',  ( -1.299037800455634400, -1.208333300948393600, 0.7500005286580560000 ) ) ;
#1392 = CARTESIAN_POINT ( 'NONE',  ( 4.782772877150559200E-007, 5.687500032384924100, 1.175240473580724300 ) ) ;
#1393 = CARTESIAN_POINT ( 'NONE',  ( 0.8660260142261843000, -5.520833300948408100, 1.499999647561126800 ) ) ;
#1394 = ORIENTED_EDGE ( 'NONE', *, *, #1837, .F. ) ;
#1395 = APPLICATION_PROTOCOL_DEFINITION ( 'international standard', 'config_control_design', 1994, #1372 ) ;
#1396 = EDGE_CURVE ( 'NONE', #2715, #2393, #1713, .T. ) ;
#1397 = CARTESIAN_POINT ( 'NONE',  ( 1.357050807568748400, -2.187499967615075000, -5.522670417802541100E-007 ) ) ;
#1398 = CARTESIAN_POINT ( 'NONE',  ( -0.6785249255070867600, -5.354166634281740200, 1.175240749714245200 ) ) ;
#1399 = CARTESIAN_POINT ( 'NONE',  ( 0.6785258820616618700, 2.729166699051592400, 1.175240197447203500 ) ) ;
#1400 = CARTESIAN_POINT ( 'NONE',  ( -0.8660260142261809700, -5.333333300948393900, -1.499999647561119500 ) ) ;
#1401 = CARTESIAN_POINT ( 'NONE',  ( -1.357050807568750000, -6.499999967615075000, 5.522670419464453600E-007 ) ) ;
#1402 = CARTESIAN_POINT ( 'NONE',  ( -0.6785249255070867600, 4.645833365718258000, 1.175240749714245200 ) ) ;
#1403 = CARTESIAN_POINT ( 'NONE',  ( -1.299038410897452900, -1.291666634281727300, -0.7499994713418116600 ) ) ;
#1404 = UNCERTAINTY_MEASURE_WITH_UNIT (LENGTH_MEASURE( 1.000000000000000100E-005 ), #1666, 'distance_accuracy_value', 'NONE');
#1405 = CARTESIAN_POINT ( 'NONE',  ( -1.299038410897458900, -5.229166634281741100, -0.7499994713418151000 ) ) ;
#1406 = AXIS2_PLACEMENT_3D ( 'NONE', #1495, #2787, #906 ) ;
#1407 =( BOUNDED_CURVE ( )  B_SPLINE_CURVE ( 2, ( #2651, #1369, #2930, #98, #3266, #2982, #1403, #2944, #2667 ),
 .UNSPECIFIED., .F., .F. ) 
 B_SPLINE_CURVE_WITH_KNOTS ( ( 3, 2, 2, 2, 3 ),
 ( 0.3482142834541667700, 0.3511904761904761600, 0.3571428571428571500, 0.3630952380952380800, 0.3660714263113096200 ),
 .UNSPECIFIED. ) 
 CURVE ( )  GEOMETRIC_REPRESENTATION_ITEM ( )  RATIONAL_B_SPLINE_CURVE ( ( 0.9330127018922580500, 0.9330126510220679800, 1.000000000000000000, 0.8660254037844387100, 1.000000000000000000, 0.8660254037844387100, 1.000000000000000000, 0.9330127527623713900, 0.9330127018922580500 ) ) 
 REPRESENTATION_ITEM ( '' )  );
#1408 = CARTESIAN_POINT ( 'NONE',  ( 4.782772877150559200E-007, -5.312499967615074100, 1.175240473580724300 ) ) ;
#1409 = ORIENTED_EDGE ( 'NONE', *, *, #3465, .F. ) ;
#1410 = CARTESIAN_POINT ( 'NONE',  ( -1.017787866537917900, 1.104166699051591900, 0.5876206509906434200 ) ) ;
#1411 = VERTEX_POINT ( 'NONE', #3506 ) ;
#1412 = PLANE ( 'NONE',  #1842 ) ;
#1413 = CARTESIAN_POINT ( 'NONE',  ( -1.017788344815205900, -6.479166634281740200, -0.5876198225900807200 ) ) ;
#1414 = CARTESIAN_POINT ( 'NONE',  ( -1.017787866537917900, 3.104166699051592800, 0.5876206509906434200 ) ) ;
#1415 = CARTESIAN_POINT ( 'NONE',  ( 0.8660247933425441200, -3.416666634281726900, -1.500000352438615800 ) ) ;
#1416 = CARTESIAN_POINT ( 'NONE',  ( 4.782772877150562400E-007, -6.374999967615074100, 1.175240473580725100 ) ) ;
#1417 = DIRECTION ( 'NONE',  ( 5.356182135569786000E-016, 1.000000000000000000, -0.0000000000000000000 ) ) ;
#1418 = ORIENTED_EDGE ( 'NONE', *, *, #739, .F. ) ;
#1419 = CARTESIAN_POINT ( 'NONE',  ( -1.017787866537917900, 6.104166699051591900, 0.5876206509906434200 ) ) ;
#1420 = CARTESIAN_POINT ( 'NONE',  ( 1.299037800455640400, -6.395833300948408100, -0.7500005286580587700 ) ) ;
#1421 = VECTOR ( 'NONE', #2678, 1000.000000000000000 ) ;
#1422 = CARTESIAN_POINT ( 'NONE',  ( 0.6785249255070866500, -5.104166634281741100, -1.175240749714244700 ) ) ;
#1423 = B_SPLINE_CURVE_WITH_KNOTS ( 'NONE', 3,
 ( #976, #2276, #3167, #3207 ),
 .UNSPECIFIED., .F., .F.,
 ( 4, 4 ),
 ( 1.868889072309606900E-017, 0.0001794155974737256200 ),
 .UNSPECIFIED. ) ;
#1424 = CARTESIAN_POINT ( 'NONE',  ( -1.017788344815206500, -3.041666634281741100, -0.5876198225900811600 ) ) ;
#1425 = CARTESIAN_POINT ( 'NONE',  ( -0.6785249255070874300, -1.916666634281741100, 1.175240749714245900 ) ) ;
#1426 = CARTESIAN_POINT ( 'NONE',  ( -1.357050807568749100, 1.562500032384926100, 5.522670419464448300E-007 ) ) ;
#1427 = DATE_AND_TIME ( #3346, #3199 ) ;
#1428 = CARTESIAN_POINT ( 'NONE',  ( 4.782772877150562400E-007, 6.625000032384925000, 1.175240473580725100 ) ) ;
#1429 = DIRECTION ( 'NONE',  ( 5.356182135569786000E-016, 1.000000000000000000, -0.0000000000000000000 ) ) ;
#1430 = CARTESIAN_POINT ( 'NONE',  ( 1.017787866537917900, 3.354166699051591500, -0.5876206509906427600 ) ) ;
#1431 = CARTESIAN_POINT ( 'NONE',  ( -1.299037800455634400, -4.708333300948393000, 0.7500005286580560000 ) ) ;
#1432 = CARTESIAN_POINT ( 'NONE',  ( -1.017788344815206500, -5.541666634281740200, -0.5876198225900811600 ) ) ;
#1433 = DIRECTION ( 'NONE',  ( -1.000000000000000000, 5.356182135569786000E-016, 0.0000000000000000000 ) ) ;
#1434 = CARTESIAN_POINT ( 'NONE',  ( 0.6785258820616618700, 6.229166699051592800, 1.175240197447203500 ) ) ;
#1435 = CARTESIAN_POINT ( 'NONE',  ( -0.6785249255070874300, -3.416666634281741100, 1.175240749714245900 ) ) ;
#1436 = CARTESIAN_POINT ( 'NONE',  ( 0.8660260142261843000, -6.520833300948408100, 1.499999647561126800 ) ) ;
#1437 = CARTESIAN_POINT ( 'NONE',  ( -1.499999999999992200, -4.750000001528494700, -5.810221930990953100E-016 ) ) ;
#1438 = CARTESIAN_POINT ( 'NONE',  ( -1.017787866537918800, -2.958333300948407600, 0.5876206509906438700 ) ) ;
#1439 = CARTESIAN_POINT ( 'NONE',  ( 4.782772877150562400E-007, -1.374999967615074800, 1.175240473580725100 ) ) ;
#1440 = CARTESIAN_POINT ( 'NONE',  ( -1.017788344815205900, 2.020833365718259300, -0.5876198225900807200 ) ) ;
#1441 = CARTESIAN_POINT ( 'NONE',  ( -1.017787866537918800, 6.541666699051592800, 0.5876206509906438700 ) ) ;
#1442 = CARTESIAN_POINT ( 'NONE',  ( 4.782772877150559200E-007, -6.312499967615074100, 1.175240473580724300 ) ) ;
#1443 = CARTESIAN_POINT ( 'NONE',  ( -0.6785249255070867600, 1.645833365718258900, 1.175240749714245200 ) ) ;
#1444 = CARTESIAN_POINT ( 'NONE',  ( 1.299038410897452200, -1.041666634281727100, 0.7499994713418120000 ) ) ;
#1445 = CARTESIAN_POINT ( 'NONE',  ( -0.2814236371449834700, 0.3474615786692747400, -1.224285740724849100 ) ) ;
#1446 = CARTESIAN_POINT ( 'NONE',  ( -4.782772882819593000E-007, -6.124999967615074100, -1.175240473580725100 ) ) ;
#1447 = CARTESIAN_POINT ( 'NONE',  ( -0.6785249255070874300, -1.916666634281741100, 1.175240749714245900 ) ) ;
#1448 = VERTEX_POINT ( 'NONE', #75 ) ;
#1449 = CARTESIAN_POINT ( 'NONE',  ( -0.8660260142261850800, -4.270833300948409000, -1.499999647561126400 ) ) ;
#1450 = CARTESIAN_POINT ( 'NONE',  ( -1.162453267551579500, -5.949759526419175200, -0.1728946832644950600 ) ) ;
#1451 = ORIENTED_EDGE ( 'NONE', *, *, #2082, .T. ) ;
#1452 = CARTESIAN_POINT ( 'NONE',  ( 4.782772877150562400E-007, -4.374999967615074100, 1.175240473580725100 ) ) ;
#1453 = CARTESIAN_POINT ( 'NONE',  ( -0.6785258820616632000, -2.083333300948407200, -1.175240197447204200 ) ) ;
#1454 = CARTESIAN_POINT ( 'NONE',  ( -1.357050807568749100, 0.5625000323849251900, 5.522670419464448300E-007 ) ) ;
#1455 = ORIENTED_EDGE ( 'NONE', *, *, #1671, .F. ) ;
#1456 = CARTESIAN_POINT ( 'NONE',  ( 0.6785249255070872100, -5.666666634281741100, -1.175240749714245600 ) ) ;
#1457 = CARTESIAN_POINT ( 'NONE',  ( -0.6785258820616625300, 3.479166699051591500, -1.175240197447203300 ) ) ;
#1458 = CARTESIAN_POINT ( 'NONE',  ( -1.017787866537917900, 3.604166699051591500, 0.5876206509906434200 ) ) ;
#1459 = CARTESIAN_POINT ( 'NONE',  ( -6.104418189141906800E-007, -1.374999967615060200, -1.499999999999867700 ) ) ;
#1460 = CARTESIAN_POINT ( 'NONE',  ( -1.017787866537918800, -5.958333300948407200, 0.5876206509906438700 ) ) ;
#1461 = CARTESIAN_POINT ( 'NONE',  ( 1.732050807568724200, 4.500000032384939200, -7.048774963870467500E-007 ) ) ;
#1462 = CARTESIAN_POINT ( 'NONE',  ( 0.8660260142261802000, -0.08333330094839347400, 1.499999647561119900 ) ) ;
#1463 = CARTESIAN_POINT ( 'NONE',  ( -4.782772882819593000E-007, -4.624999967615074100, -1.175240473580725100 ) ) ;
#1464 = CARTESIAN_POINT ( 'NONE',  ( -1.017787866537918800, -2.958333300948407600, 0.5876206509906438700 ) ) ;
#1465 = CARTESIAN_POINT ( 'NONE',  ( -0.8660247933425482300, -2.604166634281741100, 1.500000352438622500 ) ) ;
#1466 = LINE ( 'NONE', #85, #817 ) ;
#1467 = CARTESIAN_POINT ( 'NONE',  ( -1.017787866537917900, -3.895833300948407600, 0.5876206509906434200 ) ) ;
#1468 = CARTESIAN_POINT ( 'NONE',  ( 4.782772877150562400E-007, -3.874999967615074600, 1.175240473580725100 ) ) ;
#1469 = EDGE_LOOP ( 'NONE', ( #3831, #2923, #2372, #1169 ) ) ;
#1470 = CARTESIAN_POINT ( 'NONE',  ( 6.104418183075160400E-007, -5.124999967615059900, 1.499999999999867700 ) ) ;
#1471 = CARTESIAN_POINT ( 'NONE',  ( -1.357050807568750000, -3.499999967615074100, 5.522670419464453600E-007 ) ) ;
#1472 = CARTESIAN_POINT ( 'NONE',  ( 1.357050807568748400, 1.312500032384925900, -5.522670417802541100E-007 ) ) ;
#1473 = CARTESIAN_POINT ( 'NONE',  ( -1.017787866537917900, 5.604166699051591900, 0.5876206509906434200 ) ) ;
#1474 = LINE ( 'NONE', #2404, #3736 ) ;
#1475 = CARTESIAN_POINT ( 'NONE',  ( -0.6785249255070867600, 4.145833365718259800, 1.175240749714245200 ) ) ;
#1476 = CARTESIAN_POINT ( 'NONE',  ( 1.299038410897452200, -2.041666634281726900, 0.7499994713418120000 ) ) ;
#1477 = CARTESIAN_POINT ( 'NONE',  ( 1.357050807568749500, -5.249999967615074100, -5.522670417802544300E-007 ) ) ;
#1478 = CARTESIAN_POINT ( 'NONE',  ( 1.732050807568724200, 3.500000032384940100, -7.048774963870467500E-007 ) ) ;
#1479 = CARTESIAN_POINT ( 'NONE',  ( -1.017787866537917900, 7.104166699051591000, 0.5876206509906434200 ) ) ;
#1480 = CARTESIAN_POINT ( 'NONE',  ( 1.017788344815205900, -2.291666634281741100, 0.5876198225900816100 ) ) ;
#1481 = DATE_AND_TIME ( #1243, #1284 ) ;
#1482 = CARTESIAN_POINT ( 'NONE',  ( -1.299037800455640400, -2.645833300948408100, 0.7500005286580595500 ) ) ;
#1483 = EDGE_CURVE ( 'NONE', #1803, #2215, #301, .T. ) ;
#1484 = CARTESIAN_POINT ( 'NONE',  ( -1.017788344815205900, -3.979166634281741100, -0.5876198225900807200 ) ) ;
#1485 = CARTESIAN_POINT ( 'NONE',  ( 4.782772877150562400E-007, -1.874999967615074400, 1.175240473580725100 ) ) ;
#1486 = CIRCLE ( 'NONE', #2600, 3.166666666666694900 ) ;
#1487 = CARTESIAN_POINT ( 'NONE',  ( -0.6785258820616632000, -3.083333300948408100, -1.175240197447204200 ) ) ;
#1488 = CARTESIAN_POINT ( 'NONE',  ( -0.6785249255070867600, 2.645833365718258000, 1.175240749714245200 ) ) ;
#1489 = CARTESIAN_POINT ( 'NONE',  ( -4.782772882819593000E-007, -5.124999967615075000, -1.175240473580725100 ) ) ;
#1490 = CARTESIAN_POINT ( 'NONE',  ( -1.017788344815205900, 3.020833365718258400, -0.5876198225900807200 ) ) ;
#1491 = CARTESIAN_POINT ( 'NONE',  ( 0.8660260142261802000, 2.916666699051606100, 1.499999647561119900 ) ) ;
#1492 = CARTESIAN_POINT ( 'NONE',  ( 1.732050807568724200, -1.999999967615060600, -7.048774963870467500E-007 ) ) ;
#1493 = CARTESIAN_POINT ( 'NONE',  ( -1.017788344815206500, -4.041666634281741100, -0.5876198225900811600 ) ) ;
#1494 = CARTESIAN_POINT ( 'NONE',  ( 1.299038410897452200, 4.458333365718273100, 0.7499994713418120000 ) ) ;
#1495 = CARTESIAN_POINT ( 'NONE',  ( -3.460191456820336100E-016, -5.999999999999998200, 0.0000000000000000000 ) ) ;
#1496 = CARTESIAN_POINT ( 'NONE',  ( -4.782772882819593000E-007, -5.624999967615074100, -1.175240473580725100 ) ) ;
#1497 = CARTESIAN_POINT ( 'NONE',  ( -1.017787866537918800, -3.958333300948408100, 0.5876206509906438700 ) ) ;
#1498 = CARTESIAN_POINT ( 'NONE',  ( 1.299038410897452200, 0.4583333657182724900, 0.7499994713418120000 ) ) ;
#1499 = CARTESIAN_POINT ( 'NONE',  ( -1.299038410897458900, -3.229166634281741100, -0.7499994713418151000 ) ) ;
#1500 = CARTESIAN_POINT ( 'NONE',  ( 0.6785258820616618700, -3.770833300948408500, 1.175240197447203500 ) ) ;
#1501 = CARTESIAN_POINT ( 'NONE',  ( 4.782772877150562400E-007, -1.374999967615074800, 1.175240473580725100 ) ) ;
#1502 = DIRECTION ( 'NONE',  ( -6.237853260653827600E-016, 1.000000000000000000, -0.0000000000000000000 ) ) ;
#1503 = CARTESIAN_POINT ( 'NONE',  ( 1.357050807568749500, -0.2499999676150747900, -5.522670417802544300E-007 ) ) ;
#1504 = ORIENTED_EDGE ( 'NONE', *, *, #1096, .F. ) ;
#1505 = CARTESIAN_POINT ( 'NONE',  ( -1.357050807568749100, 3.062500032384925400, 5.522670419464448300E-007 ) ) ;
#1506 = CARTESIAN_POINT ( 'NONE',  ( -0.8660260142261809700, -2.833333300948393900, -1.499999647561119500 ) ) ;
#1507 = CARTESIAN_POINT ( 'NONE',  ( 4.782772877150562400E-007, -5.374999967615074100, 1.175240473580725100 ) ) ;
#1508 = ORIENTED_EDGE ( 'NONE', *, *, #1483, .T. ) ;
#1509 = CARTESIAN_POINT ( 'NONE',  ( -0.8660260142261809700, 4.166666699051606100, -1.499999647561119500 ) ) ;
#1510 = CARTESIAN_POINT ( 'NONE',  ( 0.8941744860489127000, -5.862863279806942900, 0.9270700538658761500 ) ) ;
#1511 = CARTESIAN_POINT ( 'NONE',  ( 1.017787866537918800, -5.708333300948408100, -0.5876206509906432000 ) ) ;
#1512 = CARTESIAN_POINT ( 'NONE',  ( -1.357050807568750000, -0.4999999676150749800, 5.522670419464453600E-007 ) ) ;
#1513 = CARTESIAN_POINT ( 'NONE',  ( -1.299038410897458900, -1.729166634281741600, -0.7499994713418151000 ) ) ;
#1514 = CARTESIAN_POINT ( 'NONE',  ( 6.104418183075160400E-007, 0.8750000323849392900, 1.499999999999867700 ) ) ;
#1515 = CARTESIAN_POINT ( 'NONE',  ( -6.104418189141934300E-007, -2.812499967615074600, -1.499999999999874800 ) ) ;
#1516 = CARTESIAN_POINT ( 'NONE',  ( 4.782772877150559200E-007, -3.312499967615074600, 1.175240473580724300 ) ) ;
#1517 = CARTESIAN_POINT ( 'NONE',  ( -1.017788344815206500, -1.041666634281740900, -0.5876198225900811600 ) ) ;
#1518 = EDGE_CURVE ( 'NONE', #409, #1356, #366, .T. ) ;
#1519 = CARTESIAN_POINT ( 'NONE',  ( 0.8660260142261802000, -5.083333300948394800, 1.499999647561119900 ) ) ;
#1520 = CARTESIAN_POINT ( 'NONE',  ( 1.357050807568749500, 0.2500000323849256900, -5.522670417802544300E-007 ) ) ;
#1521 = CARTESIAN_POINT ( 'NONE',  ( -1.299037800455640400, 1.354166699051591300, 0.7500005286580595500 ) ) ;
#1522 = CARTESIAN_POINT ( 'NONE',  ( 1.357050807568748400, 3.812500032384925000, -5.522670417802541100E-007 ) ) ;
#1523 = CARTESIAN_POINT ( 'NONE',  ( -0.8660260142261809700, -0.3333333009483937000, -1.499999647561119500 ) ) ;
#1524 = CARTESIAN_POINT ( 'NONE',  ( -0.8660247933425441200, 3.333333365718272700, 1.500000352438615800 ) ) ;
#1525 = ORIENTED_EDGE ( 'NONE', *, *, #3259, .T. ) ;
#1526 = CARTESIAN_POINT ( 'NONE',  ( 0.6785258820616618700, -3.770833300948408100, 1.175240197447203500 ) ) ;
#1527 = CARTESIAN_POINT ( 'NONE',  ( 1.357050807568749500, -1.249999967615075000, -5.522670417802544300E-007 ) ) ;
#1528 = CARTESIAN_POINT ( 'NONE',  ( -3.460191456820336100E-016, -5.999999999999998200, 0.0000000000000000000 ) ) ;
#1529 = CARTESIAN_POINT ( 'NONE',  ( -1.299037800455634400, 2.291666699051606100, 0.7500005286580560000 ) ) ;
#1530 = CARTESIAN_POINT ( 'NONE',  ( 1.299038410897458200, -0.4791666342817413300, 0.7499994713418155500 ) ) ;
#1531 = VERTEX_POINT ( 'NONE', #444 ) ;
#1532 = CARTESIAN_POINT ( 'NONE',  ( -1.357050807568748600, -2.437499967615074100, 5.522670419464448300E-007 ) ) ;
#1533 = CARTESIAN_POINT ( 'NONE',  ( -0.6785258820616632000, -0.5833333009484078500, -1.175240197447204200 ) ) ;
#1534 = CARTESIAN_POINT ( 'NONE',  ( 1.299038410897458200, -1.479166634281741300, 0.7499994713418155500 ) ) ;
#1535 = CARTESIAN_POINT ( 'NONE',  ( 0.6785249255070872100, 0.3333333657182585000, -1.175240749714245600 ) ) ;
#1536 = LINE ( 'NONE', #2561, #3578 ) ;
#1537 = CARTESIAN_POINT ( 'NONE',  ( 0.8660247933425482300, 3.145833365718258400, -1.500000352438622500 ) ) ;
#1538 = CARTESIAN_POINT ( 'NONE',  ( 1.017787866537917900, 6.354166699051591900, -0.5876206509906427600 ) ) ;
#1539 = CARTESIAN_POINT ( 'NONE',  ( -1.299038410897452900, 7.208333365718272200, -0.7499994713418116600 ) ) ;
#1540 = CARTESIAN_POINT ( 'NONE',  ( 0.6724199339928060800, -5.874188625203365700, 1.085781807645949100 ) ) ;
#1541 = CARTESIAN_POINT ( 'NONE',  ( -4.782772882819589800E-007, -2.562499967615074100, -1.175240473580724300 ) ) ;
#1542 = CARTESIAN_POINT ( 'NONE',  ( -1.357050807568750000, 0.5000000323849250700, 5.522670419464453600E-007 ) ) ;
#1543 = CARTESIAN_POINT ( 'NONE',  ( -0.8660260142261809700, -5.333333300948393900, -1.499999647561119500 ) ) ;
#1544 = CARTESIAN_POINT ( 'NONE',  ( -1.299038410897452900, 2.708333365718273500, -0.7499994713418116600 ) ) ;
#1545 = CARTESIAN_POINT ( 'NONE',  ( 6.104418183075187900E-007, -0.5624999676150750400, 1.499999999999874800 ) ) ;
#1546 = EDGE_CURVE ( 'NONE', #510, #1822, #1407, .T. ) ;
#1547 = CARTESIAN_POINT ( 'NONE',  ( 1.017788344815205200, 0.2708333657182584500, 0.5876198225900811600 ) ) ;
#1548 = B_SPLINE_CURVE_WITH_KNOTS ( 'NONE', 3,
 ( #665, #1022, #2250, #1663 ),
 .UNSPECIFIED., .F., .F.,
 ( 4, 4 ),
 ( 2.525911852768843200E-017, 0.0007507883106978857800 ),
 .UNSPECIFIED. ) ;
#1549 = CARTESIAN_POINT ( 'NONE',  ( 1.357050807568749500, -0.2499999676150747300, -5.522670417802544300E-007 ) ) ;
#1550 =( BOUNDED_CURVE ( )  B_SPLINE_CURVE ( 2, ( #1368, #3586, #2636, #768, #753, #743, #2588, #3251, #97 ),
 .UNSPECIFIED., .F., .F. ) 
 B_SPLINE_CURVE_WITH_KNOTS ( ( 3, 2, 2, 2, 3 ),
 ( 0.2053571405970239200, 0.2083333333333333400, 0.2142857142857142700, 0.2202380952380952300, 0.2232142834541667700 ),
 .UNSPECIFIED. ) 
 CURVE ( )  GEOMETRIC_REPRESENTATION_ITEM ( )  RATIONAL_B_SPLINE_CURVE ( ( 0.9330127018922579300, 0.9330126510220675400, 1.000000000000000000, 0.8660254037844387100, 1.000000000000000000, 0.8660254037844387100, 1.000000000000000000, 0.9330127527623710600, 0.9330127018922579300 ) ) 
 REPRESENTATION_ITEM ( '' )  );
#1551 = CARTESIAN_POINT ( 'NONE',  ( -4.782772882819593000E-007, -0.1249999676150746500, -1.175240473580725100 ) ) ;
#1552 = CARTESIAN_POINT ( 'NONE',  ( 1.299037800455640400, 3.604166699051591500, -0.7500005286580587700 ) ) ;
#1553 = CARTESIAN_POINT ( 'NONE',  ( 1.732050807568724200, 6.500000032384939200, -7.048774963870467500E-007 ) ) ;
#1554 = AXIS2_PLACEMENT_3D ( 'NONE', #3118, #991, #1244 ) ;
#1555 = CARTESIAN_POINT ( 'NONE',  ( 1.017788344815205200, -2.229166634281741100, 0.5876198225900811600 ) ) ;
#1556 = CARTESIAN_POINT ( 'NONE',  ( 0.6785258820616624200, -0.3333333009484075700, 1.175240197447204400 ) ) ;
#1557 = CARTESIAN_POINT ( 'NONE',  ( -0.8660260142261809700, 1.166666699051605900, -1.499999647561119500 ) ) ;
#1558 = CARTESIAN_POINT ( 'NONE',  ( -1.299038410897458900, -1.229166634281741100, -0.7499994713418151000 ) ) ;
#1559 = CARTESIAN_POINT ( 'NONE',  ( -1.017787866537917900, -1.895833300948408100, 0.5876206509906434200 ) ) ;
#1560 = VERTEX_POINT ( 'NONE', #143 ) ;
#1561 = CARTESIAN_POINT ( 'NONE',  ( -0.6785258820616632000, -0.5833333009484078500, -1.175240197447204200 ) ) ;
#1562 = ORIENTED_EDGE ( 'NONE', *, *, #3234, .T. ) ;
#1563 = CARTESIAN_POINT ( 'NONE',  ( -1.732050807568732900, 2.312500032384925000, 7.048774965991651900E-007 ) ) ;
#1564 = ADVANCED_FACE ( 'NONE', ( #1377 ), #2842, .T. ) ;
#1565 = CARTESIAN_POINT ( 'NONE',  ( -1.357050807568749100, -6.437499967615074100, 5.522670419464448300E-007 ) ) ;
#1566 = ORIENTED_EDGE ( 'NONE', *, *, #3582, .F. ) ;
#1567 = CARTESIAN_POINT ( 'NONE',  ( -1.499999999999992200, -4.250000001528494700, -2.411242101361245900E-015 ) ) ;
#1568 = EDGE_CURVE ( 'NONE', #722, #2957, #2679, .T. ) ;
#1569 = CARTESIAN_POINT ( 'NONE',  ( -1.017788344815205900, -1.979166634281740900, -0.5876198225900807200 ) ) ;
#1570 = CARTESIAN_POINT ( 'NONE',  ( -0.6785249255070874300, -0.4166666342817412800, 1.175240749714245900 ) ) ;
#1571 = DIRECTION ( 'NONE',  ( 1.000000000000000000, 0.0000000000000000000, 0.0000000000000000000 ) ) ;
#1572 = CARTESIAN_POINT ( 'NONE',  ( 1.732050807568732200, 0.5625000323849251900, -7.048774963870500300E-007 ) ) ;
#1573 = CARTESIAN_POINT ( 'NONE',  ( 0.6785249255070866500, -2.104166634281741100, -1.175240749714244700 ) ) ;
#1574 = CARTESIAN_POINT ( 'NONE',  ( 1.499999999999998700, -3.437500001528509800, 2.817957636530612800E-015 ) ) ;
#1575 = VECTOR ( 'NONE', #3504, 1000.000000000000000 ) ;
#1576 = CARTESIAN_POINT ( 'NONE',  ( 0.6785258820616624200, 1.666666699051591500, 1.175240197447204400 ) ) ;
#1577 = CARTESIAN_POINT ( 'NONE',  ( 6.104418183075187900E-007, 3.437500032384925900, 1.499999999999874800 ) ) ;
#1578 = ORIENTED_EDGE ( 'NONE', *, *, #4075, .T. ) ;
#1579 = CARTESIAN_POINT ( 'NONE',  ( -1.017788344815205900, -5.979166634281741100, -0.5876198225900807200 ) ) ;
#1580 = CARTESIAN_POINT ( 'NONE',  ( 1.017787866537917900, -3.645833300948408100, -0.5876206509906427600 ) ) ;
#1581 = CARTESIAN_POINT ( 'NONE',  ( -0.6785258820616632000, 2.916666699051592800, -1.175240197447204200 ) ) ;
#1582 = CARTESIAN_POINT ( 'NONE',  ( -1.499999999999999100, -3.687500001528509800, -2.411242101361245900E-015 ) ) ;
#1583 = DIRECTION ( 'NONE',  ( -3.524813029019029000E-017, -1.000000000000000000, -0.0000000000000000000 ) ) ;
#1584 = CARTESIAN_POINT ( 'NONE',  ( 1.732050807568732200, -1.437499967615075000, -7.048774963870500300E-007 ) ) ;
#1585 = CARTESIAN_POINT ( 'NONE',  ( -0.6785249255070867600, -1.854166634281740700, 1.175240749714245200 ) ) ;
#1586 = CYLINDRICAL_SURFACE ( 'NONE', #171, 1.499999999999996000 ) ;
#1587 = ADVANCED_FACE ( 'NONE', ( #2012 ), #336, .T. ) ;
#1588 = CARTESIAN_POINT ( 'NONE',  ( -1.499999999999998900, -3.187500001528509300, -6.187886356505365400E-015 ) ) ;
#1589 = DATE_AND_TIME ( #387, #654 ) ;
#1590 = CARTESIAN_POINT ( 'NONE',  ( 4.782772877150562400E-007, 4.125000032384925000, 1.175240473580725100 ) ) ;
#1591 = CARTESIAN_POINT ( 'NONE',  ( 0.8660247933425482300, 3.645833365718258900, -1.500000352438622500 ) ) ;
#1592 = CYLINDRICAL_SURFACE ( 'NONE', #1703, 4.000000000000031100 ) ;
#1593 = CARTESIAN_POINT ( 'NONE',  ( 0.8660260142261802000, 5.916666699051606100, 1.499999647561119900 ) ) ;
#1594 = DIRECTION ( 'NONE',  ( -3.524813029019029000E-017, -1.000000000000000000, -0.0000000000000000000 ) ) ;
#1595 = CARTESIAN_POINT ( 'NONE',  ( 1.017788344815205200, -1.229166634281741100, 0.5876198225900811600 ) ) ;
#1596 = CARTESIAN_POINT ( 'NONE',  ( 1.017787866537918800, 3.291666699051591500, -0.5876206509906432000 ) ) ;
#1597 = CARTESIAN_POINT ( 'NONE',  ( -1.299038410897452900, -3.791666634281726900, -0.7499994713418116600 ) ) ;
#1598 = CARTESIAN_POINT ( 'NONE',  ( -1.499999999999992200, -4.250000001528494700, -2.411242101361245900E-015 ) ) ;
#1599 = EDGE_CURVE ( 'NONE', #2875, #970, #1930, .T. ) ;
#1600 =( BOUNDED_CURVE ( )  B_SPLINE_CURVE ( 2, ( #702, #2474, #2887, #3197, #3105, #597, #2252, #2872, #1229 ),
 .UNSPECIFIED., .F., .T. ) 
 B_SPLINE_CURVE_WITH_KNOTS ( ( 3, 2, 2, 2, 3 ),
 ( 0.2589285691684524700, 0.2619047619047619200, 0.2678571428571428500, 0.2738095238095238400, 0.2767857120255953800 ),
 .UNSPECIFIED. ) 
 CURVE ( )  GEOMETRIC_REPRESENTATION_ITEM ( )  RATIONAL_B_SPLINE_CURVE ( ( 0.9330127018922580500, 0.9330126510220673200, 1.000000000000000000, 0.8660254037844387100, 1.000000000000000000, 0.8660254037844387100, 1.000000000000000000, 0.9330127527623708300, 0.9330127018922580500 ) ) 
 REPRESENTATION_ITEM ( '' )  );
#1601 = CARTESIAN_POINT ( 'NONE',  ( -1.017788344815205900, -1.479166634281741300, -0.5876198225900807200 ) ) ;
#1602 = CARTESIAN_POINT ( 'NONE',  ( 0.8159830336558403500, 0.3091254486399341300, 1.004001464845723200 ) ) ;
#1603 = CARTESIAN_POINT ( 'NONE',  ( 4.782772877150562400E-007, 2.125000032384925000, 1.175240473580725100 ) ) ;
#1604 = CARTESIAN_POINT ( 'NONE',  ( 1.299038410897458200, 6.020833365718258900, 0.7499994713418155500 ) ) ;
#1605 = ADVANCED_FACE ( 'NONE', ( #2632 ), #2349, .T. ) ;
#1606 = ORIENTED_EDGE ( 'NONE', *, *, #935, .F. ) ;
#1607 = CARTESIAN_POINT ( 'NONE',  ( 1.357050807568748400, -4.187499967615073300, -5.522670417802541100E-007 ) ) ;
#1608 = CARTESIAN_POINT ( 'NONE',  ( 0.6785249255070866500, -0.1041666342817410100, -1.175240749714245000 ) ) ;
#1609 = CARTESIAN_POINT ( 'NONE',  ( 1.017787866537918800, 2.291666699051591900, -0.5876206509906432000 ) ) ;
#1610 = CARTESIAN_POINT ( 'NONE',  ( -1.499999999999992000, -0.7500000015284947800, 1.307299934472964400E-015 ) ) ;
#1611 = ORIENTED_EDGE ( 'NONE', *, *, #3727, .T. ) ;
#1612 = CARTESIAN_POINT ( 'NONE',  ( 1.299037800455634700, -4.458333300948393900, -0.7500005286580553300 ) ) ;
#1613 = DIRECTION ( 'NONE',  ( 1.000000000000000000, -3.524813029019029000E-017, 0.0000000000000000000 ) ) ;
#1614 = CARTESIAN_POINT ( 'NONE',  ( -0.2357607429064692800, 0.2658901849720633500, 1.315960748410592200 ) ) ;
#1615 = CARTESIAN_POINT ( 'NONE',  ( 0.6785258820616624200, 2.666666699051592800, 1.175240197447204400 ) ) ;
#1616 = CARTESIAN_POINT ( 'NONE',  ( 1.499999999999995600, -5.999999999999998200, 0.0000000000000000000 ) ) ;
#1617 = CARTESIAN_POINT ( 'NONE',  ( -6.104418189141934300E-007, 4.187500032384925000, -1.499999999999874800 ) ) ;
#1618 = CARTESIAN_POINT ( 'NONE',  ( 1.017788344815205200, -3.729166634281741100, 0.5876198225900811600 ) ) ;
#1619 = EDGE_CURVE ( 'NONE', #2393, #3131, #557, .T. ) ;
#1620 = CARTESIAN_POINT ( 'NONE',  ( -1.017787866537917900, 0.1041666990515919400, 0.5876206509906434200 ) ) ;
#1621 = CARTESIAN_POINT ( 'NONE',  ( 1.017787866537918800, 1.291666699051591300, -0.5876206509906432000 ) ) ;
#1622 = CARTESIAN_POINT ( 'NONE',  ( -6.104418189141906800E-007, -0.8749999676150606000, -1.499999999999867700 ) ) ;
#1623 = CARTESIAN_POINT ( 'NONE',  ( -3.460191456820336100E-016, -5.999999999999998200, 0.0000000000000000000 ) ) ;
#1624 = ORIENTED_EDGE ( 'NONE', *, *, #1044, .F. ) ;
#1625 = AXIS2_PLACEMENT_3D ( 'NONE', #1008, #2892, #1019 ) ;
#1626 = ADVANCED_FACE ( 'NONE', ( #1720 ), #3193, .T. ) ;
#1627 = CARTESIAN_POINT ( 'NONE',  ( 1.499999999999991600, -0.5000000015284947800, -9.005843993035976600E-016 ) ) ;
#1628 = CARTESIAN_POINT ( 'NONE',  ( 1.017788344815205900, 2.708333365718258000, 0.5876198225900816100 ) ) ;
#1629 = ORIENTED_EDGE ( 'NONE', *, *, #1069, .T. ) ;
#1630 = CARTESIAN_POINT ( 'NONE',  ( 6.104418183075187900E-007, 4.937500032384925900, 1.499999999999874800 ) ) ;
#1631 = AXIS2_PLACEMENT_3D ( 'NONE', #1249, #2508, #631 ) ;
#1632 = VECTOR ( 'NONE', #3568, 1000.000000000000000 ) ;
#1633 = CARTESIAN_POINT ( 'NONE',  ( 4.782772877150559200E-007, -3.312499967615074600, 1.175240473580724300 ) ) ;
#1634 = CARTESIAN_POINT ( 'NONE',  ( -4.782772882819589800E-007, -1.062499967615074600, -1.175240473580724300 ) ) ;
#1635 = CARTESIAN_POINT ( 'NONE',  ( 1.017788344815205900, 1.208333365718258400, 0.5876198225900816100 ) ) ;
#1636 = CARTESIAN_POINT ( 'NONE',  ( 3.166666666666685600, -2.945169995855936300E-014, 3.878048197299980400E-016 ) ) ;
#1637 = CARTESIAN_POINT ( 'NONE',  ( -1.499999999999998900, -1.187500001528509100, 1.307299934472964400E-015 ) ) ;
#1638 = DIRECTION ( 'NONE',  ( -3.524813029019029000E-017, -1.000000000000000000, -0.0000000000000000000 ) ) ;
#1639 = APPROVAL_DATE_TIME ( #1589, #271 ) ;
#1640 = CARTESIAN_POINT ( 'NONE',  ( 0.8660247933425482300, -5.354166634281741100, -1.500000352438622300 ) ) ;
#1641 = DIRECTION ( 'NONE',  ( 1.000000000000000000, 0.0000000000000000000, 0.0000000000000000000 ) ) ;
#1642 = CARTESIAN_POINT ( 'NONE',  ( -0.6785249255070874300, 4.583333365718258000, 1.175240749714245900 ) ) ;
#1643 = CARTESIAN_POINT ( 'NONE',  ( -0.8660247933425442300, -1.666666634281726700, 1.500000352438615600 ) ) ;
#1644 = CARTESIAN_POINT ( 'NONE',  ( 1.732050807568732200, 4.562500032384925000, -7.048774963870500300E-007 ) ) ;
#1645 = ADVANCED_FACE ( 'NONE', ( #120 ), #334, .T. ) ;
#1646 = CARTESIAN_POINT ( 'NONE',  ( 4.782772877150559200E-007, -5.812499967615074100, 1.175240473580724300 ) ) ;
#1647 = CARTESIAN_POINT ( 'NONE',  ( 1.017788344815205200, 0.7708333657182588900, 0.5876198225900811600 ) ) ;
#1648 = CARTESIAN_POINT ( 'NONE',  ( 1.017788344815205900, 3.708333365718258900, 0.5876198225900816100 ) ) ;
#1649 = CARTESIAN_POINT ( 'NONE',  ( 1.499999999999991600, -2.500000001528494200, -9.005843993035976600E-016 ) ) ;
#1650 = AXIS2_PLACEMENT_3D ( 'NONE', #354, #3482, #2867 ) ;
#1651 =( BOUNDED_CURVE ( )  B_SPLINE_CURVE ( 2, ( #1314, #71, #2261, #708, #394, #999, #2913, #3514, #2573 ),
 .UNSPECIFIED., .F., .F. ) 
 B_SPLINE_CURVE_WITH_KNOTS ( ( 3, 2, 2, 2, 3 ),
 ( 0.4196428548827382300, 0.4226190476190476200, 0.4285714285714285500, 0.4345238095238095300, 0.4374999977398810700 ),
 .UNSPECIFIED. ) 
 CURVE ( )  GEOMETRIC_REPRESENTATION_ITEM ( )  RATIONAL_B_SPLINE_CURVE ( ( 0.9330127018922580500, 0.9330126510220679800, 1.000000000000000000, 0.8660254037844387100, 1.000000000000000000, 0.8660254037844387100, 1.000000000000000000, 0.9330127527623708300, 0.9330127018922580500 ) ) 
 REPRESENTATION_ITEM ( '' )  );
#1652 = CARTESIAN_POINT ( 'NONE',  ( 3.166666666666685600, -1.618482114333197800E-014, 0.0000000000000000000 ) ) ;
#1653 = CARTESIAN_POINT ( 'NONE',  ( -1.017788344815206500, 6.458333365718258000, -0.5876198225900811600 ) ) ;
#1654 = ORIENTED_EDGE ( 'NONE', *, *, #813, .T. ) ;
#1655 = CARTESIAN_POINT ( 'NONE',  ( 1.732050807568732200, 7.062500032384925000, -7.048774963870500300E-007 ) ) ;
#1656 = CARTESIAN_POINT ( 'NONE',  ( 0.6785249255070866500, -4.104166634281741100, -1.175240749714245000 ) ) ;
#1657 = CARTESIAN_POINT ( 'NONE',  ( 4.782772877150559200E-007, 1.187500032384925600, 1.175240473580724300 ) ) ;
#1658 = CARTESIAN_POINT ( 'NONE',  ( -0.6785249255070874300, 5.583333365718258900, 1.175240749714245900 ) ) ;
#1659 = CARTESIAN_POINT ( 'NONE',  ( 1.299038410897452200, -0.5416666342817275700, 0.7499994713418120000 ) ) ;
#1660 = CARTESIAN_POINT ( 'NONE',  ( -6.104418189141934300E-007, -1.312499967615074800, -1.499999999999874800 ) ) ;
#1661 = CARTESIAN_POINT ( 'NONE',  ( -1.499999999999998900, -0.6651708839850950500, 0.4019241157814867900 ) ) ;
#1662 = ORIENTED_EDGE ( 'NONE', *, *, #3381, .T. ) ;
#1663 = CARTESIAN_POINT ( 'NONE',  ( -1.175240473580822200, -5.949759526419177800, 3.282775391009890000E-015 ) ) ;
#1664 = CARTESIAN_POINT ( 'NONE',  ( 0.6785249255070872100, 6.833333365718258000, -1.175240749714245600 ) ) ;
#1665 = ORIENTED_EDGE ( 'NONE', *, *, #2569, .T. ) ;
#1666 =( LENGTH_UNIT ( ) NAMED_UNIT ( * ) SI_UNIT ( .MILLI., .METRE. ) );
#1667 = CARTESIAN_POINT ( 'NONE',  ( 1.299037800455640400, 6.604166699051592800, -0.7500005286580587700 ) ) ;
#1668 = CYLINDRICAL_SURFACE ( 'NONE', #3145, 1.499999999999996000 ) ;
#1669 = MANIFOLD_SOLID_BREP ( 'DeleteFace1', #2767 ) ;
#1670 = CARTESIAN_POINT ( 'NONE',  ( -1.017787866537917900, -1.895833300948408100, 0.5876206509906434200 ) ) ;
#1671 = EDGE_CURVE ( 'NONE', #627, #1228, #1536, .T. ) ;
#1672 = ORIENTED_EDGE ( 'NONE', *, *, #2082, .F. ) ;
#1673 = CARTESIAN_POINT ( 'NONE',  ( -0.6785258820616632000, 5.916666699051591900, -1.175240197447204200 ) ) ;
#1674 = CARTESIAN_POINT ( 'NONE',  ( 6.104418183075160400E-007, -0.6249999676150603800, 1.499999999999867700 ) ) ;
#1675 = CARTESIAN_POINT ( 'NONE',  ( -0.8660260142261849700, -1.270833300948408500, -1.499999647561126400 ) ) ;
#1676 = CARTESIAN_POINT ( 'NONE',  ( -1.499999999999998900, -0.6875000015285091000, 1.307299934472964400E-015 ) ) ;
#1677 = CARTESIAN_POINT ( 'NONE',  ( 1.499999999999998400, -0.9375000015285089900, -9.005843993035976600E-016 ) ) ;
#1678 = FACE_OUTER_BOUND ( 'NONE', #3142, .T. ) ;
#1679 = ORIENTED_EDGE ( 'NONE', *, *, #3752, .F. ) ;
#1680 = CARTESIAN_POINT ( 'NONE',  ( -4.782772882819593000E-007, 5.875000032384925000, -1.175240473580725100 ) ) ;
#1681 = VECTOR ( 'NONE', #2040, 1000.000000000000000 ) ;
#1682 = CARTESIAN_POINT ( 'NONE',  ( 3.166666666666686500, 4.416666666666640300, 3.878048197299975900E-016 ) ) ;
#1683 = CARTESIAN_POINT ( 'NONE',  ( -1.732050807568732900, 6.812500032384925900, 7.048774965991651900E-007 ) ) ;
#1684 = CARTESIAN_POINT ( 'NONE',  ( -0.6785249255070867600, -0.8541666342817408900, 1.175240749714245200 ) ) ;
#1685 = FACE_OUTER_BOUND ( 'NONE', #3424, .T. ) ;
#1686 = CARTESIAN_POINT ( 'NONE',  ( 1.017788344815205900, 6.208333365718259800, 0.5876198225900816100 ) ) ;
#1687 = CARTESIAN_POINT ( 'NONE',  ( -1.499999999999996400, -5.999999999999998200, 1.836970198721024800E-016 ) ) ;
#1688 = DIRECTION ( 'NONE',  ( 1.000000000000000000, -5.356182135569786000E-016, 0.0000000000000000000 ) ) ;
#1689 = DIRECTION ( 'NONE',  ( -3.524813029019029000E-017, -1.000000000000000000, -0.0000000000000000000 ) ) ;
#1690 = CARTESIAN_POINT ( 'NONE',  ( 1.017787866537918800, 5.791666699051591900, -0.5876206509906432000 ) ) ;
#1691 = DIRECTION ( 'NONE',  ( -1.000000000000000000, -5.478074134663566700E-016, 0.0000000000000000000 ) ) ;
#1692 = DIRECTION ( 'NONE',  ( 5.356182135569786000E-016, 1.000000000000000000, -0.0000000000000000000 ) ) ;
#1693 = EDGE_CURVE ( 'NONE', #507, #3873, #2799, .T. ) ;
#1694 = CARTESIAN_POINT ( 'NONE',  ( -1.357050807568749100, -0.9374999676150744800, 5.522670419464448300E-007 ) ) ;
#1695 = CARTESIAN_POINT ( 'NONE',  ( -4.782772882819593000E-007, 5.375000032384925900, -1.175240473580725100 ) ) ;
#1696 = CARTESIAN_POINT ( 'NONE',  ( -1.299038410897452900, -2.791666634281726900, -0.7499994713418116600 ) ) ;
#1697 = ORIENTED_EDGE ( 'NONE', *, *, #982, .F. ) ;
#1698 = CARTESIAN_POINT ( 'NONE',  ( 0.8660260142261802000, -5.083333300948394800, 1.499999647561119900 ) ) ;
#1699 = CARTESIAN_POINT ( 'NONE',  ( -0.8660247933425442300, -1.166666634281727100, 1.500000352438615600 ) ) ;
#1700 = CARTESIAN_POINT ( 'NONE',  ( -1.017787866537917900, 5.604166699051591900, 0.5876206509906434200 ) ) ;
#1701 = CARTESIAN_POINT ( 'NONE',  ( 1.499999999999991600, -2.500000001528494200, -9.005843993035976600E-016 ) ) ;
#1702 = CARTESIAN_POINT ( 'NONE',  ( -6.104418189141934300E-007, -5.812499967615074100, -1.499999999999874800 ) ) ;
#1703 = AXIS2_PLACEMENT_3D ( 'NONE', #2183, #3135, #616 ) ;
#1704 = CARTESIAN_POINT ( 'NONE',  ( -0.6785258820616625300, -1.520833300948407900, -1.175240197447203300 ) ) ;
#1705 = CARTESIAN_POINT ( 'NONE',  ( -1.357050807568750000, 7.000000032384925900, 5.522670419464453600E-007 ) ) ;
#1706 = CARTESIAN_POINT ( 'NONE',  ( -1.017788344815205900, -4.979166634281741100, -0.5876198225900807200 ) ) ;
#1707 = CARTESIAN_POINT ( 'NONE',  ( -0.8660247933425441200, -4.666666634281726900, 1.500000352438615800 ) ) ;
#1708 = CARTESIAN_POINT ( 'NONE',  ( -6.104418189141934300E-007, -2.812499967615074600, -1.499999999999874800 ) ) ;
#1709 = DIRECTION ( 'NONE',  ( -1.000000000000000000, 0.0000000000000000000, 0.0000000000000000000 ) ) ;
#1710 = CARTESIAN_POINT ( 'NONE',  ( 0.6785258820616618700, 6.729166699051592800, 1.175240197447203500 ) ) ;
#1711 = CARTESIAN_POINT ( 'NONE',  ( 1.299037800455640400, -5.895833300948408100, -0.7500005286580587700 ) ) ;
#1712 = CYLINDRICAL_SURFACE ( 'NONE', #2405, 1.499999999999996000 ) ;
#1713 =( BOUNDED_CURVE ( )  B_SPLINE_CURVE ( 2, ( #2552, #1303, #408, #2563, #1990, #2870, #1979, #2299, #734 ),
 .UNSPECIFIED., .F., .F. ) 
 B_SPLINE_CURVE_WITH_KNOTS ( ( 3, 2, 2, 2, 3 ),
 ( 0.09821428345416678700, 0.1011904761904761900, 0.1071428571428571400, 0.1130952380952381000, 0.1160714263113096400 ),
 .UNSPECIFIED. ) 
 CURVE ( )  GEOMETRIC_REPRESENTATION_ITEM ( )  RATIONAL_B_SPLINE_CURVE ( ( 0.9330127018922580500, 0.9330126510220679800, 1.000000000000000000, 0.8660254037844387100, 1.000000000000000000, 0.8660254037844387100, 1.000000000000000000, 0.9330127527623708300, 0.9330127018922578200 ) ) 
 REPRESENTATION_ITEM ( '' )  );
#1714 = DIRECTION ( 'NONE',  ( -6.237853260653827600E-016, 1.000000000000000000, -0.0000000000000000000 ) ) ;
#1715 = CARTESIAN_POINT ( 'NONE',  ( -1.222762678184154300, -5.921007335949036900, 0.2325941966144575200 ) ) ;
#1716 = ORIENTED_EDGE ( 'NONE', *, *, #2703, .F. ) ;
#1717 = CARTESIAN_POINT ( 'NONE',  ( -1.357050807568749100, -1.437499967615073900, 5.522670419464448300E-007 ) ) ;
#1718 = CARTESIAN_POINT ( 'NONE',  ( 0.6785249255070872100, 7.333333365718258900, -1.175240749714245600 ) ) ;
#1719 = CARTESIAN_POINT ( 'NONE',  ( -4.782772882819589800E-007, -6.062499967615074100, -1.175240473580724300 ) ) ;
#1720 = FACE_OUTER_BOUND ( 'NONE', #3956, .T. ) ;
#1721 = CARTESIAN_POINT ( 'NONE',  ( -1.017788344815205900, 2.020833365718259300, -0.5876198225900807200 ) ) ;
#1722 = CARTESIAN_POINT ( 'NONE',  ( -1.732050807568724600, -3.749999967615060800, 7.048774965991616900E-007 ) ) ;
#1723 = CARTESIAN_POINT ( 'NONE',  ( 1.357050807568749500, -6.249999967615073300, -5.522670417802544300E-007 ) ) ;
#1724 = ORIENTED_EDGE ( 'NONE', *, *, #1190, .T. ) ;
#1725 = CARTESIAN_POINT ( 'NONE',  ( -1.499999999999998900, -0.1875000015285089600, 1.307299934472964400E-015 ) ) ;
#1726 = CARTESIAN_POINT ( 'NONE',  ( -0.6785249255070867600, 5.145833365718258000, 1.175240749714245200 ) ) ;
#1727 = CARTESIAN_POINT ( 'NONE',  ( -1.499999999999992200, -4.727670883985079600, 0.4019241157814840100 ) ) ;
#1728 = LINE ( 'NONE', #1616, #2016 ) ;
#1729 = CARTESIAN_POINT ( 'NONE',  ( 6.104418183075187900E-007, -6.562499967615074100, 1.499999999999874800 ) ) ;
#1730 = CARTESIAN_POINT ( 'NONE',  ( -4.782772882819589800E-007, -5.562499967615074100, -1.175240473580724300 ) ) ;
#1731 = CARTESIAN_POINT ( 'NONE',  ( 0.6785258820616624200, -2.333333300948407600, 1.175240197447204600 ) ) ;
#1732 = CARTESIAN_POINT ( 'NONE',  ( -1.017787866537917900, 1.604166699051591500, 0.5876206509906434200 ) ) ;
#1733 = CARTESIAN_POINT ( 'NONE',  ( -1.006380284438141100, 0.1550494555170100500, -1.043180910280087500 ) ) ;
#1734 = CARTESIAN_POINT ( 'NONE',  ( 1.017787866537917900, -6.145833300948407200, -0.5876206509906427600 ) ) ;
#1735 = CARTESIAN_POINT ( 'NONE',  ( 0.6785258820616618700, 3.229166699051591000, 1.175240197447203500 ) ) ;
#1736 = CARTESIAN_POINT ( 'NONE',  ( -0.8660247933425441200, -5.166666634281726000, 1.500000352438615800 ) ) ;
#1737 = CARTESIAN_POINT ( 'NONE',  ( -0.6145043686727370600, 0.4086316303389333500, -1.025218146808738700 ) ) ;
#1738 = CARTESIAN_POINT ( 'NONE',  ( -4.782772882819589800E-007, 5.937500032384925000, -1.175240473580724300 ) ) ;
#1739 = CARTESIAN_POINT ( 'NONE',  ( -0.8660260142261809700, -0.3333333009483937000, -1.499999647561119500 ) ) ;
#1740 = CARTESIAN_POINT ( 'NONE',  ( -1.732050807568732900, -5.687499967615075000, 7.048774965991651900E-007 ) ) ;
#1741 = ORIENTED_EDGE ( 'NONE', *, *, #4097, .T. ) ;
#1742 = CARTESIAN_POINT ( 'NONE',  ( 1.017787866537918800, -4.708333300948408100, -0.5876206509906432000 ) ) ;
#1743 = EDGE_CURVE ( 'NONE', #3131, #3475, #3895, .T. ) ;
#1744 = CARTESIAN_POINT ( 'NONE',  ( 0.6785249255070872100, -3.666666634281741100, -1.175240749714245600 ) ) ;
#1745 = CARTESIAN_POINT ( 'NONE',  ( -0.6785249255070867600, -0.3541666342817412200, 1.175240749714245200 ) ) ;
#1746 = ORIENTED_EDGE ( 'NONE', *, *, #3577, .T. ) ;
#1747 = CARTESIAN_POINT ( 'NONE',  ( 0.6785249255070872100, 6.833333365718258000, -1.175240749714245600 ) ) ;
#1748 = CARTESIAN_POINT ( 'NONE',  ( 0.6785249255070866500, -5.104166634281741100, -1.175240749714245000 ) ) ;
#1749 = CARTESIAN_POINT ( 'NONE',  ( 0.6785249255070866500, 3.395833365718258400, -1.175240749714245000 ) ) ;
#1750 = CARTESIAN_POINT ( 'NONE',  ( 6.104418183075160400E-007, -5.624999967615060800, 1.499999999999867700 ) ) ;
#1751 = CARTESIAN_POINT ( 'NONE',  ( 0.6785258820616624200, -6.333333300948408100, 1.175240197447204400 ) ) ;
#1752 = CARTESIAN_POINT ( 'NONE',  ( 1.499999999999998700, -1.959829082723612900, 0.4019234615119166600 ) ) ;
#1753 = CARTESIAN_POINT ( 'NONE',  ( 1.357050807568748400, 5.812500032384925000, -5.522670417802541100E-007 ) ) ;
#1754 = CARTESIAN_POINT ( 'NONE',  ( -0.6785249255070874300, -2.416666634281741100, 1.175240749714245900 ) ) ;
#1755 = ORIENTED_EDGE ( 'NONE', *, *, #3871, .T. ) ;
#1756 = CARTESIAN_POINT ( 'NONE',  ( 1.357050807568749500, 7.250000032384925000, -5.522670417802544300E-007 ) ) ;
#1757 = CARTESIAN_POINT ( 'NONE',  ( 1.043494947704477500, -5.789114431345422100, -0.8533798761851099100 ) ) ;
#1758 = CARTESIAN_POINT ( 'NONE',  ( -4.782772882819593000E-007, -2.624999967615074100, -1.175240473580725100 ) ) ;
#1759 = CARTESIAN_POINT ( 'NONE',  ( 1.017787866537918800, -1.208333300948407400, -0.5876206509906432000 ) ) ;
#1760 = CARTESIAN_POINT ( 'NONE',  ( -0.6785258820616625300, -0.02083330094840817000, -1.175240197447203300 ) ) ;
#1761 = ORIENTED_EDGE ( 'NONE', *, *, #2196, .T. ) ;
#1762 = CARTESIAN_POINT ( 'NONE',  ( -4.782772882819593000E-007, 6.375000032384925000, -1.175240473580725100 ) ) ;
#1763 = CARTESIAN_POINT ( 'NONE',  ( -0.6785258820616625300, -5.520833300948408100, -1.175240197447203300 ) ) ;
#1764 = CARTESIAN_POINT ( 'NONE',  ( -4.782772882819589800E-007, 0.9375000323849254100, -1.175240473580724300 ) ) ;
#1765 = CARTESIAN_POINT ( 'NONE',  ( -1.299038410897452900, -0.7916666342817269000, -0.7499994713418116600 ) ) ;
#1766 = CARTESIAN_POINT ( 'NONE',  ( 1.599999999999999900, -5.639700846430446900E-017, 0.0000000000000000000 ) ) ;
#1767 = ORIENTED_EDGE ( 'NONE', *, *, #1190, .F. ) ;
#1768 =( BOUNDED_CURVE ( )  B_SPLINE_CURVE ( 2, ( #41, #358, #3446, #1643, #2566, #2267, #3809, #3508, #3822 ),
 .UNSPECIFIED., .F., .T. ) 
 B_SPLINE_CURVE_WITH_KNOTS ( ( 3, 2, 2, 2, 3 ),
 ( 0.3303571405970239200, 0.3333333333333333100, 0.3392857142857143000, 0.3452380952380952300, 0.3482142834541667700 ),
 .UNSPECIFIED. ) 
 CURVE ( )  GEOMETRIC_REPRESENTATION_ITEM ( )  RATIONAL_B_SPLINE_CURVE ( ( 0.9330127018922580500, 0.9330126510220679800, 1.000000000000000000, 0.8660254037844387100, 1.000000000000000000, 0.8660254037844387100, 1.000000000000000000, 0.9330127527623708300, 0.9330127018922580500 ) ) 
 REPRESENTATION_ITEM ( '' )  );
#1769 = CARTESIAN_POINT ( 'NONE',  ( -1.017788344815206500, -6.041666634281741100, -0.5876198225900811600 ) ) ;
#1770 = CARTESIAN_POINT ( 'NONE',  ( -1.017788344815206500, -2.041666634281741100, -0.5876198225900811600 ) ) ;
#1771 = CARTESIAN_POINT ( 'NONE',  ( 6.104418183075187900E-007, -3.562499967615074600, 1.499999999999874800 ) ) ;
#1772 = EDGE_CURVE ( 'NONE', #1322, #66, #3747, .T. ) ;
#1773 = CARTESIAN_POINT ( 'NONE',  ( -0.6785258820616632000, -3.083333300948408100, -1.175240197447204200 ) ) ;
#1774 = CARTESIAN_POINT ( 'NONE',  ( 1.017787866537918800, -3.208333300948408100, -0.5876206509906432000 ) ) ;
#1775 = FACE_OUTER_BOUND ( 'NONE', #2287, .T. ) ;
#1776 = CARTESIAN_POINT ( 'NONE',  ( -1.017788344815205900, 0.5208333657182586700, -0.5876198225900807200 ) ) ;
#1777 = PERSON_AND_ORGANIZATION ( #1785, #2119 ) ;
#1778 = CARTESIAN_POINT ( 'NONE',  ( -0.6785258820616632000, -5.583333300948409000, -1.175240197447204200 ) ) ;
#1779 = CARTESIAN_POINT ( 'NONE',  ( -0.6785249255070867600, 4.145833365718259800, 1.175240749714245200 ) ) ;
#1780 = CARTESIAN_POINT ( 'NONE',  ( 1.017788344815205200, 4.270833365718259800, 0.5876198225900811600 ) ) ;
#1781 = CARTESIAN_POINT ( 'NONE',  ( 6.104418183075160400E-007, -1.624999967615060400, 1.499999999999867700 ) ) ;
#1782 = CARTESIAN_POINT ( 'NONE',  ( 1.732050807568724200, 5.000000032384940100, -7.048774963870467500E-007 ) ) ;
#1783 = CARTESIAN_POINT ( 'NONE',  ( 1.124999999999995300, -6.000000000000001800, 1.584318734378613700E-016 ) ) ;
#1784 = AXIS2_PLACEMENT_3D ( 'NONE', #3706, #252, #2466 ) ;
#1785 = PERSON ( 'UNSPECIFIED', 'UNSPECIFIED', 'UNSPECIFIED', ('UNSPECIFIED'), ('UNSPECIFIED'), ('UNSPECIFIED') ) ;
#1786 = CARTESIAN_POINT ( 'NONE',  ( 1.017787866537917900, 7.354166699051591000, -0.5876206509906427600 ) ) ;
#1787 = CARTESIAN_POINT ( 'NONE',  ( -1.017788344815206500, -3.041666634281741100, -0.5876198225900811600 ) ) ;
#1788 = CARTESIAN_POINT ( 'NONE',  ( 0.8660260142261843000, -2.520833300948408100, 1.499999647561126800 ) ) ;
#1789 = CARTESIAN_POINT ( 'NONE',  ( -0.6785258820616625300, -3.520833300948407600, -1.175240197447203300 ) ) ;
#1790 = CARTESIAN_POINT ( 'NONE',  ( 1.017787866537918800, -4.208333300948407200, -0.5876206509906432000 ) ) ;
#1791 = CARTESIAN_POINT ( 'NONE',  ( -3.166666666666680300, -3.320034276678958200E-014, 0.0000000000000000000 ) ) ;
#1792 = CARTESIAN_POINT ( 'NONE',  ( 0.6785249255070872100, -2.666666634281741600, -1.175240749714245600 ) ) ;
#1793 = CARTESIAN_POINT ( 'NONE',  ( 1.017787866537917900, 0.8541666990515917000, -0.5876206509906427600 ) ) ;
#1794 = CARTESIAN_POINT ( 'NONE',  ( 1.357050807568749500, -5.249999967615075000, -5.522670417802544300E-007 ) ) ;
#1795 = CARTESIAN_POINT ( 'NONE',  ( 1.017788344815205200, 3.770833365718258900, 0.5876198225900811600 ) ) ;
#1796 = CARTESIAN_POINT ( 'NONE',  ( 4.782772877150559200E-007, 4.187500032384925000, 1.175240473580724300 ) ) ;
#1797 = CARTESIAN_POINT ( 'NONE',  ( -1.732050807568724600, -2.249999967615059900, 7.048774965991616900E-007 ) ) ;
#1798 = CARTESIAN_POINT ( 'NONE',  ( -0.6785258820616632000, -4.583333300948408100, -1.175240197447204200 ) ) ;
#1799 = CARTESIAN_POINT ( 'NONE',  ( 1.299038410897452200, 4.958333365718272200, 0.7499994713418120000 ) ) ;
#1800 = CARTESIAN_POINT ( 'NONE',  ( -3.328010968232123200E-016, -5.625000000000000000, 0.0000000000000000000 ) ) ;
#1801 = CARTESIAN_POINT ( 'NONE',  ( 1.017788344815205900, -4.791666634281741100, 0.5876198225900816100 ) ) ;
#1802 = CARTESIAN_POINT ( 'NONE',  ( -1.017788344815206500, -4.041666634281741100, -0.5876198225900811600 ) ) ;
#1803 = VERTEX_POINT ( 'NONE', #1963 ) ;
#1804 = CARTESIAN_POINT ( 'NONE',  ( 1.299037800455640400, -2.895833300948408100, -0.7500005286580587700 ) ) ;
#1805 = CARTESIAN_POINT ( 'NONE',  ( 4.782772877150559200E-007, -4.312499967615074100, 1.175240473580724300 ) ) ;
#1806 = CARTESIAN_POINT ( 'NONE',  ( 0.6785249255070872100, -1.166666634281741300, -1.175240749714245600 ) ) ;
#1807 = EDGE_CURVE ( 'NONE', #2168, #1151, #3877, .T. ) ;
#1808 = CARTESIAN_POINT ( 'NONE',  ( -4.782772882819593000E-007, -2.624999967615074100, -1.175240473580725100 ) ) ;
#1809 = CARTESIAN_POINT ( 'NONE',  ( 4.782772877150559200E-007, 2.187500032384925000, 1.175240473580724300 ) ) ;
#1810 = CARTESIAN_POINT ( 'NONE',  ( -0.6785258820616632000, -5.083333300948406300, -1.175240197447204200 ) ) ;
#1811 = CARTESIAN_POINT ( 'NONE',  ( 1.017787866537917900, 4.354166699051591900, -0.5876206509906427600 ) ) ;
#1812 = CARTESIAN_POINT ( 'NONE',  ( -0.8660247933425441200, -1.166666634281727100, 1.500000352438615800 ) ) ;
#1813 = CARTESIAN_POINT ( 'NONE',  ( 4.782772877150562400E-007, -3.874999967615074600, 1.175240473580725100 ) ) ;
#1814 = CARTESIAN_POINT ( 'NONE',  ( -1.732050807568724600, 3.250000032384939600, 7.048774965991616900E-007 ) ) ;
#1815 = CARTESIAN_POINT ( 'NONE',  ( -1.050943897842541400, -5.625000000000000900, 1.070288243225872200 ) ) ;
#1816 = CARTESIAN_POINT ( 'NONE',  ( -1.357050807568750000, -4.499999967615074100, 5.522670419464453600E-007 ) ) ;
#1817 = CARTESIAN_POINT ( 'NONE',  ( -4.782772882819593000E-007, -4.124999967615074100, -1.175240473580725100 ) ) ;
#1818 = CARTESIAN_POINT ( 'NONE',  ( 0.8660260142261802000, 1.916666699051605500, 1.499999647561119900 ) ) ;
#1819 = CARTESIAN_POINT ( 'NONE',  ( 6.104418183075187900E-007, -3.062499967615074600, 1.499999999999874800 ) ) ;
#1820 = CARTESIAN_POINT ( 'NONE',  ( -4.782772882819589800E-007, -3.062499967615074100, -1.175240473580724300 ) ) ;
#1821 = CARTESIAN_POINT ( 'NONE',  ( -1.017788344815206500, -1.541666634281741300, -0.5876198225900811600 ) ) ;
#1822 = VERTEX_POINT ( 'NONE', #652 ) ;
#1823 = CARTESIAN_POINT ( 'NONE',  ( 1.499999999999998700, -0.9598290827236137800, 0.4019234615119166600 ) ) ;
#1824 = CARTESIAN_POINT ( 'NONE',  ( 1.357050807568749500, -0.7499999676150743700, -5.522670417802544300E-007 ) ) ;
#1825 = CARTESIAN_POINT ( 'NONE',  ( 1.357050807568748400, 4.312500032384925000, -5.522670417802541100E-007 ) ) ;
#1826 = CIRCLE ( 'NONE', #3019, 4.000000000000033800 ) ;
#1827 = CARTESIAN_POINT ( 'NONE',  ( 0.8660260142261802000, -1.583333300948393900, 1.499999647561119900 ) ) ;
#1828 = CARTESIAN_POINT ( 'NONE',  ( 4.782772877150562400E-007, -4.874999967615074100, 1.175240473580725100 ) ) ;
#1829 = CARTESIAN_POINT ( 'NONE',  ( 0.8660247933425441200, 3.083333365718272700, -1.500000352438615800 ) ) ;
#1830 = CARTESIAN_POINT ( 'NONE',  ( -3.460191456820337600E-016, -6.000000000000001800, 0.0000000000000000000 ) ) ;
#1831 = CARTESIAN_POINT ( 'NONE',  ( -0.6785249255070867600, 7.145833365718258900, 1.175240749714245200 ) ) ;
#1832 = FACE_OUTER_BOUND ( 'NONE', #2199, .T. ) ;
#1833 = CARTESIAN_POINT ( 'NONE',  ( -4.782772882819593000E-007, -1.624999967615074100, -1.175240473580725100 ) ) ;
#1834 = CARTESIAN_POINT ( 'NONE',  ( -0.6785249255070867600, 7.145833365718258900, 1.175240749714245200 ) ) ;
#1835 = CARTESIAN_POINT ( 'NONE',  ( 1.299037800455634700, 0.5416666990516062500, -0.7500005286580553300 ) ) ;
#1836 = CARTESIAN_POINT ( 'NONE',  ( 1.732050807568732200, -1.937499967615074400, -7.048774963870500300E-007 ) ) ;
#1837 = EDGE_CURVE ( 'NONE', #3716, #684, #3036, .T. ) ;
#1838 = CARTESIAN_POINT ( 'NONE',  ( -1.017787866537917900, -2.395833300948407600, 0.5876206509906434200 ) ) ;
#1839 = B_SPLINE_CURVE_WITH_KNOTS ( 'NONE', 3,
 ( #3444, #3807, #989, #2844, #3157, #1602, #4092, #3130, #297, #321, #3496, #2855, #1614, #1279, #3180, #1256, #308, #27, #3485, #625, #2240, #977 ),
 .UNSPECIFIED., .F., .F.,
 ( 4, 2, 2, 2, 2, 2, 2, 2, 2, 2, 4 ),
 ( 0.001692001643199636800, 0.002211372906075739700, 0.002730744168951842300, 0.002990429800389894300, 0.003250115431827945400, 0.003769486694704048500, 0.004029172326142099600, 0.004288857957580151500, 0.004808229220456254600, 0.005327600483332357700, 0.005846971746208459900 ),
 .UNSPECIFIED. ) ;
#1840 = CARTESIAN_POINT ( 'NONE',  ( 0.6785249255070872100, -0.1666666342817410600, -1.175240749714245600 ) ) ;
#1841 = CYLINDRICAL_SURFACE ( 'NONE', #3032, 1.499999999999996000 ) ;
#1842 = AXIS2_PLACEMENT_3D ( 'NONE', #789, #2974, #1100 ) ;
#1843 = CARTESIAN_POINT ( 'NONE',  ( 4.782772877150562400E-007, 1.125000032384925600, 1.175240473580725100 ) ) ;
#1844 = CARTESIAN_POINT ( 'NONE',  ( -0.8660260142261850800, 1.729166699051591700, -1.499999647561126400 ) ) ;
#1845 = CARTESIAN_POINT ( 'NONE',  ( -4.782772882819589800E-007, 5.437500032384925900, -1.175240473580724300 ) ) ;
#1846 = CARTESIAN_POINT ( 'NONE',  ( 1.732050807568724200, 3.238493934826225400E-008, -7.048774963870467500E-007 ) ) ;
#1847 = CARTESIAN_POINT ( 'NONE',  ( -1.299038410897452900, 3.708333365718272700, -0.7499994713418116600 ) ) ;
#1848 = CARTESIAN_POINT ( 'NONE',  ( 1.499999999999998700, -4.437500001528509800, 2.817957636530612800E-015 ) ) ;
#1849 = CARTESIAN_POINT ( 'NONE',  ( 0.6785249255070866500, -4.104166634281741100, -1.175240749714245000 ) ) ;
#1850 = CARTESIAN_POINT ( 'NONE',  ( 1.357050807568749500, 0.2500000323849256900, -5.522670417802544300E-007 ) ) ;
#1851 = CARTESIAN_POINT ( 'NONE',  ( 0.8660260142261802000, 2.416666699051605700, 1.499999647561119900 ) ) ;
#1852 = CARTESIAN_POINT ( 'NONE',  ( 0.8660260142261843000, -1.020833300948408100, 1.499999647561126800 ) ) ;
#1853 = CARTESIAN_POINT ( 'NONE',  ( 0.6785258820616618700, -4.770833300948407200, 1.175240197447203500 ) ) ;
#1854 = CARTESIAN_POINT ( 'NONE',  ( 4.782772877150562400E-007, -0.8749999676150744800, 1.175240473580725100 ) ) ;
#1855 =( BOUNDED_CURVE ( )  B_SPLINE_CURVE ( 2, ( #3394, #4087, #274, #3755, #576, #2791, #1513, #3740, #1880 ),
 .UNSPECIFIED., .F., .F. ) 
 B_SPLINE_CURVE_WITH_KNOTS ( ( 3, 2, 2, 2, 3 ),
 ( 0.3482142834541667700, 0.3511904761904761600, 0.3571428571428571500, 0.3630952380952380800, 0.3660714263113096200 ),
 .UNSPECIFIED. ) 
 CURVE ( )  GEOMETRIC_REPRESENTATION_ITEM ( )  RATIONAL_B_SPLINE_CURVE ( ( 0.9330127018922580500, 0.9330126510220679800, 1.000000000000000000, 0.8660254037844387100, 1.000000000000000000, 0.8660254037844387100, 1.000000000000000000, 0.9330127527623713900, 0.9330127018922580500 ) ) 
 REPRESENTATION_ITEM ( '' )  );
#1856 = CARTESIAN_POINT ( 'NONE',  ( 1.499999999999998400, -0.9375000015285089900, -9.005843993035976600E-016 ) ) ;
#1857 = CARTESIAN_POINT ( 'NONE',  ( -1.357050807568750000, 1.500000032384926100, 5.522670419464453600E-007 ) ) ;
#1858 = ORIENTED_EDGE ( 'NONE', *, *, #2245, .F. ) ;
#1859 = CARTESIAN_POINT ( 'NONE',  ( -1.299038410897458900, 1.270833365718258400, -0.7499994713418151000 ) ) ;
#1860 = CARTESIAN_POINT ( 'NONE',  ( -4.782772882819589800E-007, 6.437500032384925000, -1.175240473580724300 ) ) ;
#1861 = ORIENTED_EDGE ( 'NONE', *, *, #3494, .T. ) ;
#1862 = CARTESIAN_POINT ( 'NONE',  ( -0.6785258820616625300, -6.520833300948408100, -1.175240197447203300 ) ) ;
#1863 = CARTESIAN_POINT ( 'NONE',  ( 6.104418183075187900E-007, -5.562499967615074100, 1.499999999999874800 ) ) ;
#1864 = CARTESIAN_POINT ( 'NONE',  ( 0.6785258820616618700, -3.270833300948407200, 1.175240197447203500 ) ) ;
#1865 = CARTESIAN_POINT ( 'NONE',  ( -0.6785249255070874300, 0.5833333657182586700, 1.175240749714245900 ) ) ;
#1866 = CARTESIAN_POINT ( 'NONE',  ( -1.299037800455634400, 2.791666699051606600, 0.7500005286580560000 ) ) ;
#1867 = CARTESIAN_POINT ( 'NONE',  ( 0.8660260142261843000, -1.520833300948407900, 1.499999647561126800 ) ) ;
#1868 = AXIS2_PLACEMENT_3D ( 'NONE', #2262, #965, #364 ) ;
#1869 = CARTESIAN_POINT ( 'NONE',  ( -0.6785249255070867600, -0.3541666342817412200, 1.175240749714245200 ) ) ;
#1870 = CARTESIAN_POINT ( 'NONE',  ( 0.6785249255070872100, -1.666666634281741600, -1.175240749714245600 ) ) ;
#1871 = ORIENTED_EDGE ( 'NONE', *, *, #3213, .T. ) ;
#1872 = CARTESIAN_POINT ( 'NONE',  ( -1.017787866537918800, 0.5416666990515923700, 0.5876206509906438700 ) ) ;
#1873 = CARTESIAN_POINT ( 'NONE',  ( 0.8660260142261843000, 1.479166699051591300, 1.499999647561126800 ) ) ;
#1874 = ORIENTED_EDGE ( 'NONE', *, *, #110, .T. ) ;
#1875 = CARTESIAN_POINT ( 'NONE',  ( 0.8660260142261802000, 6.416666699051607000, 1.499999647561119900 ) ) ;
#1876 = CARTESIAN_POINT ( 'NONE',  ( 1.299037800455640400, -4.395833300948408100, -0.7500005286580587700 ) ) ;
#1877 = ORIENTED_EDGE ( 'NONE', *, *, #1894, .T. ) ;
#1878 = CARTESIAN_POINT ( 'NONE',  ( 1.017787866537917900, -2.145833300948407600, -0.5876206509906427600 ) ) ;
#1879 = CARTESIAN_POINT ( 'NONE',  ( -4.782772882819593000E-007, 0.8750000323849254100, -1.175240473580725100 ) ) ;
#1880 = CARTESIAN_POINT ( 'NONE',  ( -1.499999999999998900, -1.687500001528508900, -6.187886356505365400E-015 ) ) ;
#1881 = CARTESIAN_POINT ( 'NONE',  ( -0.8660247933425441200, 1.833333365718272700, 1.500000352438615800 ) ) ;
#1882 = CARTESIAN_POINT ( 'NONE',  ( 1.299037800455640400, -1.395833300948407600, -0.7500005286580587700 ) ) ;
#1883 = EDGE_LOOP ( 'NONE', ( #4090, #206, #941, #3127, #2154, #1084, #750 ) ) ;
#1884 = CARTESIAN_POINT ( 'NONE',  ( 1.357050807568748400, -1.687499967615074600, -5.522670417802541100E-007 ) ) ;
#1885 = CARTESIAN_POINT ( 'NONE',  ( 0.8660247933425482300, -3.354166634281741100, -1.500000352438622300 ) ) ;
#1886 = CARTESIAN_POINT ( 'NONE',  ( -1.017788344815206500, 0.4583333657182586100, -0.5876198225900811600 ) ) ;
#1887 = VECTOR ( 'NONE', #1275, 1000.000000000000000 ) ;
#1888 = CARTESIAN_POINT ( 'NONE',  ( 1.299038410897458200, 2.520833365718258000, 0.7499994713418155500 ) ) ;
#1889 = CARTESIAN_POINT ( 'NONE',  ( 0.8660260142261802000, 7.416666699051605200, 1.499999647561119900 ) ) ;
#1890 = CARTESIAN_POINT ( 'NONE',  ( -1.357050807568749100, -1.937499967615074400, 5.522670419464448300E-007 ) ) ;
#1891 = CARTESIAN_POINT ( 'NONE',  ( -1.017787866537918800, 0.04166669905159188500, 0.5876206509906438700 ) ) ;
#1892 = CARTESIAN_POINT ( 'NONE',  ( 0.6785249255070866500, 7.395833365718258900, -1.175240749714245000 ) ) ;
#1893 = CARTESIAN_POINT ( 'NONE',  ( -0.8660260142261850800, 0.7291666990515917000, -1.499999647561126400 ) ) ;
#1894 = EDGE_CURVE ( 'NONE', #3873, #722, #919, .T. ) ;
#1895 = CARTESIAN_POINT ( 'NONE',  ( 1.017787866537917900, -0.1458333009484074100, -0.5876206509906427600 ) ) ;
#1896 = CARTESIAN_POINT ( 'NONE',  ( 1.499999999999999800, -4.915170883985094700, -0.4019241157814845700 ) ) ;
#1897 = CARTESIAN_POINT ( 'NONE',  ( -1.017787866537918800, 3.541666699051591500, 0.5876206509906438700 ) ) ;
#1898 = CARTESIAN_POINT ( 'NONE',  ( -1.299037800455640400, 2.854166699051592800, 0.7500005286580595500 ) ) ;
#1899 = ADVANCED_FACE ( 'NONE', ( #2008 ), #2219, .T. ) ;
#1900 = CARTESIAN_POINT ( 'NONE',  ( -1.357050807568749100, -5.937499967615075000, 5.522670419464448300E-007 ) ) ;
#1901 = CARTESIAN_POINT ( 'NONE',  ( 2.624676877717179800E-015, -3.122502256758252800E-014, 0.0000000000000000000 ) ) ;
#1902 = CARTESIAN_POINT ( 'NONE',  ( -0.6785249255070867600, -4.354166634281741100, 1.175240749714245200 ) ) ;
#1903 = CARTESIAN_POINT ( 'NONE',  ( 0.6785258820616624200, 1.666666699051591500, 1.175240197447204400 ) ) ;
#1904 = CARTESIAN_POINT ( 'NONE',  ( 1.499999999999991600, -1.500000001528494700, -9.005843993035976600E-016 ) ) ;
#1905 = CARTESIAN_POINT ( 'NONE',  ( -0.8660247933425482300, -1.604166634281741600, 1.500000352438622500 ) ) ;
#1906 =( BOUNDED_CURVE ( )  B_SPLINE_CURVE ( 2, ( #2322, #2941, #2927, #1050, #1708, #2587, #1977, #752, #2006 ),
 .UNSPECIFIED., .F., .F. ) 
 B_SPLINE_CURVE_WITH_KNOTS ( ( 3, 2, 2, 2, 3 ),
 ( 0.2767857120255953800, 0.2797619047619047700, 0.2857142857142857000, 0.2916666666666666900, 0.2946428548827382300 ),
 .UNSPECIFIED. ) 
 CURVE ( )  GEOMETRIC_REPRESENTATION_ITEM ( )  RATIONAL_B_SPLINE_CURVE ( ( 0.9330127018922580500, 0.9330126510220679800, 1.000000000000000000, 0.8660254037844387100, 1.000000000000000000, 0.8660254037844387100, 1.000000000000000000, 0.9330127527623708300, 0.9330127018922580500 ) ) 
 REPRESENTATION_ITEM ( '' )  );
#1907 = CARTESIAN_POINT ( 'NONE',  ( -0.6785258820616625300, -0.5208333009484077400, -1.175240197447203300 ) ) ;
#1908 = ORIENTED_EDGE ( 'NONE', *, *, #1483, .F. ) ;
#1909 = CARTESIAN_POINT ( 'NONE',  ( -4.782772882819593000E-007, 2.875000032384925400, -1.175240473580725100 ) ) ;
#1910 = CARTESIAN_POINT ( 'NONE',  ( 6.104418183075187900E-007, 3.937500032384924500, 1.499999999999874800 ) ) ;
#1911 = CARTESIAN_POINT ( 'NONE',  ( 1.357050807568748400, -6.187499967615074100, -5.522670417802541100E-007 ) ) ;
#1912 = EDGE_CURVE ( 'NONE', #3317, #2957, #3147, .T. ) ;
#1913 = CARTESIAN_POINT ( 'NONE',  ( 1.017788344815205200, -0.2291666342817411100, 0.5876198225900811600 ) ) ;
#1914 = CARTESIAN_POINT ( 'NONE',  ( -1.357050807568750000, 2.000000032384924500, 5.522670419464453600E-007 ) ) ;
#1915 = CARTESIAN_POINT ( 'NONE',  ( 1.299038410897458200, -3.479166634281741600, 0.7499994713418155500 ) ) ;
#1916 = CARTESIAN_POINT ( 'NONE',  ( 1.499999999999997600, -4.959829082723613800, 0.4019234615119184900 ) ) ;
#1917 = CARTESIAN_POINT ( 'NONE',  ( 0.6785249255070866500, -0.1041666342817410100, -1.175240749714244700 ) ) ;
#1918 = ADVANCED_FACE ( 'NONE', ( #1678, #2741 ), #1343, .F. ) ;
#1919 = CARTESIAN_POINT ( 'NONE',  ( 0.8660247933425482300, -4.854166634281742000, -1.500000352438622300 ) ) ;
#1920 = CARTESIAN_POINT ( 'NONE',  ( -1.017787866537918800, 2.541666699051592400, 0.5876206509906438700 ) ) ;
#1921 = CARTESIAN_POINT ( 'NONE',  ( -1.299038410897458900, 3.770833365718258900, -0.7499994713418151000 ) ) ;
#1922 = ORIENTED_EDGE ( 'NONE', *, *, #1959, .T. ) ;
#1923 = AXIS2_PLACEMENT_3D ( 'NONE', #270, #3722, #3750 ) ;
#1924 = CARTESIAN_POINT ( 'NONE',  ( 0.6785258820616618700, -3.770833300948408100, 1.175240197447203500 ) ) ;
#1925 = CARTESIAN_POINT ( 'NONE',  ( -0.6785249255070867600, 0.6458333657182586700, 1.175240749714245200 ) ) ;
#1926 = CYLINDRICAL_SURFACE ( 'NONE', #3115, 1.499999999999996000 ) ;
#1927 = CARTESIAN_POINT ( 'NONE',  ( -1.017788344815206500, 2.458333365718259300, -0.5876198225900811600 ) ) ;
#1928 = DIRECTION ( 'NONE',  ( 5.356182135569786000E-016, 1.000000000000000000, -0.0000000000000000000 ) ) ;
#1929 = CARTESIAN_POINT ( 'NONE',  ( 0.8660247933425442300, -1.916666634281726900, -1.500000352438615600 ) ) ;
#1930 = CIRCLE ( 'NONE', #1225, 1.124999999999995800 ) ;
#1931 = CARTESIAN_POINT ( 'NONE',  ( -6.104418189141934300E-007, -4.812499967615074100, -1.499999999999874800 ) ) ;
#1932 = CARTESIAN_POINT ( 'NONE',  ( 4.782772877150562400E-007, 3.125000032384925900, 1.175240473580725100 ) ) ;
#1933 = CARTESIAN_POINT ( 'NONE',  ( -3.460191456820336100E-016, -5.999999999999998200, 0.0000000000000000000 ) ) ;
#1934 = CARTESIAN_POINT ( 'NONE',  ( -6.104418189141934300E-007, 5.687500032384924100, -1.499999999999874800 ) ) ;
#1935 = LINE ( 'NONE', #2334, #3589 ) ;
#1936 = ADVANCED_FACE ( 'NONE', ( #1118 ), #1926, .T. ) ;
#1937 = CARTESIAN_POINT ( 'NONE',  ( 1.017787866537917900, -5.645833300948408100, -0.5876206509906427600 ) ) ;
#1938 = CARTESIAN_POINT ( 'NONE',  ( -4.782772882819589800E-007, 0.4375000323849258500, -1.175240473580724300 ) ) ;
#1939 = CARTESIAN_POINT ( 'NONE',  ( -1.357050807568750000, 1.500000032384926100, 5.522670419464453600E-007 ) ) ;
#1940 = CARTESIAN_POINT ( 'NONE',  ( 1.499999999999991600, -2.522329082723599100, 0.4019234615119147700 ) ) ;
#1941 = DIRECTION ( 'NONE',  ( -3.524813029019029000E-017, -1.000000000000000000, -0.0000000000000000000 ) ) ;
#1942 = CARTESIAN_POINT ( 'NONE',  ( -0.6785258820616632000, 1.916666699051591900, -1.175240197447204200 ) ) ;
#1943 = CARTESIAN_POINT ( 'NONE',  ( -0.8660260142261850800, 6.229166699051592800, -1.499999647561126400 ) ) ;
#1944 = ORIENTED_EDGE ( 'NONE', *, *, #259, .T. ) ;
#1945 = CARTESIAN_POINT ( 'NONE',  ( 4.782772877150559200E-007, -5.312499967615074100, 1.175240473580724300 ) ) ;
#1946 = CARTESIAN_POINT ( 'NONE',  ( -4.782772882819589800E-007, -1.562499967615074100, -1.175240473580724300 ) ) ;
#1947 = CARTESIAN_POINT ( 'NONE',  ( -1.017787866537918800, 1.041666699051591900, 0.5876206509906438700 ) ) ;
#1948 = CARTESIAN_POINT ( 'NONE',  ( 1.499999999999991600, -1.528494707537058800E-009, -9.005843993035976600E-016 ) ) ;
#1949 = ORIENTED_EDGE ( 'NONE', *, *, #3727, .F. ) ;
#1950 = PLANE ( 'NONE',  #3085 ) ;
#1951 = CARTESIAN_POINT ( 'NONE',  ( 0.8660260142261841900, -2.520833300948407600, 1.499999647561126800 ) ) ;
#1952 = ADVANCED_FACE ( 'NONE', ( #2113 ), #1062, .T. ) ;
#1953 = CARTESIAN_POINT ( 'NONE',  ( 1.299037800455634700, -3.458333300948393900, -0.7500005286580553300 ) ) ;
#1954 = CARTESIAN_POINT ( 'NONE',  ( -1.017788344815206500, 5.458333365718258900, -0.5876198225900811600 ) ) ;
#1955 = DIRECTION ( 'NONE',  ( 1.000000000000000000, 0.0000000000000000000, 0.0000000000000000000 ) ) ;
#1956 = CARTESIAN_POINT ( 'NONE',  ( 1.732050807568732200, 5.062500032384925900, -7.048774963870500300E-007 ) ) ;
#1957 = ORIENTED_EDGE ( 'NONE', *, *, #3916, .T. ) ;
#1958 = CARTESIAN_POINT ( 'NONE',  ( 0.6785258820616618700, -4.770833300948407200, 1.175240197447203500 ) ) ;
#1959 = EDGE_CURVE ( 'NONE', #3187, #507, #1906, .T. ) ;
#1960 = CARTESIAN_POINT ( 'NONE',  ( -0.6785258820616625300, -1.020833300948408100, -1.175240197447203300 ) ) ;
#1961 = CARTESIAN_POINT ( 'NONE',  ( -0.6785249255070874300, 4.583333365718258000, 1.175240749714245900 ) ) ;
#1962 = CARTESIAN_POINT ( 'NONE',  ( -1.499999999999998900, -1.687500001528509100, -6.187886356505365400E-015 ) ) ;
#1963 = CARTESIAN_POINT ( 'NONE',  ( 1.499999999999991800, -3.500000001528494700, 2.817957636530612800E-015 ) ) ;
#1964 = EDGE_LOOP ( 'NONE', ( #2053, #3624, #569, #1767 ) ) ;
#1965 = DIRECTION ( 'NONE',  ( -3.524813029019029000E-017, -1.000000000000000000, -0.0000000000000000000 ) ) ;
#1966 = CARTESIAN_POINT ( 'NONE',  ( -3.460191456820336100E-016, -5.999999999999998200, 0.0000000000000000000 ) ) ;
#1967 = CARTESIAN_POINT ( 'NONE',  ( -0.6785249255070874300, 6.583333365718258000, 1.175240749714245900 ) ) ;
#1968 = ORIENTED_EDGE ( 'NONE', *, *, #2987, .F. ) ;
#1969 = CARTESIAN_POINT ( 'NONE',  ( -0.6629551415665481100, -5.716657164448174700, 1.245663393024606400 ) ) ;
#1970 = AXIS2_PLACEMENT_3D ( 'NONE', #531, #2133, #548 ) ;
#1971 =( BOUNDED_CURVE ( )  B_SPLINE_CURVE ( 2, ( #2598, #2578, #397, #1318, #3543, #3820, #383, #2590, #89 ),
 .UNSPECIFIED., .F., .F. ) 
 B_SPLINE_CURVE_WITH_KNOTS ( ( 3, 2, 2, 2, 3 ),
 ( 0.1874999977398810700, 0.1904761904761904700, 0.1964285714285714200, 0.2023809523809523800, 0.2053571405970239200 ),
 .UNSPECIFIED. ) 
 CURVE ( )  GEOMETRIC_REPRESENTATION_ITEM ( )  RATIONAL_B_SPLINE_CURVE ( ( 0.9330127018922580500, 0.9330126510220679800, 1.000000000000000000, 0.8660254037844387100, 1.000000000000000000, 0.8660254037844387100, 1.000000000000000000, 0.9330127527623710600, 0.9330127018922579300 ) ) 
 REPRESENTATION_ITEM ( '' )  );
#1972 = CYLINDRICAL_SURFACE ( 'NONE', #2208, 1.499999999999996000 ) ;
#1973 = CARTESIAN_POINT ( 'NONE',  ( -1.357050807568749100, -4.437499967615074100, 5.522670419464448300E-007 ) ) ;
#1974 = CARTESIAN_POINT ( 'NONE',  ( -1.017787866537917900, 1.604166699051591500, 0.5876206509906434200 ) ) ;
#1975 = CARTESIAN_POINT ( 'NONE',  ( -1.017787866537918800, 6.041666699051591900, 0.5876206509906438700 ) ) ;
#1976 = CARTESIAN_POINT ( 'NONE',  ( 1.499999999999991600, -0.5000000015284947800, -9.005843993035976600E-016 ) ) ;
#1977 = CARTESIAN_POINT ( 'NONE',  ( -1.299038410897458900, -2.729166634281741600, -0.7499994713418151000 ) ) ;
#1978 = APPROVAL_DATE_TIME ( #1427, #677 ) ;
#1979 = CARTESIAN_POINT ( 'NONE',  ( -1.299038410897452900, -4.791666634281726900, -0.7499994713418116600 ) ) ;
#1980 = CARTESIAN_POINT ( 'NONE',  ( -0.6785258820616632000, 6.916666699051591000, -1.175240197447204200 ) ) ;
#1981 = CARTESIAN_POINT ( 'NONE',  ( 1.499999999999997600, -4.459829082723613800, 0.4019234615119184900 ) ) ;
#1982 = EDGE_CURVE ( 'NONE', #3304, #3743, #3436, .T. ) ;
#1983 = CARTESIAN_POINT ( 'NONE',  ( 1.017788344815205200, -1.229166634281741100, 0.5876198225900811600 ) ) ;
#1984 = CARTESIAN_POINT ( 'NONE',  ( 0.6785258820616624200, 6.166666699051591900, 1.175240197447204400 ) ) ;
#1985 = DIRECTION ( 'NONE',  ( 5.356182135569786000E-016, 1.000000000000000000, -0.0000000000000000000 ) ) ;
#1986 = AXIS2_PLACEMENT_3D ( 'NONE', #742, #1032, #2914 ) ;
#1987 = CARTESIAN_POINT ( 'NONE',  ( 1.299038410897452200, -6.041666634281726900, 0.7499994713418120000 ) ) ;
#1988 = CARTESIAN_POINT ( 'NONE',  ( 0.8660260142261802000, -5.583333300948393900, 1.499999647561119900 ) ) ;
#1989 = CARTESIAN_POINT ( 'NONE',  ( 0.8660260142261802000, -4.083333300948393900, 1.499999647561119900 ) ) ;
#1990 = CARTESIAN_POINT ( 'NONE',  ( -6.104418189141906800E-007, -4.874999967615060800, -1.499999999999867700 ) ) ;
#1991 = CARTESIAN_POINT ( 'NONE',  ( 1.357050807568749500, 5.750000032384924100, -5.522670417802544300E-007 ) ) ;
#1992 = ORIENTED_EDGE ( 'NONE', *, *, #389, .T. ) ;
#1993 = CARTESIAN_POINT ( 'NONE',  ( 0.2997326509062613900, -5.754242646515306700, -1.349848658913950000 ) ) ;
#1994 = CARTESIAN_POINT ( 'NONE',  ( 1.732050807568724200, 3.000000032384939200, -7.048774963870467500E-007 ) ) ;
#1995 = CARTESIAN_POINT ( 'NONE',  ( -1.017788344815205900, -1.479166634281741300, -0.5876198225900807200 ) ) ;
#1996 = CARTESIAN_POINT ( 'NONE',  ( -0.6785258820616632000, 4.416666699051591900, -1.175240197447204200 ) ) ;
#1997 = CARTESIAN_POINT ( 'NONE',  ( -6.104418189141906800E-007, -6.374999967615059900, -1.499999999999867700 ) ) ;
#1998 = CARTESIAN_POINT ( 'NONE',  ( 6.104418183075160400E-007, -4.124999967615059900, 1.499999999999867700 ) ) ;
#1999 = CARTESIAN_POINT ( 'NONE',  ( -6.104418189141906800E-007, -0.3749999676150601000, -1.499999999999867700 ) ) ;
#2000 = CARTESIAN_POINT ( 'NONE',  ( 4.782772877150562400E-007, 6.125000032384925000, 1.175240473580725100 ) ) ;
#2001 = CARTESIAN_POINT ( 'NONE',  ( -0.3524819782330090300, -5.668096633747843800, 1.424661859650924200 ) ) ;
#2002 = CARTESIAN_POINT ( 'NONE',  ( -0.6785258820616625300, -0.5208333009484077400, -1.175240197447203300 ) ) ;
#2003 = ORIENTED_EDGE ( 'NONE', *, *, #3577, .F. ) ;
#2004 = CARTESIAN_POINT ( 'NONE',  ( -1.017788344815206500, 5.458333365718258900, -0.5876198225900811600 ) ) ;
#2005 = CARTESIAN_POINT ( 'NONE',  ( 6.104418183075160400E-007, -4.624999967615060800, 1.499999999999867700 ) ) ;
#2006 = CARTESIAN_POINT ( 'NONE',  ( -1.499999999999998900, -2.687500001528508400, 1.307299934472964400E-015 ) ) ;
#2007 = CARTESIAN_POINT ( 'NONE',  ( 1.339542851502640000, 0.1000000000000043400, -0.6749999622134601500 ) ) ;
#2008 = FACE_OUTER_BOUND ( 'NONE', #934, .T. ) ;
#2009 = CARTESIAN_POINT ( 'NONE',  ( 1.017787866537917900, 5.354166699051591000, -0.5876206509906427600 ) ) ;
#2010 = CARTESIAN_POINT ( 'NONE',  ( 0.8660247933425482300, -6.354166634281741100, -1.500000352438622500 ) ) ;
#2011 =( BOUNDED_CURVE ( )  B_SPLINE_CURVE ( 2, ( #2540, #4088, #673, #3817, #3792, #635, #2200, #1916, #318 ),
 .UNSPECIFIED., .F., .F. ) 
 B_SPLINE_CURVE_WITH_KNOTS ( ( 3, 2, 2, 2, 3 ),
 ( 0.1160714263113096400, 0.1190476190476190400, 0.1250000000000000000, 0.1309523809523809600, 0.1339285691684525000 ),
 .UNSPECIFIED. ) 
 CURVE ( )  GEOMETRIC_REPRESENTATION_ITEM ( )  RATIONAL_B_SPLINE_CURVE ( ( 0.9330127018922578200, 0.9330126510220677600, 1.000000000000000000, 0.8660254037844387100, 1.000000000000000000, 0.8660254037844387100, 1.000000000000000000, 0.9330127527623710600, 0.9330127018922579300 ) ) 
 REPRESENTATION_ITEM ( '' )  );
#2012 = FACE_OUTER_BOUND ( 'NONE', #112, .T. ) ;
#2013 = CARTESIAN_POINT ( 'NONE',  ( 1.499999999999998700, -4.437500001528509800, 2.817957636530612800E-015 ) ) ;
#2014 = CARTESIAN_POINT ( 'NONE',  ( -0.4236021461103677800, -5.728941072866296800, -1.342501911485809400 ) ) ;
#2015 = CARTESIAN_POINT ( 'NONE',  ( -1.017787866537917900, -2.395833300948407600, 0.5876206509906434200 ) ) ;
#2016 = VECTOR ( 'NONE', #3268, 1000.000000000000000 ) ;
#2017 = CARTESIAN_POINT ( 'NONE',  ( -1.152328534818646900, 0.1630219410924614300, -0.8661353832405671600 ) ) ;
#2018 = CARTESIAN_POINT ( 'NONE',  ( 0.8660260142261802000, -4.583333300948393900, 1.499999647561119900 ) ) ;
#2019 = CARTESIAN_POINT ( 'NONE',  ( 1.357050807568748400, 6.812500032384925900, -5.522670417802541100E-007 ) ) ;
#2020 = CARTESIAN_POINT ( 'NONE',  ( -0.8660260142261809700, -2.333333300948394300, -1.499999647561119500 ) ) ;
#2021 = CARTESIAN_POINT ( 'NONE',  ( -6.104418189141934300E-007, -4.812499967615074100, -1.499999999999874800 ) ) ;
#2022 = CARTESIAN_POINT ( 'NONE',  ( 1.499999999999991800, -3.000000001528494700, 2.817957636530612800E-015 ) ) ;
#2023 = CARTESIAN_POINT ( 'NONE',  ( 1.017788344815205200, -5.729166634281741100, 0.5876198225900811600 ) ) ;
#2024 = EDGE_CURVE ( 'NONE', #894, #722, #426, .T. ) ;
#2025 = CARTESIAN_POINT ( 'NONE',  ( -4.782772882819589800E-007, -0.5624999676150741500, -1.175240473580724300 ) ) ;
#2026 = CARTESIAN_POINT ( 'NONE',  ( -1.017787866537917900, -5.895833300948407200, 0.5876206509906434200 ) ) ;
#2027 = AXIS2_PLACEMENT_3D ( 'NONE', #59, #2273, #378 ) ;
#2028 = CARTESIAN_POINT ( 'NONE',  ( 1.017787866537917900, 1.354166699051591300, -0.5876206509906427600 ) ) ;
#2029 = ORIENTED_EDGE ( 'NONE', *, *, #67, .F. ) ;
#2030 = CARTESIAN_POINT ( 'NONE',  ( 0.8660247933425441200, -3.916666634281726900, -1.500000352438615800 ) ) ;
#2031 = CARTESIAN_POINT ( 'NONE',  ( -0.6785258820616632000, -6.083333300948407200, -1.175240197447204200 ) ) ;
#2032 = CARTESIAN_POINT ( 'NONE',  ( -1.499999999999998900, -0.1651708839850950800, 0.4019241157814867900 ) ) ;
#2033 = CARTESIAN_POINT ( 'NONE',  ( 1.357050807568748400, 5.312500032384925900, -5.522670417802541100E-007 ) ) ;
#2034 = CARTESIAN_POINT ( 'NONE',  ( -1.299038410897458900, -6.729166634281741100, -0.7499994713418151000 ) ) ;
#2035 = APPROVAL_STATUS ( 'not_yet_approved' ) ;
#2036 = CARTESIAN_POINT ( 'NONE',  ( 1.499999999999991600, -2.000000001528494700, -9.005843993035976600E-016 ) ) ;
#2037 = CARTESIAN_POINT ( 'NONE',  ( 1.017788344815205900, -4.791666634281741100, 0.5876198225900816100 ) ) ;
#2038 = CARTESIAN_POINT ( 'NONE',  ( 0.6785258820616618700, 0.2291666990515920400, 1.175240197447203500 ) ) ;
#2039 = EDGE_LOOP ( 'NONE', ( #3434, #3913, #1145, #73 ) ) ;
#2040 = DIRECTION ( 'NONE',  ( -3.524813029019029000E-017, -1.000000000000000000, -0.0000000000000000000 ) ) ;
#2041 = CARTESIAN_POINT ( 'NONE',  ( 1.357050807568748400, -6.187499967615074100, -5.522670417802541100E-007 ) ) ;
#2042 = CARTESIAN_POINT ( 'NONE',  ( 4.782772877150559200E-007, 3.187500032384925900, 1.175240473580724300 ) ) ;
#2043 = CARTESIAN_POINT ( 'NONE',  ( 1.732050807568724200, -4.999999967615060800, -7.048774963870467500E-007 ) ) ;
#2044 = CARTESIAN_POINT ( 'NONE',  ( -0.6785258820616632000, -6.583333300948409000, -1.175240197447204200 ) ) ;
#2045 = CARTESIAN_POINT ( 'NONE',  ( -2.496022088948251500E-015, -2.775557561562891400E-014, 0.0000000000000000000 ) ) ;
#2046 = VERTEX_POINT ( 'NONE', #1379 ) ;
#2047 = CARTESIAN_POINT ( 'NONE',  ( -0.6785258820616625300, 5.479166699051590200, -1.175240197447203300 ) ) ;
#2048 = CARTESIAN_POINT ( 'NONE',  ( 0.8660247933425442300, -2.416666634281727300, -1.500000352438615600 ) ) ;
#2049 = CARTESIAN_POINT ( 'NONE',  ( -0.8660247933425482300, -4.604166634281742000, 1.500000352438622500 ) ) ;
#2050 = ORIENTED_EDGE ( 'NONE', *, *, #912, .T. ) ;
#2051 = CARTESIAN_POINT ( 'NONE',  ( 3.166666666666692700, 0.8333333333333038400, 3.878048197299980400E-016 ) ) ;
#2052 = CARTESIAN_POINT ( 'NONE',  ( 1.017787866537918800, -3.708333300948408100, -0.5876206509906432000 ) ) ;
#2053 = ORIENTED_EDGE ( 'NONE', *, *, #2935, .F. ) ;
#2054 = CARTESIAN_POINT ( 'NONE',  ( 1.017788344815205900, -1.791666634281740700, 0.5876198225900816100 ) ) ;
#2055 = CARTESIAN_POINT ( 'NONE',  ( -4.782772882819589800E-007, 1.937500032384924500, -1.175240473580724300 ) ) ;
#2056 = CARTESIAN_POINT ( 'NONE',  ( 1.599999999999999900, -5.639700846430446900E-017, 0.0000000000000000000 ) ) ;
#2057 = CARTESIAN_POINT ( 'NONE',  ( -1.017787866537917900, -5.395833300948408100, 0.5876206509906434200 ) ) ;
#2058 = CARTESIAN_POINT ( 'NONE',  ( -0.6785258820616625300, 3.479166699051591500, -1.175240197447203300 ) ) ;
#2059 = CARTESIAN_POINT ( 'NONE',  ( -1.299037800455634400, -3.708333300948393900, 0.7500005286580560000 ) ) ;
#2060 = CARTESIAN_POINT ( 'NONE',  ( -0.6785249255070874300, -5.416666634281740200, 1.175240749714245900 ) ) ;
#2061 = DIRECTION ( 'NONE',  ( -3.524813029019029000E-017, -1.000000000000000000, -0.0000000000000000000 ) ) ;
#2062 =( BOUNDED_CURVE ( )  B_SPLINE_CURVE ( 2, ( #344, #3516, #381, #699, #3819, #3192, #3505, #2893, #1021 ),
 .UNSPECIFIED., .F., .F. ) 
 B_SPLINE_CURVE_WITH_KNOTS ( ( 3, 2, 2, 2, 3 ),
 ( 0.4553571405970239200, 0.4583333333333333100, 0.4642857142857143000, 0.4702380952380952300, 0.4732142834541667700 ),
 .UNSPECIFIED. ) 
 CURVE ( )  GEOMETRIC_REPRESENTATION_ITEM ( )  RATIONAL_B_SPLINE_CURVE ( ( 0.9330127018922580500, 0.9330126510220679800, 1.000000000000000000, 0.8660254037844387100, 1.000000000000000000, 0.8660254037844387100, 1.000000000000000000, 0.9330127527623708300, 0.9330127018922580500 ) ) 
 REPRESENTATION_ITEM ( '' )  );
#2063 = CARTESIAN_POINT ( 'NONE',  ( 1.017788344815205200, 4.770833365718258000, 0.5876198225900811600 ) ) ;
#2064 = CARTESIAN_POINT ( 'NONE',  ( 0.6785249255070872100, -3.666666634281741100, -1.175240749714245600 ) ) ;
#2065 = CARTESIAN_POINT ( 'NONE',  ( -1.017787866537918800, 7.041666699051591000, 0.5876206509906438700 ) ) ;
#2066 = CARTESIAN_POINT ( 'NONE',  ( -0.6785249255070867600, -4.854166634281741100, 1.175240749714245200 ) ) ;
#2067 = CARTESIAN_POINT ( 'NONE',  ( -0.6785249255070874300, -2.916666634281741100, 1.175240749714245900 ) ) ;
#2068 = LINE ( 'NONE', #2435, #1185 ) ;
#2069 = CARTESIAN_POINT ( 'NONE',  ( -1.017787866537918800, -2.458333300948407600, 0.5876206509906438700 ) ) ;
#2070 = CARTESIAN_POINT ( 'NONE',  ( 1.017788344815205200, -0.2291666342817411100, 0.5876198225900811600 ) ) ;
#2071 = CARTESIAN_POINT ( 'NONE',  ( -1.214231345840336200, 0.1666958145995595700, -0.7702305330688786800 ) ) ;
#2072 = CARTESIAN_POINT ( 'NONE',  ( 1.210172412541286500, 0.3656129243497362500, -0.2815391828027621300 ) ) ;
#2073 = CARTESIAN_POINT ( 'NONE',  ( -0.6785258820616625300, 1.979166699051591900, -1.175240197447203300 ) ) ;
#2074 = CARTESIAN_POINT ( 'NONE',  ( 1.299037800455634700, -2.458333300948393900, -0.7500005286580553300 ) ) ;
#2075 = CARTESIAN_POINT ( 'NONE',  ( 1.499999999999991600, -1.000000001528495100, 6.594601891674731900E-015 ) ) ;
#2076 = CARTESIAN_POINT ( 'NONE',  ( 1.499999999999991800, -4.500000001528493800, 2.817957636530612800E-015 ) ) ;
#2077 = CARTESIAN_POINT ( 'NONE',  ( 1.017788344815205900, -6.291666634281741100, 0.5876198225900816100 ) ) ;
#2078 = CARTESIAN_POINT ( 'NONE',  ( 0.6785258820616624200, -3.333333300948407600, 1.175240197447204400 ) ) ;
#2079 = CARTESIAN_POINT ( 'NONE',  ( -1.299037800455640400, -3.145833300948408100, 0.7500005286580595500 ) ) ;
#2080 = CARTESIAN_POINT ( 'NONE',  ( -1.299037800455634400, -2.208333300948393400, 0.7500005286580560000 ) ) ;
#2081 = CARTESIAN_POINT ( 'NONE',  ( -1.017787866537918800, -4.458333300948408100, 0.5876206509906438700 ) ) ;
#2082 = EDGE_CURVE ( 'NONE', #2673, #4066, #3530, .T. ) ;
#2083 = CARTESIAN_POINT ( 'NONE',  ( 1.017788344815205900, -2.791666634281741100, 0.5876198225900816100 ) ) ;
#2084 = CARTESIAN_POINT ( 'NONE',  ( 0.6785249255070866500, 0.8958333657182591100, -1.175240749714245000 ) ) ;
#2085 = ORIENTED_EDGE ( 'NONE', *, *, #287, .T. ) ;
#2086 = DIRECTION ( 'NONE',  ( 0.7071067811865468000, -0.7071067811865483500, 0.0000000000000000000 ) ) ;
#2087 = CARTESIAN_POINT ( 'NONE',  ( 4.782772877150559200E-007, 4.187500032384925000, 1.175240473580724300 ) ) ;
#2088 = AXIS2_PLACEMENT_3D ( 'NONE', #35, #3468, #353 ) ;
#2089 = CARTESIAN_POINT ( 'NONE',  ( -0.6785249255070867600, 3.645833365718258900, 1.175240749714245200 ) ) ;
#2090 = CARTESIAN_POINT ( 'NONE',  ( -1.299038410897452900, -1.291666634281727300, -0.7499994713418116600 ) ) ;
#2091 = ORIENTED_EDGE ( 'NONE', *, *, #3582, .T. ) ;
#2092 = CARTESIAN_POINT ( 'NONE',  ( -6.104418189141906800E-007, 5.125000032384939200, -1.499999999999867700 ) ) ;
#2093 = CARTESIAN_POINT ( 'NONE',  ( -1.017788344815206500, -5.041666634281741100, -0.5876198225900811600 ) ) ;
#2094 = CARTESIAN_POINT ( 'NONE',  ( 4.782772877150562400E-007, -2.874999967615074600, 1.175240473580725100 ) ) ;
#2095 = EDGE_LOOP ( 'NONE', ( #160, #2340, #2565, #3786 ) ) ;
#2096 = CARTESIAN_POINT ( 'NONE',  ( 1.299038410897458200, -2.479166634281741600, 0.7499994713418155500 ) ) ;
#2097 = CARTESIAN_POINT ( 'NONE',  ( 1.017788344815205200, -4.229166634281741100, 0.5876198225900811600 ) ) ;
#2098 = CARTESIAN_POINT ( 'NONE',  ( -0.6785258820616632000, -4.583333300948408100, -1.175240197447204200 ) ) ;
#2099 = CARTESIAN_POINT ( 'NONE',  ( 1.017787866537918800, -2.208333300948407600, -0.5876206509906432000 ) ) ;
#2100 = CARTESIAN_POINT ( 'NONE',  ( -1.017787866537917900, 0.6041666990515923700, 0.5876206509906434200 ) ) ;
#2101 = CIRCLE ( 'NONE', #264, 3.166666666666690500 ) ;
#2102 = CARTESIAN_POINT ( 'NONE',  ( -0.8660260142261849700, -2.270833300948407600, -1.499999647561126400 ) ) ;
#2103 = CARTESIAN_POINT ( 'NONE',  ( -1.017787866537917900, 4.104166699051591900, 0.5876206509906434200 ) ) ;
#2104 = CARTESIAN_POINT ( 'NONE',  ( -1.732050807568724600, -1.749999967615060400, 7.048774965991616900E-007 ) ) ;
#2105 = CARTESIAN_POINT ( 'NONE',  ( 1.357050807568749500, -4.749999967615074100, -5.522670417802544300E-007 ) ) ;
#2106 = CARTESIAN_POINT ( 'NONE',  ( -0.8660260142261809700, 3.666666699051605700, -1.499999647561119500 ) ) ;
#2107 = CARTESIAN_POINT ( 'NONE',  ( -6.104418189141934300E-007, -4.312499967615074100, -1.499999999999874800 ) ) ;
#2108 = ORIENTED_EDGE ( 'NONE', *, *, #529, .T. ) ;
#2109 = CARTESIAN_POINT ( 'NONE',  ( 1.017787866537918800, -4.708333300948408100, -0.5876206509906432000 ) ) ;
#2110 = CARTESIAN_POINT ( 'NONE',  ( 0.6785258820616624200, -3.833333300948407200, 1.175240197447204400 ) ) ;
#2111 = CARTESIAN_POINT ( 'NONE',  ( 6.104418183075187900E-007, -2.562499967615075000, 1.499999999999874800 ) ) ;
#2112 = EDGE_CURVE ( 'NONE', #1822, #2624, #1030, .T. ) ;
#2113 = FACE_OUTER_BOUND ( 'NONE', #277, .T. ) ;
#2114 = CARTESIAN_POINT ( 'NONE',  ( 1.017787866537917900, -2.645833300948408100, -0.5876206509906427600 ) ) ;
#2115 = CARTESIAN_POINT ( 'NONE',  ( -0.6785258820616632000, -2.083333300948407200, -1.175240197447204200 ) ) ;
#2116 = CARTESIAN_POINT ( 'NONE',  ( 0.8660260142261841900, -1.520833300948407900, 1.499999647561126800 ) ) ;
#2117 = CARTESIAN_POINT ( 'NONE',  ( -0.6785249255070874300, -3.416666634281741100, 1.175240749714245900 ) ) ;
#2118 = CARTESIAN_POINT ( 'NONE',  ( -4.782772882819589800E-007, 2.437500032384925000, -1.175240473580724300 ) ) ;
#2119 = ORGANIZATION ( 'UNSPECIFIED', 'UNSPECIFIED', '' ) ;
#2120 = CARTESIAN_POINT ( 'NONE',  ( -1.357050807568750000, -4.999999967615075000, 5.522670419464452500E-007 ) ) ;
#2121 = CARTESIAN_POINT ( 'NONE',  ( 1.357050807568748400, 3.312500032384925400, -5.522670417802541100E-007 ) ) ;
#2122 = CARTESIAN_POINT ( 'NONE',  ( 6.104418183075160400E-007, -3.124999967615060400, 1.499999999999867700 ) ) ;
#2123 = CARTESIAN_POINT ( 'NONE',  ( -1.017787866537918800, -4.458333300948408100, 0.5876206509906438700 ) ) ;
#2124 = CARTESIAN_POINT ( 'NONE',  ( 0.8660247933425441200, 3.583333365718272700, -1.500000352438615800 ) ) ;
#2125 = CIRCLE ( 'NONE', #348, 1.600000000000000100 ) ;
#2126 = AXIS2_PLACEMENT_3D ( 'NONE', #1901, #3477, #933 ) ;
#2127 = CARTESIAN_POINT ( 'NONE',  ( -1.017787866537918800, -6.458333300948408100, 0.5876206509906438700 ) ) ;
#2128 = CARTESIAN_POINT ( 'NONE',  ( 1.017788344815205900, -4.291666634281741100, 0.5876198225900816100 ) ) ;
#2129 = CARTESIAN_POINT ( 'NONE',  ( -0.8660247933425441200, 2.333333365718273100, 1.500000352438615800 ) ) ;
#2130 = CARTESIAN_POINT ( 'NONE',  ( -1.732050807568732900, -2.187499967615075000, 7.048774965991651900E-007 ) ) ;
#2131 = CARTESIAN_POINT ( 'NONE',  ( 0.6785258820616618700, -2.770833300948407600, 1.175240197447203500 ) ) ;
#2132 = CARTESIAN_POINT ( 'NONE',  ( -0.6785258820616632000, -1.083333300948408300, -1.175240197447204200 ) ) ;
#2133 = DIRECTION ( 'NONE',  ( -3.524813029019029000E-017, -1.000000000000000000, -0.0000000000000000000 ) ) ;
#2134 = CARTESIAN_POINT ( 'NONE',  ( 4.782772877150562400E-007, 0.1250000323849255700, 1.175240473580725100 ) ) ;
#2135 = CARTESIAN_POINT ( 'NONE',  ( 1.017788344815205200, 3.270833365718258400, 0.5876198225900811600 ) ) ;
#2136 = CARTESIAN_POINT ( 'NONE',  ( 1.732050807568724200, -2.999999967615060400, -7.048774963870467500E-007 ) ) ;
#2137 = CARTESIAN_POINT ( 'NONE',  ( -0.6785249255070874300, -4.416666634281742000, 1.175240749714245900 ) ) ;
#2138 = CARTESIAN_POINT ( 'NONE',  ( 1.299038410897452200, 5.458333365718272200, 0.7499994713418120000 ) ) ;
#2139 = CARTESIAN_POINT ( 'NONE',  ( 1.357050807568749500, -5.249999967615074100, -5.522670417802544300E-007 ) ) ;
#2140 = CARTESIAN_POINT ( 'NONE',  ( 1.357050807568749500, -0.7499999676150743700, -5.522670417802544300E-007 ) ) ;
#2141 = CARTESIAN_POINT ( 'NONE',  ( 1.299037800455634700, -5.458333300948393900, -0.7500005286580553300 ) ) ;
#2142 = VERTEX_POINT ( 'NONE', #406 ) ;
#2143 = CARTESIAN_POINT ( 'NONE',  ( -1.299038410897452900, 1.208333365718273100, -0.7499994713418116600 ) ) ;
#2144 = CARTESIAN_POINT ( 'NONE',  ( 1.732050807568732200, -3.437499967615074600, -7.048774963870500300E-007 ) ) ;
#2145 = CARTESIAN_POINT ( 'NONE',  ( 0.6785249255070866500, -4.604166634281741100, -1.175240749714244700 ) ) ;
#2146 = EDGE_LOOP ( 'NONE', ( #17, #3917, #1371, #373 ) ) ;
#2147 = CARTESIAN_POINT ( 'NONE',  ( -1.017788344815206500, -0.04166663428174094400, -0.5876198225900811600 ) ) ;
#2148 =( BOUNDED_CURVE ( )  B_SPLINE_CURVE ( 2, ( #3269, #1126, #2080, #2948, #3297, #3330, #2374, #2626, #2036 ),
 .UNSPECIFIED., .F., .F. ) 
 B_SPLINE_CURVE_WITH_KNOTS ( ( 3, 2, 2, 2, 3 ),
 ( 0.2946428548827382300, 0.2976190476190476200, 0.3035714285714285500, 0.3095238095238095300, 0.3124999977398810700 ),
 .UNSPECIFIED. ) 
 CURVE ( )  GEOMETRIC_REPRESENTATION_ITEM ( )  RATIONAL_B_SPLINE_CURVE ( ( 0.9330127018922580500, 0.9330126510220679800, 1.000000000000000000, 0.8660254037844387100, 1.000000000000000000, 0.8660254037844387100, 1.000000000000000000, 0.9330127527623708300, 0.9330127018922580500 ) ) 
 REPRESENTATION_ITEM ( '' )  );
#2149 = CARTESIAN_POINT ( 'NONE',  ( 1.357050807568749500, 1.250000032384925600, -5.522670417802544300E-007 ) ) ;
#2150 = CARTESIAN_POINT ( 'NONE',  ( -1.299037800455640400, 2.354166699051592400, 0.7500005286580595500 ) ) ;
#2151 = CARTESIAN_POINT ( 'NONE',  ( 4.782772877150559200E-007, 5.687500032384924100, 1.175240473580724300 ) ) ;
#2152 = CARTESIAN_POINT ( 'NONE',  ( 0.8660247933425441200, 0.08333336571827304500, -1.500000352438615800 ) ) ;
#2153 = CARTESIAN_POINT ( 'NONE',  ( -1.732050807568724600, 4.250000032384939200, 7.048774965991616900E-007 ) ) ;
#2154 = ORIENTED_EDGE ( 'NONE', *, *, #2528, .T. ) ;
#2155 = CARTESIAN_POINT ( 'NONE',  ( -1.299038410897458900, -4.229166634281741100, -0.7499994713418151000 ) ) ;
#2156 = CARTESIAN_POINT ( 'NONE',  ( 1.357050807568748400, -3.687499967615074100, -5.522670417802541100E-007 ) ) ;
#2157 = CARTESIAN_POINT ( 'NONE',  ( 1.017788344815205900, 0.7083333657182588900, 0.5876198225900816100 ) ) ;
#2158 = CARTESIAN_POINT ( 'NONE',  ( 0.6785258820616618700, 7.229166699051591000, 1.175240197447203500 ) ) ;
#2159 = CARTESIAN_POINT ( 'NONE',  ( 1.299038410897452200, 2.458333365718273500, 0.7499994713418120000 ) ) ;
#2160 = CARTESIAN_POINT ( 'NONE',  ( -0.8660247933425482300, -0.6041666342817414400, 1.500000352438622500 ) ) ;
#2161 = CARTESIAN_POINT ( 'NONE',  ( 1.357050807568748400, -4.187499967615074100, -5.522670417802541100E-007 ) ) ;
#2162 = CARTESIAN_POINT ( 'NONE',  ( -0.6785249255070874300, -0.4166666342817412800, 1.175240749714245900 ) ) ;
#2163 = EDGE_LOOP ( 'NONE', ( #1566, #3099, #1611, #2584 ) ) ;
#2164 = CARTESIAN_POINT ( 'NONE',  ( 1.499999999999996700, -1.459829082723614000, 0.4019234615119201500 ) ) ;
#2165 = CARTESIAN_POINT ( 'NONE',  ( -0.6785249255070874300, 1.583333365718258900, 1.175240749714245900 ) ) ;
#2166 = CARTESIAN_POINT ( 'NONE',  ( -1.732050807568732900, 3.312500032384925400, 7.048774965991651900E-007 ) ) ;
#2167 = CARTESIAN_POINT ( 'NONE',  ( 1.017788344815205200, 6.270833365718259800, 0.5876198225900811600 ) ) ;
#2168 = VERTEX_POINT ( 'NONE', #3250 ) ;
#2169 = CARTESIAN_POINT ( 'NONE',  ( 1.299038410897452200, 7.458333365718273100, 0.7499994713418120000 ) ) ;
#2170 = CARTESIAN_POINT ( 'NONE',  ( -1.357050807568749100, -3.937499967615074600, 5.522670419464448300E-007 ) ) ;
#2171 = LINE ( 'NONE', #773, #477 ) ;
#2172 = CARTESIAN_POINT ( 'NONE',  ( 0.6785249255070872100, 0.8333333657182590000, -1.175240749714245600 ) ) ;
#2173 = CARTESIAN_POINT ( 'NONE',  ( -1.017788344815205900, 6.520833365718258000, -0.5876198225900807200 ) ) ;
#2174 = CARTESIAN_POINT ( 'NONE',  ( 6.104418183075160400E-007, 2.875000032384939200, 1.499999999999867700 ) ) ;
#2175 = CARTESIAN_POINT ( 'NONE',  ( -0.8660247933425482300, -0.1041666342817410100, 1.500000352438622500 ) ) ;
#2176 = EDGE_CURVE ( 'NONE', #929, #2046, #262, .T. ) ;
#2177 = CARTESIAN_POINT ( 'NONE',  ( -4.782772882819589800E-007, -1.562499967615074100, -1.175240473580724300 ) ) ;
#2178 = CARTESIAN_POINT ( 'NONE',  ( -0.6785258820616632000, -0.08333330094840822600, -1.175240197447204200 ) ) ;
#2179 = DIRECTION ( 'NONE',  ( 1.000000000000000000, 0.0000000000000000000, 0.0000000000000000000 ) ) ;
#2180 = CARTESIAN_POINT ( 'NONE',  ( -0.6785258820616632000, 0.4166666990515922000, -1.175240197447204200 ) ) ;
#2181 = CARTESIAN_POINT ( 'NONE',  ( -6.104418189141934300E-007, 2.187500032384925000, -1.499999999999874800 ) ) ;
#2182 = CARTESIAN_POINT ( 'NONE',  ( 1.299037800455634700, 6.041666699051606100, -0.7500005286580553300 ) ) ;
#2183 = CARTESIAN_POINT ( 'NONE',  ( 1.788923619507585200E-015, 7.999999999999986700, 0.0000000000000000000 ) ) ;
#2184 = PRODUCT_DEFINITION_FORMATION_WITH_SPECIFIED_SOURCE ( 'ANY', '', #1076, .NOT_KNOWN. ) ;
#2185 = CARTESIAN_POINT ( 'NONE',  ( 0.6785249255070866500, -2.104166634281741100, -1.175240749714245000 ) ) ;
#2186 = CARTESIAN_POINT ( 'NONE',  ( -0.6785249255070874300, -0.9166666342817408900, 1.175240749714245900 ) ) ;
#2187 = CARTESIAN_POINT ( 'NONE',  ( 0.6785249255070866500, 6.895833365718258900, -1.175240749714245000 ) ) ;
#2188 = CARTESIAN_POINT ( 'NONE',  ( 0.8660247933425441200, 2.583333365718273100, -1.500000352438615800 ) ) ;
#2189 = CARTESIAN_POINT ( 'NONE',  ( 1.299037800455640400, -0.8958333009484080700, -0.7500005286580587700 ) ) ;
#2190 = CARTESIAN_POINT ( 'NONE',  ( 4.782772877150559200E-007, 0.1875000323849256300, 1.175240473580724300 ) ) ;
#2191 = CARTESIAN_POINT ( 'NONE',  ( -6.104418189141934300E-007, -3.312499967615074600, -1.499999999999874800 ) ) ;
#2192 = CARTESIAN_POINT ( 'NONE',  ( 1.017787866537918800, 0.7916666990515917000, -0.5876206509906432000 ) ) ;
#2193 = CARTESIAN_POINT ( 'NONE',  ( 6.104418183075187900E-007, 2.437500032384925000, 1.499999999999874800 ) ) ;
#2194 = VERTEX_POINT ( 'NONE', #1766 ) ;
#2195 = CARTESIAN_POINT ( 'NONE',  ( -1.299038410897452900, 6.708333365718272200, -0.7499994713418116600 ) ) ;
#2196 = EDGE_CURVE ( 'NONE', #3925, #1448, #1826, .T. ) ;
#2197 = CARTESIAN_POINT ( 'NONE',  ( -0.6785249255070867600, -1.854166634281740700, 1.175240749714245200 ) ) ;
#2198 = CARTESIAN_POINT ( 'NONE',  ( 4.782772877150562400E-007, 0.1250000323849255700, 1.175240473580725100 ) ) ;
#2199 = EDGE_LOOP ( 'NONE', ( #365, #1266, #3084, #3374 ) ) ;
#2200 = CARTESIAN_POINT ( 'NONE',  ( 1.299038410897458200, -4.979166634281741100, 0.7499994713418155500 ) ) ;
#2201 = CARTESIAN_POINT ( 'NONE',  ( 0.8660260142261843000, -0.5208333009484077400, 1.499999647561126800 ) ) ;
#2202 = CARTESIAN_POINT ( 'NONE',  ( -1.017788344815205900, 0.02083336571825911100, -0.5876198225900807200 ) ) ;
#2203 = ADVANCED_FACE ( 'NONE', ( #3337 ), #61, .T. ) ;
#2204 = CARTESIAN_POINT ( 'NONE',  ( -1.499999999999999100, -4.687500001528509800, -2.411242101361245900E-015 ) ) ;
#2205 = ORIENTED_EDGE ( 'NONE', *, *, #2594, .T. ) ;
#2206 = CARTESIAN_POINT ( 'NONE',  ( -1.357050807568750000, 3.000000032384925400, 5.522670419464453600E-007 ) ) ;
#2207 = CARTESIAN_POINT ( 'NONE',  ( -0.8660247933425482300, 1.895833365718259100, 1.500000352438622500 ) ) ;
#2208 = AXIS2_PLACEMENT_3D ( 'NONE', #2928, #2942, #3264 ) ;
#2209 = CARTESIAN_POINT ( 'NONE',  ( 1.299037800455634700, 7.541666699051605200, -0.7500005286580553300 ) ) ;
#2210 = CARTESIAN_POINT ( 'NONE',  ( 1.499999999999998400, -5.437500001528508900, -9.005843993035976600E-016 ) ) ;
#2211 = CIRCLE ( 'NONE', #3991, 3.166666666666688300 ) ;
#2212 = CARTESIAN_POINT ( 'NONE',  ( 4.782772877150559200E-007, -3.312499967615074600, 1.175240473580724300 ) ) ;
#2213 = CARTESIAN_POINT ( 'NONE',  ( 4.782772877150562400E-007, 2.125000032384925000, 1.175240473580725100 ) ) ;
#2214 = CARTESIAN_POINT ( 'NONE',  ( -1.299038410897458900, -1.729166634281741600, -0.7499994713418151000 ) ) ;
#2215 = VERTEX_POINT ( 'NONE', #3554 ) ;
#2216 = CARTESIAN_POINT ( 'NONE',  ( -1.017787866537917900, -1.395833300948407600, 0.5876206509906434200 ) ) ;
#2217 = CARTESIAN_POINT ( 'NONE',  ( -0.3770235027541150600, 0.3981521392904566700, -1.175240320146977900 ) ) ;
#2218 = CARTESIAN_POINT ( 'NONE',  ( 0.6785258820616624200, 2.166666699051591900, 1.175240197447204400 ) ) ;
#2219 = CYLINDRICAL_SURFACE ( 'NONE', #849, 1.499999999999996000 ) ;
#2220 = CARTESIAN_POINT ( 'NONE',  ( -0.8660247933425482300, 4.895833365718258000, 1.500000352438622500 ) ) ;
#2221 = CARTESIAN_POINT ( 'NONE',  ( 1.299037800455634700, 7.041666699051607000, -0.7500005286580553300 ) ) ;
#2222 = DIRECTION ( 'NONE',  ( 5.356182135569786000E-016, 1.000000000000000000, -0.0000000000000000000 ) ) ;
#2223 = CARTESIAN_POINT ( 'NONE',  ( -1.017788344815205900, 0.02083336571825911100, -0.5876198225900807200 ) ) ;
#2224 = CARTESIAN_POINT ( 'NONE',  ( -1.357050807568750000, 2.500000032384925000, 5.522670419464453600E-007 ) ) ;
#2225 = CARTESIAN_POINT ( 'NONE',  ( 2.333333333333350400, 0.8333333333333041700, 0.0000000000000000000 ) ) ;
#2226 = DIRECTION ( 'NONE',  ( -6.237853260653827600E-016, 1.000000000000000000, -0.0000000000000000000 ) ) ;
#2227 = EDGE_CURVE ( 'NONE', #2882, #3304, #3284, .T. ) ;
#2228 = CIRCLE ( 'NONE', #2946, 1.124999999999995800 ) ;
#2229 = CARTESIAN_POINT ( 'NONE',  ( 1.357050807568748400, -1.187499967615074800, -5.522670417802541100E-007 ) ) ;
#2230 = CARTESIAN_POINT ( 'NONE',  ( -1.499999999999998200, -4.709829082723612900, -0.4019234615119181600 ) ) ;
#2231 = CARTESIAN_POINT ( 'NONE',  ( 0.6785249255070872100, 3.333333365718258400, -1.175240749714245600 ) ) ;
#2232 = CARTESIAN_POINT ( 'NONE',  ( 1.732050807568732200, 5.562500032384924100, -7.048774963870500300E-007 ) ) ;
#2233 = CARTESIAN_POINT ( 'NONE',  ( -4.782772882819589800E-007, -5.062499967615075000, -1.175240473580724300 ) ) ;
#2234 = CARTESIAN_POINT ( 'NONE',  ( 1.017787866537917900, 0.8541666990515917000, -0.5876206509906427600 ) ) ;
#2235 = CARTESIAN_POINT ( 'NONE',  ( -0.6785249255070874300, 3.583333365718258900, 1.175240749714245900 ) ) ;
#2236 = DIRECTION ( 'NONE',  ( -3.524813029019029000E-017, -1.000000000000000000, -0.0000000000000000000 ) ) ;
#2237 = CARTESIAN_POINT ( 'NONE',  ( 0.8660260142261802000, -2.583333300948393400, 1.499999647561119900 ) ) ;
#2238 = ADVANCED_FACE ( 'NONE', ( #116 ), #2399, .T. ) ;
#2239 = ORIENTED_EDGE ( 'NONE', *, *, #3350, .T. ) ;
#2240 = CARTESIAN_POINT ( 'NONE',  ( -1.398403791921659000, 0.2015962080783417200, 0.1728505032233700100 ) ) ;
#2241 = CARTESIAN_POINT ( 'NONE',  ( 1.017787866537918800, 4.291666699051591900, -0.5876206509906432000 ) ) ;
#2242 = ORIENTED_EDGE ( 'NONE', *, *, #739, .T. ) ;
#2243 = CARTESIAN_POINT ( 'NONE',  ( -1.299037800455640400, 4.354166699051591900, 0.7500005286580595500 ) ) ;
#2244 = CARTESIAN_POINT ( 'NONE',  ( -0.6785249255070867600, -3.354166634281740700, 1.175240749714245200 ) ) ;
#2245 = EDGE_CURVE ( 'NONE', #3834, #224, #3605, .T. ) ;
#2246 = CARTESIAN_POINT ( 'NONE',  ( -1.017787866537917900, -1.395833300948407600, 0.5876206509906434200 ) ) ;
#2247 = CARTESIAN_POINT ( 'NONE',  ( -1.017787866537918800, 3.541666699051591500, 0.5876206509906438700 ) ) ;
#2248 = CARTESIAN_POINT ( 'NONE',  ( 1.299038410897452200, -2.541666634281726900, 0.7499994713418120000 ) ) ;
#2249 = CARTESIAN_POINT ( 'NONE',  ( -1.499999999999998900, -5.187500001528508000, -5.810221930990954100E-016 ) ) ;
#2250 = CARTESIAN_POINT ( 'NONE',  ( -1.175240473580822000, -5.949759526419176000, 0.2499629148298837300 ) ) ;
#2251 = CARTESIAN_POINT ( 'NONE',  ( 1.017788344815205900, 1.708333365718258900, 0.5876198225900816100 ) ) ;
#2252 = CARTESIAN_POINT ( 'NONE',  ( 1.299038410897458200, -2.979166634281741600, 0.7499994713418155500 ) ) ;
#2253 = CARTESIAN_POINT ( 'NONE',  ( 6.104418183075187900E-007, 4.437500032384925000, 1.499999999999874800 ) ) ;
#2254 = FACE_OUTER_BOUND ( 'NONE', #1276, .T. ) ;
#2255 = AXIS2_PLACEMENT_3D ( 'NONE', #1800, #455, #3420 ) ;
#2256 = CARTESIAN_POINT ( 'NONE',  ( -0.6785258820616625300, -5.520833300948408100, -1.175240197447203300 ) ) ;
#2257 = CARTESIAN_POINT ( 'NONE',  ( 1.017787866537917900, -1.145833300948407400, -0.5876206509906427600 ) ) ;
#2258 = ORIENTED_EDGE ( 'NONE', *, *, #493, .T. ) ;
#2259 = CARTESIAN_POINT ( 'NONE',  ( 0.6785258820616624200, 2.666666699051592800, 1.175240197447204400 ) ) ;
#2260 = CARTESIAN_POINT ( 'NONE',  ( 1.499999999999991600, -0.5000000015284947800, -9.005843993035976600E-016 ) ) ;
#2261 = CARTESIAN_POINT ( 'NONE',  ( 1.299037800455640400, -0.8958333009484080700, -0.7500005286580587700 ) ) ;
#2262 = CARTESIAN_POINT ( 'NONE',  ( -3.460191456820336100E-016, -5.999999999999998200, 0.0000000000000000000 ) ) ;
#2263 = CARTESIAN_POINT ( 'NONE',  ( 1.499999999999991600, -1.000000001528495100, 6.594601891674731900E-015 ) ) ;
#2264 = LINE ( 'NONE', #957, #2407 ) ;
#2265 = DIRECTION ( 'NONE',  ( -1.000000000000000000, 4.336808689941986200E-016, 0.0000000000000000000 ) ) ;
#2266 = CARTESIAN_POINT ( 'NONE',  ( 1.017787866537918800, 6.291666699051591900, -0.5876206509906432000 ) ) ;
#2267 = CARTESIAN_POINT ( 'NONE',  ( 0.8660260142261802000, -1.583333300948393900, 1.499999647561119900 ) ) ;
#2268 = CARTESIAN_POINT ( 'NONE',  ( -1.732050807568732900, 5.312500032384925900, 7.048774965991651900E-007 ) ) ;
#2269 =( BOUNDED_CURVE ( )  B_SPLINE_CURVE ( 2, ( #1725, #2032, #2335, #2286, #442, #1061, #723, #396, #3572 ),
 .UNSPECIFIED., .F., .F. ) 
 B_SPLINE_CURVE_WITH_KNOTS ( ( 3, 2, 2, 2, 3 ),
 ( 0.4732142834541667700, 0.4761904761904761600, 0.4821428571428571500, 0.4880952380952380800, 0.4910714263113096200 ),
 .UNSPECIFIED. ) 
 CURVE ( )  GEOMETRIC_REPRESENTATION_ITEM ( )  RATIONAL_B_SPLINE_CURVE ( ( 0.9330127018922580500, 0.9330126510220679800, 1.000000000000000000, 0.8660254037844387100, 1.000000000000000000, 0.8660254037844387100, 1.000000000000000000, 0.9330127527623713900, 0.9330127018922580500 ) ) 
 REPRESENTATION_ITEM ( '' )  );
#2270 = CARTESIAN_POINT ( 'NONE',  ( 1.017788344815205200, -4.729166634281741100, 0.5876198225900811600 ) ) ;
#2271 = CARTESIAN_POINT ( 'NONE',  ( -1.357050807568749100, -1.437499967615073900, 5.522670419464448300E-007 ) ) ;
#2272 = CARTESIAN_POINT ( 'NONE',  ( -1.017787866537918800, 5.041666699051591000, 0.5876206509906438700 ) ) ;
#2273 = DIRECTION ( 'NONE',  ( -3.524813029019029000E-017, -1.000000000000000000, -0.0000000000000000000 ) ) ;
#2274 = CARTESIAN_POINT ( 'NONE',  ( 6.104418183075160400E-007, -6.124999967615059900, 1.499999999999867700 ) ) ;
#2275 = CARTESIAN_POINT ( 'NONE',  ( -1.299038410897452900, -4.291666634281727800, -0.7499994713418116600 ) ) ;
#2276 = CARTESIAN_POINT ( 'NONE',  ( -1.180836333650994200, -5.939958633473100500, -0.1159175165788633700 ) ) ;
#2277 = DIRECTION ( 'NONE',  ( 1.000000000000000000, 0.0000000000000000000, 0.0000000000000000000 ) ) ;
#2278 = CARTESIAN_POINT ( 'NONE',  ( -1.357050807568750000, 5.000000032384925900, 5.522670419464453600E-007 ) ) ;
#2279 = CARTESIAN_POINT ( 'NONE',  ( -1.303749790715960400E-016, 4.416666666666638500, 0.0000000000000000000 ) ) ;
#2280 = CARTESIAN_POINT ( 'NONE',  ( -1.299037800455640400, 6.354166699051591900, 0.7500005286580595500 ) ) ;
#2281 = CARTESIAN_POINT ( 'NONE',  ( 1.357050807568748400, -4.687499967615074100, -5.522670417802541100E-007 ) ) ;
#2282 = CARTESIAN_POINT ( 'NONE',  ( 0.6785249255070866500, 2.395833365718259300, -1.175240749714245000 ) ) ;
#2283 = CARTESIAN_POINT ( 'NONE',  ( -4.782772882819593000E-007, 4.375000032384925000, -1.175240473580725100 ) ) ;
#2284 = EDGE_LOOP ( 'NONE', ( #2788, #2542, #1562, #1624, #33, #1009, #3222, #2380 ) ) ;
#2285 = CARTESIAN_POINT ( 'NONE',  ( -1.499999999999993800, -1.227670883985080500, 0.4019241157814813500 ) ) ;
#2286 = CARTESIAN_POINT ( 'NONE',  ( -0.8660247933425482300, -0.1041666342817410100, 1.500000352438622300 ) ) ;
#2287 = EDGE_LOOP ( 'NONE', ( #4078, #511, #1877, #55 ) ) ;
#2288 = CARTESIAN_POINT ( 'NONE',  ( 0.6785249255070872100, 5.833333365718258000, -1.175240749714245600 ) ) ;
#2289 =( NAMED_UNIT ( * ) PLANE_ANGLE_UNIT ( ) SI_UNIT ( $, .RADIAN. ) );
#2290 = CARTESIAN_POINT ( 'NONE',  ( -0.9749113045201711600, -5.705304023245028100, -1.035954456866395900 ) ) ;
#2291 = ORIENTED_EDGE ( 'NONE', *, *, #1300, .T. ) ;
#2292 = CARTESIAN_POINT ( 'NONE',  ( 1.357050807568748400, -1.687499967615074400, -5.522670417802541100E-007 ) ) ;
#2293 = EDGE_CURVE ( 'NONE', #3558, #1803, #229, .T. ) ;
#2294 = CARTESIAN_POINT ( 'NONE',  ( -1.017788344815206500, 4.958333365718258000, -0.5876198225900811600 ) ) ;
#2295 = CARTESIAN_POINT ( 'NONE',  ( -1.499999999999998900, -0.1875000015285089600, 1.307299934472964400E-015 ) ) ;
#2296 = DIRECTION ( 'NONE',  ( -6.237853260653827600E-016, 1.000000000000000000, 0.0000000000000000000 ) ) ;
#2297 = CARTESIAN_POINT ( 'NONE',  ( 1.299038410897452200, -5.541666634281726900, 0.7499994713418120000 ) ) ;
#2298 = CARTESIAN_POINT ( 'NONE',  ( 1.499999999999991800, -4.000000001528494700, 2.817957636530612800E-015 ) ) ;
#2299 = CARTESIAN_POINT ( 'NONE',  ( -1.499999999999992000, -4.772329082723600500, -0.4019234615119154400 ) ) ;
#2300 = CARTESIAN_POINT ( 'NONE',  ( 0.6785249255070872100, 5.333333365718258000, -1.175240749714245600 ) ) ;
#2301 = ORIENTED_EDGE ( 'NONE', *, *, #338, .F. ) ;
#2302 = CARTESIAN_POINT ( 'NONE',  ( 0.5519471343057490400, -5.764632760532982100, -1.246672460035699500 ) ) ;
#2303 = FACE_OUTER_BOUND ( 'NONE', #2095, .T. ) ;
#2304 = CARTESIAN_POINT ( 'NONE',  ( 1.357050807568748400, -1.187499967615074800, -5.522670417802541100E-007 ) ) ;
#2305 = CARTESIAN_POINT ( 'NONE',  ( -4.782772882819593000E-007, 4.875000032384925900, -1.175240473580725100 ) ) ;
#2306 = CARTESIAN_POINT ( 'NONE',  ( 0.3395479773156233100, 0.4187402804877077300, -1.140380148590820700 ) ) ;
#2307 = CYLINDRICAL_SURFACE ( 'NONE', #764, 3.166666666666691800 ) ;
#2308 = CARTESIAN_POINT ( 'NONE',  ( -1.299038410897458900, -1.229166634281741100, -0.7499994713418151000 ) ) ;
#2309 = CARTESIAN_POINT ( 'NONE',  ( -1.499999999999992000, -1.250000001528495100, -6.187886356505365400E-015 ) ) ;
#2310 = APPROVAL_PERSON_ORGANIZATION ( #543, #504, #460 ) ;
#2311 = DIRECTION ( 'NONE',  ( 3.524813029019035100E-017, 1.000000000000000000, 0.0000000000000000000 ) ) ;
#2312 = FACE_OUTER_BOUND ( 'NONE', #2611, .T. ) ;
#2313 = CARTESIAN_POINT ( 'NONE',  ( -4.782772882819593000E-007, 4.375000032384925000, -1.175240473580725100 ) ) ;
#2314 =( BOUNDED_CURVE ( )  B_SPLINE_CURVE ( 2, ( #2502, #1896, #3795, #1919, #1931, #15, #2808, #2230, #2204 ),
 .UNSPECIFIED., .F., .F. ) 
 B_SPLINE_CURVE_WITH_KNOTS ( ( 3, 2, 2, 2, 3 ),
 ( 0.1339285691684525000, 0.1369047619047619200, 0.1428571428571428500, 0.1488095238095238100, 0.1517857120255953500 ),
 .UNSPECIFIED. ) 
 CURVE ( )  GEOMETRIC_REPRESENTATION_ITEM ( )  RATIONAL_B_SPLINE_CURVE ( ( 0.9330127018922579300, 0.9330126510220675400, 1.000000000000000000, 0.8660254037844387100, 1.000000000000000000, 0.8660254037844387100, 1.000000000000000000, 0.9330127527623710600, 0.9330127018922579300 ) ) 
 REPRESENTATION_ITEM ( '' )  );
#2315 = CARTESIAN_POINT ( 'NONE',  ( 1.499999999999990700, -3.022329082723599600, 0.4019234615119165500 ) ) ;
#2316 = CARTESIAN_POINT ( 'NONE',  ( -0.9037020037254788200, -5.708662944026277900, -1.094297116105025900 ) ) ;
#2317 = EDGE_CURVE ( 'NONE', #2046, #4018, #79, .T. ) ;
#2318 = CARTESIAN_POINT ( 'NONE',  ( -0.6785249255070867600, -2.854166634281741600, 1.175240749714245200 ) ) ;
#2319 = CARTESIAN_POINT ( 'NONE',  ( 1.357050807568749500, 6.250000032384925000, -5.522670417802544300E-007 ) ) ;
#2320 = CARTESIAN_POINT ( 'NONE',  ( 0.6785249255070866500, -6.104166634281740200, -1.175240749714245000 ) ) ;
#2321 = CARTESIAN_POINT ( 'NONE',  ( 1.299038410897452200, -5.541666634281726900, 0.7499994713418120000 ) ) ;
#2322 = CARTESIAN_POINT ( 'NONE',  ( 1.499999999999998400, -2.937500001528508900, -9.005843993035976600E-016 ) ) ;
#2323 = CARTESIAN_POINT ( 'NONE',  ( 1.357050807568748400, 6.312500032384925900, -5.522670417802541100E-007 ) ) ;
#2324 = CARTESIAN_POINT ( 'NONE',  ( 0.6785249255070872100, 7.333333365718258900, -1.175240749714245600 ) ) ;
#2325 = AXIS2_PLACEMENT_3D ( 'NONE', #424, #3256, #385 ) ;
#2326 = VERTEX_POINT ( 'NONE', #2051 ) ;
#2327 = CARTESIAN_POINT ( 'NONE',  ( -1.499999999999999100, -4.687500001528509800, -2.411242101361245900E-015 ) ) ;
#2328 = CARTESIAN_POINT ( 'NONE',  ( -0.8660247933425482300, 6.395833365718257100, 1.500000352438622500 ) ) ;
#2329 = CARTESIAN_POINT ( 'NONE',  ( -1.017788344815205900, -1.979166634281740900, -0.5876198225900807200 ) ) ;
#2330 = ORIENTED_EDGE ( 'NONE', *, *, #412, .T. ) ;
#2331 = CARTESIAN_POINT ( 'NONE',  ( -1.017788344815206500, 6.458333365718258000, -0.5876198225900811600 ) ) ;
#2332 = CARTESIAN_POINT ( 'NONE',  ( -4.782772882819589800E-007, -4.562499967615074100, -1.175240473580724300 ) ) ;
#2333 = CARTESIAN_POINT ( 'NONE',  ( 0.8660247933425441200, -5.916666634281726900, -1.500000352438615800 ) ) ;
#2334 = CARTESIAN_POINT ( 'NONE',  ( -3.166666666666686500, 4.416666666666636800, 0.0000000000000000000 ) ) ;
#2335 = CARTESIAN_POINT ( 'NONE',  ( -1.299037800455640400, -0.1458333009484083000, 0.7500005286580595500 ) ) ;
#2336 = CARTESIAN_POINT ( 'NONE',  ( 4.782772877150559200E-007, 6.687500032384925000, 1.175240473580724300 ) ) ;
#2337 = CARTESIAN_POINT ( 'NONE',  ( -3.460191456820337600E-016, -6.000000000000001800, 0.0000000000000000000 ) ) ;
#2338 = CARTESIAN_POINT ( 'NONE',  ( 1.732050807568732200, -5.437499967615074100, -7.048774963870500300E-007 ) ) ;
#2339 = CARTESIAN_POINT ( 'NONE',  ( 0.6785249255070866500, 0.3958333657182585600, -1.175240749714245000 ) ) ;
#2340 = ORIENTED_EDGE ( 'NONE', *, *, #1959, .F. ) ;
#2341 = CARTESIAN_POINT ( 'NONE',  ( 1.104116226619530600, 0.3770872440473570000, -0.5445301587460282800 ) ) ;
#2342 = CARTESIAN_POINT ( 'NONE',  ( -0.6785249255070867600, 2.145833365718259300, 1.175240749714245200 ) ) ;
#2343 = CARTESIAN_POINT ( 'NONE',  ( -1.299038410897452900, -3.791666634281726900, -0.7499994713418116600 ) ) ;
#2344 = CARTESIAN_POINT ( 'NONE',  ( -0.0003310628808657061900, 0.3072115526788644100, -1.296373254095128500 ) ) ;
#2345 = ORIENTED_EDGE ( 'NONE', *, *, #3162, .T. ) ;
#2346 = CARTESIAN_POINT ( 'NONE',  ( -0.6785258820616625300, 4.979166699051591900, -1.175240197447203300 ) ) ;
#2347 = DIRECTION ( 'NONE',  ( 3.524813029019035100E-017, 1.000000000000000000, 0.0000000000000000000 ) ) ;
#2348 = CARTESIAN_POINT ( 'NONE',  ( -1.299038410897458900, -6.229166634281741100, -0.7499994713418151000 ) ) ;
#2349 = CONICAL_SURFACE ( 'NONE', #3470, 1.124999999999995800, 0.7853981633974456100 ) ;
#2350 = CARTESIAN_POINT ( 'NONE',  ( -0.6785249255070874300, -3.916666634281741100, 1.175240749714245900 ) ) ;
#2351 = CARTESIAN_POINT ( 'NONE',  ( 0.6785258820616618700, 1.729166699051591700, 1.175240197447203500 ) ) ;
#2352 = CARTESIAN_POINT ( 'NONE',  ( 1.017788344815205900, 7.208333365718258900, 0.5876198225900816100 ) ) ;
#2353 = CARTESIAN_POINT ( 'NONE',  ( -1.017788344815205900, 1.020833365718259100, -0.5876198225900807200 ) ) ;
#2354 = CARTESIAN_POINT ( 'NONE',  ( 0.8660247933425441200, -4.916666634281727800, -1.500000352438615800 ) ) ;
#2355 = CARTESIAN_POINT ( 'NONE',  ( 1.357050807568749500, -5.749999967615074100, -5.522670417802544300E-007 ) ) ;
#2356 = CARTESIAN_POINT ( 'NONE',  ( -0.8660247933425482300, -2.104166634281741100, 1.500000352438622300 ) ) ;
#2357 = CARTESIAN_POINT ( 'NONE',  ( -0.6785249255070867600, 6.645833365718258900, 1.175240749714245200 ) ) ;
#2358 = CARTESIAN_POINT ( 'NONE',  ( 0.8660247933425482300, -5.854166634281741100, -1.500000352438622500 ) ) ;
#2359 = CARTESIAN_POINT ( 'NONE',  ( -4.782772882819589800E-007, -5.062499967615075000, -1.175240473580724300 ) ) ;
#2360 = CARTESIAN_POINT ( 'NONE',  ( -0.6785249255070874300, -3.416666634281741100, 1.175240749714245900 ) ) ;
#2361 = EDGE_CURVE ( 'NONE', #2957, #2375, #2148, .T. ) ;
#2362 = CARTESIAN_POINT ( 'NONE',  ( 0.6785258820616624200, -2.333333300948407600, 1.175240197447204400 ) ) ;
#2363 = CARTESIAN_POINT ( 'NONE',  ( 0.6785258820616618700, -0.2708333009484075200, 1.175240197447203500 ) ) ;
#2364 = CARTESIAN_POINT ( 'NONE',  ( -1.409193923883377500, 0.1908060761166235900, -0.1140839754228175500 ) ) ;
#2365 = CARTESIAN_POINT ( 'NONE',  ( 1.357050807568748400, -4.687499967615074100, -5.522670417802541100E-007 ) ) ;
#2366 = CARTESIAN_POINT ( 'NONE',  ( -1.357050807568749100, 3.562500032384925900, 5.522670419464448300E-007 ) ) ;
#2367 = CARTESIAN_POINT ( 'NONE',  ( -6.104418189141906800E-007, -2.874999967615060400, -1.499999999999867700 ) ) ;
#2368 = CARTESIAN_POINT ( 'NONE',  ( 1.086535586562283900, 0.1465078502767979700, -0.9702588378215152300 ) ) ;
#2369 = CARTESIAN_POINT ( 'NONE',  ( 1.499999999999991600, -1.528494707537058800E-009, -9.005843993035976600E-016 ) ) ;
#2370 = CARTESIAN_POINT ( 'NONE',  ( 1.017787866537917900, 4.854166699051592800, -0.5876206509906427600 ) ) ;
#2371 = CARTESIAN_POINT ( 'NONE',  ( 1.017787866537918800, -3.208333300948408100, -0.5876206509906432000 ) ) ;
#2372 = ORIENTED_EDGE ( 'NONE', *, *, #1619, .T. ) ;
#2373 = CARTESIAN_POINT ( 'NONE',  ( 6.104418183075187900E-007, -5.562499967615074100, 1.499999999999874800 ) ) ;
#2374 = CARTESIAN_POINT ( 'NONE',  ( 1.299038410897452200, -2.041666634281726900, 0.7499994713418120000 ) ) ;
#2375 = VERTEX_POINT ( 'NONE', #3633 ) ;
#2376 = ORIENTED_EDGE ( 'NONE', *, *, #2569, .F. ) ;
#2377 = CARTESIAN_POINT ( 'NONE',  ( -1.357050807568750000, -4.499999967615074100, 5.522670419464452500E-007 ) ) ;
#2378 = CARTESIAN_POINT ( 'NONE',  ( 0.6785249255070872100, -3.166666634281740700, -1.175240749714245600 ) ) ;
#2379 = CARTESIAN_POINT ( 'NONE',  ( -1.357050807568749100, 2.062500032384924500, 5.522670419464448300E-007 ) ) ;
#2380 = ORIENTED_EDGE ( 'NONE', *, *, #3533, .F. ) ;
#2381 = CARTESIAN_POINT ( 'NONE',  ( 1.357050807568749500, 6.750000032384925000, -5.522670417802544300E-007 ) ) ;
#2382 = CARTESIAN_POINT ( 'NONE',  ( 0.6785258820616618700, 3.229166699051591000, 1.175240197447203500 ) ) ;
#2383 = CARTESIAN_POINT ( 'NONE',  ( -1.017787866537917900, 2.604166699051592400, 0.5876206509906434200 ) ) ;
#2384 = CARTESIAN_POINT ( 'NONE',  ( 6.104418183075160400E-007, -2.124999967615060800, 1.499999999999867700 ) ) ;
#2385 = CARTESIAN_POINT ( 'NONE',  ( 1.017787866537918800, -6.208333300948407200, -0.5876206509906432000 ) ) ;
#2386 = CARTESIAN_POINT ( 'NONE',  ( 0.6785249255070872100, -6.166666634281741100, -1.175240749714245600 ) ) ;
#2387 = CARTESIAN_POINT ( 'NONE',  ( 0.6785258820616624200, -2.833333300948407600, 1.175240197447204400 ) ) ;
#2388 = CARTESIAN_POINT ( 'NONE',  ( -1.732050807568732900, -2.687499967615074100, 7.048774965991651900E-007 ) ) ;
#2389 = FACE_BOUND ( 'NONE', #3629, .T. ) ;
#2390 = EDGE_CURVE ( 'NONE', #3536, #2715, #2171, .T. ) ;
#2391 = CARTESIAN_POINT ( 'NONE',  ( -1.017788344815205900, -5.479166634281740200, -0.5876198225900807200 ) ) ;
#2392 = CARTESIAN_POINT ( 'NONE',  ( 1.017788344815205900, -3.791666634281741100, 0.5876198225900816100 ) ) ;
#2393 = VERTEX_POINT ( 'NONE', #1437 ) ;
#2394 = CARTESIAN_POINT ( 'NONE',  ( 1.499999999999991600, -5.000000001528495600, -9.005843993035976600E-016 ) ) ;
#2395 = CARTESIAN_POINT ( 'NONE',  ( -1.357050807568750000, -1.999999967615074600, 5.522670419464453600E-007 ) ) ;
#2396 = CARTESIAN_POINT ( 'NONE',  ( 4.782772877150559200E-007, 1.187500032384925600, 1.175240473580724300 ) ) ;
#2397 = CARTESIAN_POINT ( 'NONE',  ( 0.8660247933425482300, -2.354166634281741100, -1.500000352438622300 ) ) ;
#2398 = CARTESIAN_POINT ( 'NONE',  ( -0.6785258820616625300, 5.479166699051590200, -1.175240197447203300 ) ) ;
#2399 = CYLINDRICAL_SURFACE ( 'NONE', #3876, 1.499999999999996000 ) ;
#2400 = CARTESIAN_POINT ( 'NONE',  ( 0.6785249255070866500, 3.895833365718259300, -1.175240749714245000 ) ) ;
#2401 = CARTESIAN_POINT ( 'NONE',  ( -1.299037800455634400, -1.208333300948393600, 0.7500005286580560000 ) ) ;
#2402 = CARTESIAN_POINT ( 'NONE',  ( -1.017787866537918800, -4.958333300948407200, 0.5876206509906438700 ) ) ;
#2403 = CARTESIAN_POINT ( 'NONE',  ( 0.8660260142261802000, 3.916666699051605700, 1.499999647561119900 ) ) ;
#2404 = CARTESIAN_POINT ( 'NONE',  ( -1.600000000000000300, 5.639700846430446900E-017, 1.959434878635765200E-016 ) ) ;
#2405 = AXIS2_PLACEMENT_3D ( 'NONE', #573, #4010, #3376 ) ;
#2406 = CARTESIAN_POINT ( 'NONE',  ( 1.017788344815205200, 7.270833365718258900, 0.5876198225900811600 ) ) ;
#2407 = VECTOR ( 'NONE', #675, 1000.000000000000000 ) ;
#2408 = CARTESIAN_POINT ( 'NONE',  ( 1.357050807568749500, -1.749999967615074600, -5.522670417802544300E-007 ) ) ;
#2409 = APPROVAL_PERSON_ORGANIZATION ( #298, #677, #3619 ) ;
#2410 = CARTESIAN_POINT ( 'NONE',  ( -6.104418189141934300E-007, -4.312499967615074100, -1.499999999999874800 ) ) ;
#2411 = CARTESIAN_POINT ( 'NONE',  ( -4.782772882819589800E-007, -4.062499967615074100, -1.175240473580724300 ) ) ;
#2412 = CARTESIAN_POINT ( 'NONE',  ( 0.6785249255070872100, -4.166666634281741100, -1.175240749714245600 ) ) ;
#2413 = CARTESIAN_POINT ( 'NONE',  ( -1.299037800455640400, -1.145833300948408300, 0.7500005286580595500 ) ) ;
#2414 = CARTESIAN_POINT ( 'NONE',  ( -1.017788344815206500, -1.041666634281740900, -0.5876198225900811600 ) ) ;
#2415 = CARTESIAN_POINT ( 'NONE',  ( 1.357050807568748400, 2.312500032384925000, -5.522670417802541100E-007 ) ) ;
#2416 = CARTESIAN_POINT ( 'NONE',  ( -1.357050807568749100, 4.562500032384925000, 5.522670419464448300E-007 ) ) ;
#2417 = CARTESIAN_POINT ( 'NONE',  ( 1.299038410897452200, -1.541666634281726700, 0.7499994713418120000 ) ) ;
#2418 = CARTESIAN_POINT ( 'NONE',  ( 1.017787866537918800, -4.208333300948407200, -0.5876206509906432000 ) ) ;
#2419 = CARTESIAN_POINT ( 'NONE',  ( 1.732050807568724200, 4.000000032384938300, -7.048774963870467500E-007 ) ) ;
#2420 = CARTESIAN_POINT ( 'NONE',  ( -4.782772882819593000E-007, -6.624999967615074100, -1.175240473580725100 ) ) ;
#2421 = CARTESIAN_POINT ( 'NONE',  ( 1.017788344815205900, -1.791666634281740700, 0.5876198225900816100 ) ) ;
#2422 = CARTESIAN_POINT ( 'NONE',  ( -1.299038410897458900, -2.229166634281741100, -0.7499994713418151000 ) ) ;
#2423 = CARTESIAN_POINT ( 'NONE',  ( -1.357050807568748600, -3.937499967615074600, 5.522670419464448300E-007 ) ) ;
#2424 = CARTESIAN_POINT ( 'NONE',  ( 1.017787866537918800, -0.7083333009484079600, -0.5876206509906432000 ) ) ;
#2425 = EDGE_CURVE ( 'NONE', #3004, #4018, #3224, .T. ) ;
#2426 = CARTESIAN_POINT ( 'NONE',  ( -4.782772882819593000E-007, -3.624999967615074100, -1.175240473580725100 ) ) ;
#2427 = CARTESIAN_POINT ( 'NONE',  ( -1.017787866537917900, 2.604166699051592400, 0.5876206509906434200 ) ) ;
#2428 = ORIENTED_EDGE ( 'NONE', *, *, #846, .T. ) ;
#2429 = CARTESIAN_POINT ( 'NONE',  ( 1.499999999999998200, -2.415170883985094700, -0.4019241157814861800 ) ) ;
#2430 = CARTESIAN_POINT ( 'NONE',  ( 0.6785258820616618700, 3.729166699051591900, 1.175240197447203500 ) ) ;
#2431 = CARTESIAN_POINT ( 'NONE',  ( 1.299037800455634700, -0.9583333009483934200, -0.7500005286580553300 ) ) ;
#2432 = CARTESIAN_POINT ( 'NONE',  ( 1.017787866537918800, -4.708333300948408100, -0.5876206509906432000 ) ) ;
#2433 = VERTEX_POINT ( 'NONE', #367 ) ;
#2434 = CARTESIAN_POINT ( 'NONE',  ( 1.299037800455634700, 3.541666699051605200, -0.7500005286580553300 ) ) ;
#2435 = CARTESIAN_POINT ( 'NONE',  ( -1.499999999999996400, -5.999999999999998200, 1.836970198721024800E-016 ) ) ;
#2436 = CARTESIAN_POINT ( 'NONE',  ( -0.6785258820616632000, -6.583333300948409000, -1.175240197447204200 ) ) ;
#2437 = CARTESIAN_POINT ( 'NONE',  ( 0.6785249255070872100, -2.666666634281741600, -1.175240749714245600 ) ) ;
#2438 = CARTESIAN_POINT ( 'NONE',  ( 1.299038410897452200, 1.458333365718272400, 0.7499994713418120000 ) ) ;
#2439 = CARTESIAN_POINT ( 'NONE',  ( -1.299038410897458900, -3.729166634281741100, -0.7499994713418151000 ) ) ;
#2440 = CARTESIAN_POINT ( 'NONE',  ( -1.017787866537917900, -4.395833300948408100, 0.5876206509906434200 ) ) ;
#2441 = CARTESIAN_POINT ( 'NONE',  ( 0.6785249255070872100, -2.166666634281741100, -1.175240749714245600 ) ) ;
#2442 = CARTESIAN_POINT ( 'NONE',  ( -1.175240473580822200, -5.949759526419177800, 3.282775391009890000E-015 ) ) ;
#2443 = CARTESIAN_POINT ( 'NONE',  ( -1.017788344815206500, 0.9583333657182591100, -0.5876198225900811600 ) ) ;
#2444 = CARTESIAN_POINT ( 'NONE',  ( 1.017788344815205200, 4.270833365718259800, 0.5876198225900811600 ) ) ;
#2445 = CARTESIAN_POINT ( 'NONE',  ( -1.732050807568724600, -0.2499999676150608500, 7.048774965991616900E-007 ) ) ;
#2446 = CARTESIAN_POINT ( 'NONE',  ( 0.6785258820616624200, -4.333333300948408100, 1.175240197447204400 ) ) ;
#2447 = CARTESIAN_POINT ( 'NONE',  ( -0.8660247933425441200, 4.333333365718273100, 1.500000352438615800 ) ) ;
#2448 = DIRECTION ( 'NONE',  ( 1.000000000000000000, 0.0000000000000000000, 0.0000000000000000000 ) ) ;
#2449 = VERTEX_POINT ( 'NONE', #2869 ) ;
#2450 = CARTESIAN_POINT ( 'NONE',  ( 0.6785258820616624200, -5.833333300948409000, 1.175240197447204400 ) ) ;
#2451 = CARTESIAN_POINT ( 'NONE',  ( 1.017788344815205900, -0.2916666342817411700, 0.5876198225900816100 ) ) ;
#2452 = CARTESIAN_POINT ( 'NONE',  ( -1.017787866537917900, 7.104166699051591000, 0.5876206509906434200 ) ) ;
#2453 = CARTESIAN_POINT ( 'NONE',  ( -0.8660247933425441200, 1.333333365718272400, 1.500000352438615800 ) ) ;
#2454 = CARTESIAN_POINT ( 'NONE',  ( -1.299038410897458900, -4.229166634281741100, -0.7499994713418151000 ) ) ;
#2455 = EDGE_CURVE ( 'NONE', #2433, #1352, #2976, .T. ) ;
#2456 = ORIENTED_EDGE ( 'NONE', *, *, #2293, .F. ) ;
#2457 = CARTESIAN_POINT ( 'NONE',  ( 1.357050807568748400, -3.687499967615074100, -5.522670417802541100E-007 ) ) ;
#2458 = CARTESIAN_POINT ( 'NONE',  ( -1.017787866537918800, -1.958333300948408100, 0.5876206509906438700 ) ) ;
#2459 = CARTESIAN_POINT ( 'NONE',  ( -1.499999999999998900, -4.187500001528508900, 1.307299934472964400E-015 ) ) ;
#2460 = CARTESIAN_POINT ( 'NONE',  ( 0.6785258820616624200, -0.3333333009484075700, 1.175240197447204400 ) ) ;
#2461 = VECTOR ( 'NONE', #2086, 999.9999999999998900 ) ;
#2462 = CARTESIAN_POINT ( 'NONE',  ( 1.299038410897458200, 1.020833365718258200, 0.7499994713418155500 ) ) ;
#2463 = CARTESIAN_POINT ( 'NONE',  ( 0.6785249255070866500, 5.895833365718258900, -1.175240749714245000 ) ) ;
#2464 = CARTESIAN_POINT ( 'NONE',  ( 1.299038410897452200, -0.04166663428172706600, 0.7499994713418120000 ) ) ;
#2465 = CARTESIAN_POINT ( 'NONE',  ( -6.104418189141906800E-007, 3.625000032384940100, -1.499999999999867700 ) ) ;
#2466 = DIRECTION ( 'NONE',  ( 1.000000000000000000, 0.0000000000000000000, 0.0000000000000000000 ) ) ;
#2467 = CARTESIAN_POINT ( 'NONE',  ( -1.017787866537917900, -2.895833300948407600, 0.5876206509906434200 ) ) ;
#2468 = CARTESIAN_POINT ( 'NONE',  ( -1.017787866537918800, -0.9583333009484081800, 0.5876206509906438700 ) ) ;
#2469 = CARTESIAN_POINT ( 'NONE',  ( -1.499999999999998900, -2.687500001528508400, 1.307299934472964400E-015 ) ) ;
#2470 = CARTESIAN_POINT ( 'NONE',  ( 1.299037800455634700, 2.541666699051606100, -0.7500005286580553300 ) ) ;
#2471 = CARTESIAN_POINT ( 'NONE',  ( -1.299037800455640400, 0.3541666990515921500, 0.7500005286580595500 ) ) ;
#2472 = CARTESIAN_POINT ( 'NONE',  ( -4.782772882819589800E-007, -0.06249996761507458500, -1.175240473580724300 ) ) ;
#2473 = CARTESIAN_POINT ( 'NONE',  ( 4.782772877150562400E-007, -0.3749999676150748700, 1.175240473580725100 ) ) ;
#2474 = CARTESIAN_POINT ( 'NONE',  ( -1.500000000000000400, -3.165170883985094300, 0.4019241157814832400 ) ) ;
#2475 = CARTESIAN_POINT ( 'NONE',  ( -1.357050807568750000, 0.5000000323849250700, 5.522670419464453600E-007 ) ) ;
#2476 = CARTESIAN_POINT ( 'NONE',  ( 0.8660260142261843000, 2.979166699051591000, 1.499999647561126800 ) ) ;
#2477 = CARTESIAN_POINT ( 'NONE',  ( 1.357050807568748400, 6.312500032384925900, -5.522670417802541100E-007 ) ) ;
#2478 = CARTESIAN_POINT ( 'NONE',  ( 6.104418183075160400E-007, 7.375000032384940100, 1.499999999999867700 ) ) ;
#2479 = CARTESIAN_POINT ( 'NONE',  ( 0.8660247933425482300, -4.354166634281741100, -1.500000352438622300 ) ) ;
#2480 = CARTESIAN_POINT ( 'NONE',  ( 1.017787866537917900, -3.145833300948408100, -0.5876206509906427600 ) ) ;
#2481 = CARTESIAN_POINT ( 'NONE',  ( 4.782772877150562400E-007, -0.3749999676150748700, 1.175240473580725100 ) ) ;
#2482 = CARTESIAN_POINT ( 'NONE',  ( -1.357050807568749100, 6.562500032384925000, 5.522670419464448300E-007 ) ) ;
#2483 = CARTESIAN_POINT ( 'NONE',  ( 1.299037800455634700, 1.041666699051605700, -0.7500005286580553300 ) ) ;
#2484 = CARTESIAN_POINT ( 'NONE',  ( 6.104418183075187900E-007, -1.562499967615075000, 1.499999999999874800 ) ) ;
#2485 = CARTESIAN_POINT ( 'NONE',  ( 1.017787866537917900, -2.145833300948407600, -0.5876206509906427600 ) ) ;
#2486 = ORIENTED_EDGE ( 'NONE', *, *, #3783, .T. ) ;
#2487 = B_SPLINE_CURVE_WITH_KNOTS ( 'NONE', 3,
 ( #393, #2306, #1351, #415, #2925, #2939, #2341, #2072, #466, #3906 ),
 .UNSPECIFIED., .F., .F.,
 ( 4, 2, 2, 2, 4 ),
 ( 0.0000000000000000000, 0.0004230004107999093700, 0.0008460008215998186300, 0.001269001232399727800, 0.001692001643199636800 ),
 .UNSPECIFIED. ) ;
#2488 = CARTESIAN_POINT ( 'NONE',  ( -0.6785249255070874300, -0.9166666342817408900, 1.175240749714245900 ) ) ;
#2489 = DIRECTION ( 'NONE',  ( -3.524813029019029000E-017, -1.000000000000000000, -0.0000000000000000000 ) ) ;
#2490 = CARTESIAN_POINT ( 'NONE',  ( -1.357050807568750000, 3.238492547047444600E-008, 5.522670419464453600E-007 ) ) ;
#2491 = CARTESIAN_POINT ( 'NONE',  ( 1.299038410897458200, 3.020833365718258400, 0.7499994713418155500 ) ) ;
#2492 = CARTESIAN_POINT ( 'NONE',  ( -0.8660247933425441200, 7.333333365718272200, 1.500000352438615800 ) ) ;
#2493 = ORIENTED_EDGE ( 'NONE', *, *, #1807, .T. ) ;
#2494 = CARTESIAN_POINT ( 'NONE',  ( -1.600000000000000300, 5.639700846430446900E-017, 1.959434878635765200E-016 ) ) ;
#2495 = CARTESIAN_POINT ( 'NONE',  ( 0.6785258820616618700, -4.270833300948407200, 1.175240197447203500 ) ) ;
#2496 = CARTESIAN_POINT ( 'NONE',  ( -1.017787866537918800, -0.4583333009484076800, 0.5876206509906438700 ) ) ;
#2497 = CARTESIAN_POINT ( 'NONE',  ( -4.782772882819589800E-007, 7.437500032384925900, -1.175240473580724300 ) ) ;
#2498 = CARTESIAN_POINT ( 'NONE',  ( 1.299038410897452200, 1.958333365718272900, 0.7499994713418120000 ) ) ;
#2499 = CARTESIAN_POINT ( 'NONE',  ( 1.299038410897458200, -0.9791666342817417800, 0.7499994713418155500 ) ) ;
#2500 =( BOUNDED_CURVE ( )  B_SPLINE_CURVE ( 2, ( #3700, #3985, #2413, #850, #1160, #214, #3366, #1823, #1856 ),
 .UNSPECIFIED., .F., .T. ) 
 B_SPLINE_CURVE_WITH_KNOTS ( ( 3, 2, 2, 2, 3 ),
 ( 0.4017857120255953800, 0.4047619047619047700, 0.4107142857142857000, 0.4166666666666666900, 0.4196428548827382300 ),
 .UNSPECIFIED. ) 
 CURVE ( )  GEOMETRIC_REPRESENTATION_ITEM ( )  RATIONAL_B_SPLINE_CURVE ( ( 0.9330127018922580500, 0.9330126510220679800, 1.000000000000000000, 0.8660254037844387100, 1.000000000000000000, 0.8660254037844387100, 1.000000000000000000, 0.9330127527623708300, 0.9330127018922580500 ) ) 
 REPRESENTATION_ITEM ( '' )  );
#2501 = CARTESIAN_POINT ( 'NONE',  ( 1.357050807568748400, -0.1874999676150747000, -5.522670417802541100E-007 ) ) ;
#2502 = CARTESIAN_POINT ( 'NONE',  ( 1.499999999999998700, -4.937500001528508900, 2.817957636530612800E-015 ) ) ;
#2503 = FACE_OUTER_BOUND ( 'NONE', #2506, .T. ) ;
#2504 = CARTESIAN_POINT ( 'NONE',  ( -1.017787866537918800, -0.9583333009484081800, 0.5876206509906438700 ) ) ;
#2505 = CARTESIAN_POINT ( 'NONE',  ( -6.104418189141934300E-007, 3.187500032384925900, -1.499999999999874800 ) ) ;
#2506 = EDGE_LOOP ( 'NONE', ( #756, #1113, #587, #1205, #3770, #2953, #3391, #3975, #3617, #1174, #1949, #2376, #3090, #479, #14, #3860, #3730, #1908, #2771, #3961, #1259, #4035, #688, #593, #3449, #1263, #2915, #2860, #3271, #3369 ) ) ;
#2507 = CARTESIAN_POINT ( 'NONE',  ( -0.8660247933425441200, 6.833333365718273100, 1.500000352438615800 ) ) ;
#2508 = DIRECTION ( 'NONE',  ( -6.237853260653827600E-016, 1.000000000000000000, -0.0000000000000000000 ) ) ;
#2509 = CARTESIAN_POINT ( 'NONE',  ( 0.6785258820616618700, -1.770833300948408100, 1.175240197447203500 ) ) ;
#2510 = FACE_OUTER_BOUND ( 'NONE', #3836, .T. ) ;
#2511 = CARTESIAN_POINT ( 'NONE',  ( -0.6785258820616632000, 0.9166666990515918200, -1.175240197447204200 ) ) ;
#2512 = CARTESIAN_POINT ( 'NONE',  ( -0.8660260142261850800, -1.770833300948408100, -1.499999647561126400 ) ) ;
#2513 = CARTESIAN_POINT ( 'NONE',  ( -0.6785258820616625300, -1.020833300948408300, -1.175240197447203300 ) ) ;
#2514 = LINE ( 'NONE', #2900, #3402 ) ;
#2515 = CARTESIAN_POINT ( 'NONE',  ( -1.357050807568750000, 2.000000032384924500, 5.522670419464453600E-007 ) ) ;
#2516 = CARTESIAN_POINT ( 'NONE',  ( 1.732050807568732200, 1.062500032384925600, -7.048774963870500300E-007 ) ) ;
#2517 = FACE_OUTER_BOUND ( 'NONE', #2163, .T. ) ;
#2518 = CARTESIAN_POINT ( 'NONE',  ( 1.732050807568724200, 7.500000032384939200, -7.048774963870467500E-007 ) ) ;
#2519 = PLANE ( 'NONE',  #2876 ) ;
#2520 = CARTESIAN_POINT ( 'NONE',  ( 1.357050807568748400, -2.687499967615074100, -5.522670417802541100E-007 ) ) ;
#2521 = CARTESIAN_POINT ( 'NONE',  ( 4.782772877150562400E-007, 1.125000032384925600, 1.175240473580725100 ) ) ;
#2522 = CARTESIAN_POINT ( 'NONE',  ( -0.8660260142261809700, -0.8333333009483942000, -1.499999647561119500 ) ) ;
#2523 = CARTESIAN_POINT ( 'NONE',  ( -4.782772882819589800E-007, -2.062499967615074600, -1.175240473580724300 ) ) ;
#2524 = CARTESIAN_POINT ( 'NONE',  ( 1.357050807568749500, 3.750000032384924100, -5.522670417802544300E-007 ) ) ;
#2525 = CARTESIAN_POINT ( 'NONE',  ( -0.8660260142261850800, 5.229166699051591000, -1.499999647561126400 ) ) ;
#2526 = EDGE_LOOP ( 'NONE', ( #355, #2428, #1662, #945 ) ) ;
#2527 = CARTESIAN_POINT ( 'NONE',  ( -1.017787866537917900, -4.895833300948407200, 0.5876206509906434200 ) ) ;
#2528 = EDGE_CURVE ( 'NONE', #3004, #2882, #1423, .T. ) ;
#2529 = CARTESIAN_POINT ( 'NONE',  ( 0.6785249255070866500, -1.604166634281741600, -1.175240749714245000 ) ) ;
#2530 = CARTESIAN_POINT ( 'NONE',  ( -4.782772882819593000E-007, 2.875000032384925400, -1.175240473580725100 ) ) ;
#2531 = CARTESIAN_POINT ( 'NONE',  ( -1.499999999999999800, -3.665170883985095200, 0.4019241157814850700 ) ) ;
#2532 = DIRECTION ( 'NONE',  ( -1.000000000000000000, -6.237853260653816800E-016, 0.0000000000000000000 ) ) ;
#2533 = CARTESIAN_POINT ( 'NONE',  ( -0.8660260142261809700, -1.833333300948393200, -1.499999647561119500 ) ) ;
#2534 = CARTESIAN_POINT ( 'NONE',  ( 1.357050807568749500, 2.750000032384925000, -5.522670417802544300E-007 ) ) ;
#2535 = CARTESIAN_POINT ( 'NONE',  ( 1.299038410897458200, 4.020833365718258900, 0.7499994713418155500 ) ) ;
#2536 = ADVANCED_FACE ( 'NONE', ( #2510 ), #3790, .F. ) ;
#2537 = CARTESIAN_POINT ( 'NONE',  ( 0.6785249255070866500, -3.604166634281741100, -1.175240749714245000 ) ) ;
#2538 = CARTESIAN_POINT ( 'NONE',  ( 0.6785249255070866500, -0.6041666342817414400, -1.175240749714245000 ) ) ;
#2539 = CARTESIAN_POINT ( 'NONE',  ( -4.782772882819593000E-007, 1.875000032384924500, -1.175240473580725100 ) ) ;
#2540 = CARTESIAN_POINT ( 'NONE',  ( -1.499999999999998900, -5.187500001528508000, -5.810221930990954100E-016 ) ) ;
#2541 = CARTESIAN_POINT ( 'NONE',  ( 1.499999999999991600, -2.500000001528494200, -9.005843993035976600E-016 ) ) ;
#2542 = ORIENTED_EDGE ( 'NONE', *, *, #3055, .T. ) ;
#2543 = CARTESIAN_POINT ( 'NONE',  ( 6.104418183075187900E-007, -2.562499967615075000, 1.499999999999874800 ) ) ;
#2544 = CARTESIAN_POINT ( 'NONE',  ( -0.6785249255070874300, 2.083333365718259300, 1.175240749714245900 ) ) ;
#2545 = ORIENTED_EDGE ( 'NONE', *, *, #1568, .T. ) ;
#2546 = CARTESIAN_POINT ( 'NONE',  ( 0.8660247933425482300, 4.645833365718258000, -1.500000352438622500 ) ) ;
#2547 = ORIENTED_EDGE ( 'NONE', *, *, #2840, .T. ) ;
#2548 = CARTESIAN_POINT ( 'NONE',  ( -4.782772882819589800E-007, -5.562499967615074100, -1.175240473580724300 ) ) ;
#2549 = CARTESIAN_POINT ( 'NONE',  ( -0.6785249255070867600, -0.3541666342817412200, 1.175240749714245200 ) ) ;
#2550 = CARTESIAN_POINT ( 'NONE',  ( -1.017787866537918800, 2.541666699051592400, 0.5876206509906438700 ) ) ;
#2551 = CARTESIAN_POINT ( 'NONE',  ( 1.499999999999992700, -2.977670883985081000, -0.4019241157814826800 ) ) ;
#2552 = CARTESIAN_POINT ( 'NONE',  ( 1.499999999999991600, -5.000000001528495600, -9.005843993035976600E-016 ) ) ;
#2553 = CARTESIAN_POINT ( 'NONE',  ( 1.017787866537918800, 2.291666699051591900, -0.5876206509906432000 ) ) ;
#2554 = DIRECTION ( 'NONE',  ( -3.524813029019029000E-017, -1.000000000000000000, -0.0000000000000000000 ) ) ;
#2555 = CARTESIAN_POINT ( 'NONE',  ( 0.8660260142261843000, 5.479166699051590200, 1.499999647561126800 ) ) ;
#2556 =( BOUNDED_CURVE ( )  B_SPLINE_CURVE ( 2, ( #1948, #634, #3816, #2865, #23 ),
 .UNSPECIFIED., .F., .F. ) 
 B_SPLINE_CURVE_WITH_KNOTS ( ( 3, 2, 3 ),
 ( 0.4553571405970239200, 0.4583333333333333100, 0.4624315861452178400 ),
 .UNSPECIFIED. ) 
 CURVE ( )  GEOMETRIC_REPRESENTATION_ITEM ( )  RATIONAL_B_SPLINE_CURVE ( ( 0.9330127018922580500, 0.9330126510220679800, 1.000000000000000000, 0.9077576233688654500, 0.9425341934172923900 ) ) 
 REPRESENTATION_ITEM ( '' )  );
#2557 = CARTESIAN_POINT ( 'NONE',  ( 0.6785258820616618700, -3.270833300948407200, 1.175240197447203500 ) ) ;
#2558 = CARTESIAN_POINT ( 'NONE',  ( -0.6785249255070867600, 0.1458333657182591900, 1.175240749714245200 ) ) ;
#2559 = CARTESIAN_POINT ( 'NONE',  ( -0.6785258820616632000, 1.416666699051591500, -1.175240197447204200 ) ) ;
#2560 = CARTESIAN_POINT ( 'NONE',  ( 1.299037800455640400, -1.395833300948407600, -0.7500005286580587700 ) ) ;
#2561 = CARTESIAN_POINT ( 'NONE',  ( -1.499999999999996400, -5.999999999999998200, 1.836970198721024800E-016 ) ) ;
#2562 = ORIENTED_EDGE ( 'NONE', *, *, #3285, .F. ) ;
#2563 = CARTESIAN_POINT ( 'NONE',  ( 0.8660247933425442300, -4.916666634281726900, -1.500000352438615600 ) ) ;
#2564 = CARTESIAN_POINT ( 'NONE',  ( -0.6785258820616632000, 5.416666699051591900, -1.175240197447204200 ) ) ;
#2565 = ORIENTED_EDGE ( 'NONE', *, *, #982, .T. ) ;
#2566 = CARTESIAN_POINT ( 'NONE',  ( 6.104418183075160400E-007, -1.624999967615060400, 1.499999999999867700 ) ) ;
#2567 = CARTESIAN_POINT ( 'NONE',  ( 1.732050807568732200, 6.062500032384925000, -7.048774963870500300E-007 ) ) ;
#2568 = CARTESIAN_POINT ( 'NONE',  ( -1.017787866537917900, -4.395833300948408100, 0.5876206509906434200 ) ) ;
#2569 = EDGE_CURVE ( 'NONE', #2375, #1228, #3596, .T. ) ;
#2570 = CARTESIAN_POINT ( 'NONE',  ( -4.782772882819589800E-007, -0.5624999676150741500, -1.175240473580724300 ) ) ;
#2571 = CARTESIAN_POINT ( 'NONE',  ( -1.017787866537918800, 4.541666699051592800, 0.5876206509906438700 ) ) ;
#2572 = DIRECTION ( 'NONE',  ( -3.524813029019029000E-017, -1.000000000000000000, -0.0000000000000000000 ) ) ;
#2573 = CARTESIAN_POINT ( 'NONE',  ( -1.499999999999998900, -0.6875000015285091000, 1.307299934472964400E-015 ) ) ;
#2574 = DIRECTION ( 'NONE',  ( -3.524813029019029000E-017, -1.000000000000000000, -0.0000000000000000000 ) ) ;
#2575 = VERTEX_POINT ( 'NONE', #1317 ) ;
#2576 = ORIENTED_EDGE ( 'NONE', *, *, #1125, .T. ) ;
#2577 = CARTESIAN_POINT ( 'NONE',  ( 1.499999999999998200, -5.415170883985093800, -0.4019241157814861800 ) ) ;
#2578 = CARTESIAN_POINT ( 'NONE',  ( -1.499999999999991600, -3.727670883985080100, 0.4019241157814849000 ) ) ;
#2579 = CARTESIAN_POINT ( 'NONE',  ( -1.357050807568750000, 6.000000032384924100, 5.522670419464453600E-007 ) ) ;
#2580 = CARTESIAN_POINT ( 'NONE',  ( 6.104418183075160400E-007, -3.124999967615060400, 1.499999999999867700 ) ) ;
#2581 = CARTESIAN_POINT ( 'NONE',  ( 1.299038410897458200, 6.520833365718258000, 0.7499994713418155500 ) ) ;
#2582 = EDGE_LOOP ( 'NONE', ( #446, #1232, #1046, #2330 ) ) ;
#2583 = CARTESIAN_POINT ( 'NONE',  ( -0.6785258820616625300, -2.020833300948407200, -1.175240197447203300 ) ) ;
#2584 = ORIENTED_EDGE ( 'NONE', *, *, #3783, .F. ) ;
#2585 = CARTESIAN_POINT ( 'NONE',  ( 1.017787866537918800, 5.791666699051591900, -0.5876206509906432000 ) ) ;
#2586 = CARTESIAN_POINT ( 'NONE',  ( -0.8660260142261809700, -6.333333300948393900, -1.499999647561119500 ) ) ;
#2587 = CARTESIAN_POINT ( 'NONE',  ( -0.8660260142261849700, -2.770833300948408100, -1.499999647561126400 ) ) ;
#2588 = CARTESIAN_POINT ( 'NONE',  ( -1.299038410897458900, -3.729166634281741100, -0.7499994713418151000 ) ) ;
#2589 = FACE_OUTER_BOUND ( 'NONE', #3857, .T. ) ;
#2590 = CARTESIAN_POINT ( 'NONE',  ( 1.499999999999990700, -3.522329082723599600, 0.4019234615119165500 ) ) ;
#2591 = CARTESIAN_POINT ( 'NONE',  ( -1.017788344815206500, 6.958333365718258000, -0.5876198225900811600 ) ) ;
#2592 = LINE ( 'NONE', #3248, #1632 ) ;
#2593 = CARTESIAN_POINT ( 'NONE',  ( 0.8660247933425482300, 6.645833365718258900, -1.500000352438622500 ) ) ;
#2594 = EDGE_CURVE ( 'NONE', #4066, #644, #2062, .T. ) ;
#2595 = CARTESIAN_POINT ( 'NONE',  ( 1.017787866537917900, -1.145833300948407400, -0.5876206509906427600 ) ) ;
#2596 = CARTESIAN_POINT ( 'NONE',  ( 4.782772877150562400E-007, 5.625000032384924100, 1.175240473580725100 ) ) ;
#2597 = CARTESIAN_POINT ( 'NONE',  ( 1.732050807568724200, -5.999999967615059900, -7.048774963870467500E-007 ) ) ;
#2598 = CARTESIAN_POINT ( 'NONE',  ( -1.499999999999992000, -3.750000001528494200, 1.307299934472964400E-015 ) ) ;
#2599 = CARTESIAN_POINT ( 'NONE',  ( 1.017788344815205900, 4.708333365718258000, 0.5876198225900816100 ) ) ;
#2600 = AXIS2_PLACEMENT_3D ( 'NONE', #646, #1692, #3903 ) ;
#2601 =( BOUNDED_CURVE ( )  B_SPLINE_CURVE ( 2, ( #3400, #3020, #3039, #4052, #2753, #2116, #1534, #2164, #2736 ),
 .UNSPECIFIED., .F., .T. ) 
 B_SPLINE_CURVE_WITH_KNOTS ( ( 3, 2, 2, 2, 3 ),
 ( 0.3660714263113096200, 0.3690476190476190700, 0.3750000000000000000, 0.3809523809523809300, 0.3839285691684524700 ),
 .UNSPECIFIED. ) 
 CURVE ( )  GEOMETRIC_REPRESENTATION_ITEM ( )  RATIONAL_B_SPLINE_CURVE ( ( 0.9330127018922580500, 0.9330126510220673200, 1.000000000000000000, 0.8660254037844387100, 1.000000000000000000, 0.8660254037844387100, 1.000000000000000000, 0.9330127527623713900, 0.9330127018922580500 ) ) 
 REPRESENTATION_ITEM ( '' )  );
#2602 = CARTESIAN_POINT ( 'NONE',  ( -1.499999999999999800, -4.665170883985094700, 0.4019241157814850700 ) ) ;
#2603 = CARTESIAN_POINT ( 'NONE',  ( -1.221713273865279600, -5.864330256668362800, 0.3576653310924271000 ) ) ;
#2604 = CARTESIAN_POINT ( 'NONE',  ( 0.6785258820616618700, -0.7708333009484079600, 1.175240197447203500 ) ) ;
#2605 = CARTESIAN_POINT ( 'NONE',  ( 0.6785249255070872100, 3.833333365718258900, -1.175240749714245600 ) ) ;
#2606 = CARTESIAN_POINT ( 'NONE',  ( -1.299037800455634400, -0.7083333009483940800, 0.7500005286580560000 ) ) ;
#2607 = VERTEX_POINT ( 'NONE', #1328 ) ;
#2608 = CARTESIAN_POINT ( 'NONE',  ( -0.8660247933425441200, -3.666666634281726900, 1.500000352438615800 ) ) ;
#2609 = CARTESIAN_POINT ( 'NONE',  ( -1.732050807568732900, 0.8125000323849254100, 7.048774965991651900E-007 ) ) ;
#2610 = DIRECTION ( 'NONE',  ( 1.000000000000000000, 0.0000000000000000000, 0.0000000000000000000 ) ) ;
#2611 = EDGE_LOOP ( 'NONE', ( #3031, #256, #3575, #630 ) ) ;
#2612 = CARTESIAN_POINT ( 'NONE',  ( 1.357050807568749500, 6.250000032384925000, -5.522670417802544300E-007 ) ) ;
#2613 = DIRECTION ( 'NONE',  ( -3.524813029019029000E-017, -1.000000000000000000, -0.0000000000000000000 ) ) ;
#2614 = CARTESIAN_POINT ( 'NONE',  ( 0.8660247933425482300, 7.145833365718258900, -1.500000352438622500 ) ) ;
#2615 = CARTESIAN_POINT ( 'NONE',  ( -0.6785258820616625300, -2.520833300948408100, -1.175240197447203300 ) ) ;
#2616 = EDGE_CURVE ( 'NONE', #507, #894, #3737, .T. ) ;
#2617 = CARTESIAN_POINT ( 'NONE',  ( 0.6785258820616624200, 4.666666699051591900, 1.175240197447204400 ) ) ;
#2618 = CARTESIAN_POINT ( 'NONE',  ( 1.499999999999998400, -2.437500001528508900, -9.005843993035976600E-016 ) ) ;
#2619 = CARTESIAN_POINT ( 'NONE',  ( -1.299038410897452900, -5.791666634281726900, -0.7499994713418116600 ) ) ;
#2620 = LINE ( 'NONE', #36, #1163 ) ;
#2621 = CARTESIAN_POINT ( 'NONE',  ( -1.017788344815205900, 6.520833365718258000, -0.5876198225900807200 ) ) ;
#2622 = DIRECTION ( 'NONE',  ( -3.524813029019029000E-017, -1.000000000000000000, -0.0000000000000000000 ) ) ;
#2623 = CARTESIAN_POINT ( 'NONE',  ( 1.299037800455640400, -5.395833300948408100, -0.7500005286580587700 ) ) ;
#2624 = VERTEX_POINT ( 'NONE', #2263 ) ;
#2625 = CARTESIAN_POINT ( 'NONE',  ( 6.104418183075187900E-007, -4.562499967615074100, 1.499999999999874800 ) ) ;
#2626 = CARTESIAN_POINT ( 'NONE',  ( 1.499999999999991600, -2.022329082723599600, 0.4019234615119147700 ) ) ;
#2627 = ORIENTED_EDGE ( 'NONE', *, *, #2390, .F. ) ;
#2628 = VECTOR ( 'NONE', #1638, 1000.000000000000000 ) ;
#2629 = CARTESIAN_POINT ( 'NONE',  ( 4.782772877150559200E-007, -2.812499967615074600, 1.175240473580724300 ) ) ;
#2630 = CARTESIAN_POINT ( 'NONE',  ( 1.017787866537918800, 7.291666699051591000, -0.5876206509906432000 ) ) ;
#2631 = CARTESIAN_POINT ( 'NONE',  ( -1.357050807568749100, -4.937499967615074100, 5.522670419464448300E-007 ) ) ;
#2632 = FACE_OUTER_BOUND ( 'NONE', #2146, .T. ) ;
#2633 = CARTESIAN_POINT ( 'NONE',  ( 1.017788344815205200, 2.270833365718259300, 0.5876198225900811600 ) ) ;
#2634 = CARTESIAN_POINT ( 'NONE',  ( -1.299037800455634400, -4.208333300948393900, 0.7500005286580560000 ) ) ;
#2635 = CARTESIAN_POINT ( 'NONE',  ( -0.3718968816583457800, 0.3624020222165514900, -1.184237164734704800 ) ) ;
#2636 = CARTESIAN_POINT ( 'NONE',  ( 1.299037800455640400, -3.895833300948408100, -0.7500005286580587700 ) ) ;
#2637 = CARTESIAN_POINT ( 'NONE',  ( -1.017788344815205900, 4.520833365718258000, -0.5876198225900807200 ) ) ;
#2638 = VECTOR ( 'NONE', #2613, 1000.000000000000000 ) ;
#2639 = CARTESIAN_POINT ( 'NONE',  ( -1.299038410897458900, -4.729166634281742000, -0.7499994713418151000 ) ) ;
#2640 = APPROVAL_ROLE ( '' ) ;
#2641 = CARTESIAN_POINT ( 'NONE',  ( 1.145714132423687200, -5.795337166951644500, -0.6983488502688970400 ) ) ;
#2642 = EDGE_CURVE ( 'NONE', #970, #3184, #1329, .T. ) ;
#2643 = CARTESIAN_POINT ( 'NONE',  ( -4.782772882819589800E-007, 1.437500032384925900, -1.175240473580724300 ) ) ;
#2644 = CARTESIAN_POINT ( 'NONE',  ( 1.788923619507585200E-015, 7.999999999999986700, 0.0000000000000000000 ) ) ;
#2645 = CARTESIAN_POINT ( 'NONE',  ( 1.017787866537917900, -5.645833300948408100, -0.5876206509906427600 ) ) ;
#2646 = CARTESIAN_POINT ( 'NONE',  ( 1.017787866537917900, 2.854166699051592800, -0.5876206509906427600 ) ) ;
#2647 = CARTESIAN_POINT ( 'NONE',  ( 6.104418183075160400E-007, -3.624999967615060400, 1.499999999999867700 ) ) ;
#2648 = CARTESIAN_POINT ( 'NONE',  ( -0.6785249255070874300, -5.916666634281740200, 1.175240749714245900 ) ) ;
#2649 = CARTESIAN_POINT ( 'NONE',  ( 1.299038410897458200, -1.979166634281740900, 0.7499994713418155500 ) ) ;
#2650 = CARTESIAN_POINT ( 'NONE',  ( -4.782772882819589800E-007, 4.437500032384925000, -1.175240473580724300 ) ) ;
#2651 = CARTESIAN_POINT ( 'NONE',  ( 1.499999999999991600, -1.500000001528494700, -9.005843993035976600E-016 ) ) ;
#2652 = CARTESIAN_POINT ( 'NONE',  ( -6.104418189141934300E-007, -6.312499967615074100, -1.499999999999874800 ) ) ;
#2653 = PRODUCT_DEFINITION ( 'UNKNOWN', '', #2184, #2874 ) ;
#2654 = ORIENTED_EDGE ( 'NONE', *, *, #563, .T. ) ;
#2655 = PERSON_AND_ORGANIZATION_ROLE ( 'classification_officer' ) ;
#2656 = CARTESIAN_POINT ( 'NONE',  ( 1.017788344815205200, -5.229166634281741100, 0.5876198225900811600 ) ) ;
#2657 = CARTESIAN_POINT ( 'NONE',  ( -0.6785258820616632000, -3.583333300948408100, -1.175240197447204200 ) ) ;
#2658 = CARTESIAN_POINT ( 'NONE',  ( 1.357050807568748400, 1.812500032384926100, -5.522670417802541100E-007 ) ) ;
#2659 = ORIENTED_EDGE ( 'NONE', *, *, #2455, .F. ) ;
#2660 = CARTESIAN_POINT ( 'NONE',  ( -0.4294680306948612800, 0.1302769638588486800, -1.410224956273089100 ) ) ;
#2661 = CARTESIAN_POINT ( 'NONE',  ( -4.782772882819589800E-007, -6.562499967615074100, -1.175240473580724300 ) ) ;
#2662 = CARTESIAN_POINT ( 'NONE',  ( 1.017788344815205200, 3.270833365718258400, 0.5876198225900811600 ) ) ;
#2663 = CARTESIAN_POINT ( 'NONE',  ( -1.299037800455634400, -5.708333300948393000, 0.7500005286580560000 ) ) ;
#2664 = CARTESIAN_POINT ( 'NONE',  ( 1.224312963094002800, 0.1224259558467855500, -0.8328296274060489300 ) ) ;
#2665 = DIRECTION ( 'NONE',  ( -0.7071067811865456900, 0.7071067811865493500, 0.0000000000000000000 ) ) ;
#2666 = CARTESIAN_POINT ( 'NONE',  ( -0.6785249255070867600, 6.145833365718259800, 1.175240749714245200 ) ) ;
#2667 = CARTESIAN_POINT ( 'NONE',  ( -1.499999999999992000, -1.250000001528495100, -6.187886356505365400E-015 ) ) ;
#2668 = EDGE_LOOP ( 'NONE', ( #2258, #1874 ) ) ;
#2669 = CARTESIAN_POINT ( 'NONE',  ( -0.6785249255070874300, 7.083333365718258900, 1.175240749714245900 ) ) ;
#2670 = DATE_TIME_ROLE ( 'creation_date' ) ;
#2671 = CARTESIAN_POINT ( 'NONE',  ( -1.017788344815205900, -4.979166634281741100, -0.5876198225900807200 ) ) ;
#2672 = CARTESIAN_POINT ( 'NONE',  ( 1.357050807568749500, -3.749999967615074600, -5.522670417802544300E-007 ) ) ;
#2673 = VERTEX_POINT ( 'NONE', #1034 ) ;
#2674 = CARTESIAN_POINT ( 'NONE',  ( 0.6785258820616624200, -3.333333300948407600, 1.175240197447204400 ) ) ;
#2675 = CARTESIAN_POINT ( 'NONE',  ( 0.6785249255070866500, 1.395833365718258700, -1.175240749714245000 ) ) ;
#2676 = ORIENTED_EDGE ( 'NONE', *, *, #2196, .F. ) ;
#2677 = CARTESIAN_POINT ( 'NONE',  ( -0.6785249255070874300, 7.083333365718258900, 1.175240749714245900 ) ) ;
#2678 = DIRECTION ( 'NONE',  ( -3.524813029019029000E-017, -1.000000000000000000, -0.0000000000000000000 ) ) ;
#2679 =( BOUNDED_CURVE ( )  B_SPLINE_CURVE ( 2, ( #1701, #3928, #118, #2048, #3900, #2020, #3911, #420, #1078 ),
 .UNSPECIFIED., .F., .F. ) 
 B_SPLINE_CURVE_WITH_KNOTS ( ( 3, 2, 2, 2, 3 ),
 ( 0.2767857120255953800, 0.2797619047619047700, 0.2857142857142857000, 0.2916666666666666900, 0.2946428548827382300 ),
 .UNSPECIFIED. ) 
 CURVE ( )  GEOMETRIC_REPRESENTATION_ITEM ( )  RATIONAL_B_SPLINE_CURVE ( ( 0.9330127018922580500, 0.9330126510220679800, 1.000000000000000000, 0.8660254037844387100, 1.000000000000000000, 0.8660254037844387100, 1.000000000000000000, 0.9330127527623708300, 0.9330127018922580500 ) ) 
 REPRESENTATION_ITEM ( '' )  );
#2680 = CARTESIAN_POINT ( 'NONE',  ( 1.017787866537917900, 1.854166699051591700, -0.5876206509906427600 ) ) ;
#2681 = CARTESIAN_POINT ( 'NONE',  ( -0.8660247933425441200, -1.666666634281726700, 1.500000352438615800 ) ) ;
#2682 = CARTESIAN_POINT ( 'NONE',  ( 1.499999999999989600, -1.022329082723599600, 0.4019234615119182700 ) ) ;
#2683 = ORIENTED_EDGE ( 'NONE', *, *, #338, .T. ) ;
#2684 = CARTESIAN_POINT ( 'NONE',  ( -1.357050807568749100, 5.062500032384925900, 5.522670419464448300E-007 ) ) ;
#2685 = CARTESIAN_POINT ( 'NONE',  ( 1.017787866537918800, -4.208333300948407200, -0.5876206509906432000 ) ) ;
#2686 = CARTESIAN_POINT ( 'NONE',  ( 0.8660260142261843000, -4.520833300948408100, 1.499999647561126800 ) ) ;
#2687 = CARTESIAN_POINT ( 'NONE',  ( -0.6785249255070874300, -4.916666634281741100, 1.175240749714245900 ) ) ;
#2688 = CARTESIAN_POINT ( 'NONE',  ( -0.6785258820616632000, -1.583333300948408100, -1.175240197447204200 ) ) ;
#2689 = CARTESIAN_POINT ( 'NONE',  ( -1.357050807568749100, 0.06250003238492553300, 5.522670419464448300E-007 ) ) ;
#2690 = CARTESIAN_POINT ( 'NONE',  ( 1.017787866537918800, -5.708333300948408100, -0.5876206509906432000 ) ) ;
#2691 = CARTESIAN_POINT ( 'NONE',  ( 1.017787866537917900, 3.854166699051591900, -0.5876206509906427600 ) ) ;
#2692 = CARTESIAN_POINT ( 'NONE',  ( 1.017788344815205200, 2.770833365718258000, 0.5876198225900811600 ) ) ;
#2693 = CARTESIAN_POINT ( 'NONE',  ( -1.299037800455634400, -2.708333300948393900, 0.7500005286580560000 ) ) ;
#2694 = CARTESIAN_POINT ( 'NONE',  ( 0.1937641008090490400, 0.2810088411693935100, -1.308233505273350500 ) ) ;
#2695 = CARTESIAN_POINT ( 'NONE',  ( 1.299037800455634700, 4.541666699051606100, -0.7500005286580553300 ) ) ;
#2696 = PLANE ( 'NONE',  #1923 ) ;
#2697 = FACE_OUTER_BOUND ( 'NONE', #1357, .T. ) ;
#2698 = CARTESIAN_POINT ( 'NONE',  ( -1.357050807568750000, -5.499999967615074100, 5.522670419464453600E-007 ) ) ;
#2699 = CARTESIAN_POINT ( 'NONE',  ( -1.017787866537918800, -2.458333300948407600, 0.5876206509906438700 ) ) ;
#2700 = CARTESIAN_POINT ( 'NONE',  ( 1.299037800455640400, -4.395833300948408100, -0.7500005286580587700 ) ) ;
#2701 = CARTESIAN_POINT ( 'NONE',  ( -0.6785258820616625300, -2.520833300948407600, -1.175240197447203300 ) ) ;
#2702 = CARTESIAN_POINT ( 'NONE',  ( -1.357050807568750000, -2.499999967615074100, 5.522670419464452500E-007 ) ) ;
#2703 = EDGE_CURVE ( 'NONE', #644, #60, #2269, .T. ) ;
#2704 = CARTESIAN_POINT ( 'NONE',  ( 6.104418183075187900E-007, -4.062499967615075000, 1.499999999999874800 ) ) ;
#2705 = CARTESIAN_POINT ( 'NONE',  ( -0.6785258820616632000, -2.583333300948407600, -1.175240197447204200 ) ) ;
#2706 = CARTESIAN_POINT ( 'NONE',  ( 0.6785249255070866500, -0.1041666342817410100, -1.175240749714245000 ) ) ;
#2707 = CARTESIAN_POINT ( 'NONE',  ( -1.017787866537918800, -5.458333300948408100, 0.5876206509906438700 ) ) ;
#2708 = CARTESIAN_POINT ( 'NONE',  ( -1.017787866537917900, 3.104166699051592800, 0.5876206509906434200 ) ) ;
#2709 = CARTESIAN_POINT ( 'NONE',  ( -1.017788344815205900, 4.020833365718258900, -0.5876198225900807200 ) ) ;
#2710 = CARTESIAN_POINT ( 'NONE',  ( 1.732050807568724200, -2.499999967615060400, -7.048774963870467500E-007 ) ) ;
#2711 = CARTESIAN_POINT ( 'NONE',  ( 1.017787866537918800, -5.208333300948407200, -0.5876206509906432000 ) ) ;
#2712 = CARTESIAN_POINT ( 'NONE',  ( -6.104418189141906800E-007, 3.125000032384939600, -1.499999999999867700 ) ) ;
#2713 = CARTESIAN_POINT ( 'NONE',  ( 4.782772877150562400E-007, -5.874999967615074100, 1.175240473580725100 ) ) ;
#2714 = CARTESIAN_POINT ( 'NONE',  ( -1.017787866537918800, -3.458333300948407600, 0.5876206509906438700 ) ) ;
#2715 = VERTEX_POINT ( 'NONE', #1355 ) ;
#2716 = CARTESIAN_POINT ( 'NONE',  ( 1.299038410897458200, -4.479166634281741100, 0.7499994713418155500 ) ) ;
#2717 = CARTESIAN_POINT ( 'NONE',  ( 0.6785249255070866500, -4.104166634281741100, -1.175240749714244700 ) ) ;
#2718 = CARTESIAN_POINT ( 'NONE',  ( 0.6785249255070872100, -3.666666634281741100, -1.175240749714245600 ) ) ;
#2719 = CARTESIAN_POINT ( 'NONE',  ( -1.175240473580822600, -5.949759526419176000, -0.05787102401708125300 ) ) ;
#2720 = CARTESIAN_POINT ( 'NONE',  ( 1.357050807568749500, -3.249999967615074100, -5.522670417802544300E-007 ) ) ;
#2721 = CARTESIAN_POINT ( 'NONE',  ( 1.357050807568748400, 2.812500032384925400, -5.522670417802541100E-007 ) ) ;
#2722 = CARTESIAN_POINT ( 'NONE',  ( 0.6785258820616624200, -5.333333300948409000, 1.175240197447204600 ) ) ;
#2723 = CARTESIAN_POINT ( 'NONE',  ( 1.017787866537917900, 4.854166699051592800, -0.5876206509906427600 ) ) ;
#2724 = CARTESIAN_POINT ( 'NONE',  ( 0.8660260142261802000, -2.083333300948393400, 1.499999647561119900 ) ) ;
#2725 = CARTESIAN_POINT ( 'NONE',  ( 1.017787866537918800, -3.708333300948408100, -0.5876206509906432000 ) ) ;
#2726 = CARTESIAN_POINT ( 'NONE',  ( -0.8660247933425441200, 5.333333365718272200, 1.500000352438615800 ) ) ;
#2727 = CARTESIAN_POINT ( 'NONE',  ( -0.5738131403559452200, -5.927308854578448900, 1.059302672394007100 ) ) ;
#2728 = CARTESIAN_POINT ( 'NONE',  ( 1.017788344815205900, -5.291666634281741100, 0.5876198225900816100 ) ) ;
#2729 = CARTESIAN_POINT ( 'NONE',  ( 1.017788344815205900, -2.791666634281741100, 0.5876198225900816100 ) ) ;
#2730 = CARTESIAN_POINT ( 'NONE',  ( 0.8660247933425441200, 1.083333365718273100, -1.500000352438615800 ) ) ;
#2731 = CARTESIAN_POINT ( 'NONE',  ( -1.732050807568732900, -4.187499967615075000, 7.048774965991651900E-007 ) ) ;
#2732 = EDGE_CURVE ( 'NONE', #2168, #3896, #1550, .T. ) ;
#2733 = CARTESIAN_POINT ( 'NONE',  ( -0.6785249255070867600, -2.854166634281741100, 1.175240749714245200 ) ) ;
#2734 = CARTESIAN_POINT ( 'NONE',  ( 1.357050807568749500, 0.2500000323849256900, -5.522670417802544300E-007 ) ) ;
#2735 = ORIENTED_EDGE ( 'NONE', *, *, #3556, .F. ) ;
#2736 = CARTESIAN_POINT ( 'NONE',  ( 1.499999999999998400, -1.437500001528509100, 6.594601891674731900E-015 ) ) ;
#2737 = CARTESIAN_POINT ( 'NONE',  ( -1.017788344815206500, -3.041666634281741100, -0.5876198225900811600 ) ) ;
#2738 = CARTESIAN_POINT ( 'NONE',  ( -0.6785258820616625300, 2.479166699051592400, -1.175240197447203300 ) ) ;
#2739 = CARTESIAN_POINT ( 'NONE',  ( -1.499999999999992000, -3.750000001528494200, 1.307299934472964400E-015 ) ) ;
#2740 = CARTESIAN_POINT ( 'NONE',  ( -1.357050807568749100, 5.062500032384925900, 5.522670419464448300E-007 ) ) ;
#2741 = FACE_BOUND ( 'NONE', #3774, .T. ) ;
#2742 = CARTESIAN_POINT ( 'NONE',  ( -1.299037800455634400, -0.7083333009483940800, 0.7500005286580560000 ) ) ;
#2743 = CARTESIAN_POINT ( 'NONE',  ( 1.017788344815205900, -3.791666634281741100, 0.5876198225900816100 ) ) ;
#2744 = CARTESIAN_POINT ( 'NONE',  ( 6.104418183075160400E-007, 5.375000032384940100, 1.499999999999867700 ) ) ;
#2745 = CARTESIAN_POINT ( 'NONE',  ( 0.6785258820616624200, -5.333333300948408100, 1.175240197447204400 ) ) ;
#2746 = CARTESIAN_POINT ( 'NONE',  ( -0.6785249255070874300, -3.916666634281740700, 1.175240749714245900 ) ) ;
#2747 = CARTESIAN_POINT ( 'NONE',  ( 0.8660247933425442300, -5.416666634281726900, -1.500000352438615600 ) ) ;
#2748 = CARTESIAN_POINT ( 'NONE',  ( -1.299037800455634400, 1.791666699051605700, 0.7500005286580560000 ) ) ;
#2749 = CARTESIAN_POINT ( 'NONE',  ( 0.8660247933425482300, -3.354166634281741100, -1.500000352438622500 ) ) ;
#2750 = CARTESIAN_POINT ( 'NONE',  ( 1.017787866537917900, -4.145833300948407200, -0.5876206509906427600 ) ) ;
#2751 = CARTESIAN_POINT ( 'NONE',  ( 1.017788344815205900, -1.791666634281740700, 0.5876198225900816100 ) ) ;
#2752 = CYLINDRICAL_SURFACE ( 'NONE', #1406, 1.499999999999996000 ) ;
#2753 = CARTESIAN_POINT ( 'NONE',  ( 6.104418183075187900E-007, -1.562499967615075000, 1.499999999999874800 ) ) ;
#2754 = CARTESIAN_POINT ( 'NONE',  ( -0.6785249255070874300, 0.08333336571825915300, 1.175240749714245900 ) ) ;
#2755 = CARTESIAN_POINT ( 'NONE',  ( -1.017787866537917900, 5.104166699051591000, 0.5876206509906434200 ) ) ;
#2756 = CARTESIAN_POINT ( 'NONE',  ( -0.8660247933425441200, -0.1666666342817272100, 1.500000352438615800 ) ) ;
#2757 = CARTESIAN_POINT ( 'NONE',  ( -0.8660260142261809700, 5.666666699051606100, -1.499999647561119500 ) ) ;
#2758 = CARTESIAN_POINT ( 'NONE',  ( 1.201323037266664800, -5.843591084643042800, 0.5146353702425836600 ) ) ;
#2759 = CARTESIAN_POINT ( 'NONE',  ( 4.782772877150562400E-007, -4.374999967615074100, 1.175240473580725100 ) ) ;
#2760 = CARTESIAN_POINT ( 'NONE',  ( 1.017788344815205900, -0.7916666342817415500, 0.5876198225900816100 ) ) ;
#2761 = CARTESIAN_POINT ( 'NONE',  ( -1.499999999999992200, -5.250000001528494700, -5.810221930990954100E-016 ) ) ;
#2762 = CARTESIAN_POINT ( 'NONE',  ( -1.299037800455634400, 0.7916666990516064700, 0.7500005286580560000 ) ) ;
#2763 = CARTESIAN_POINT ( 'NONE',  ( -0.8660260142261850800, 0.2291666990515920400, -1.499999647561126400 ) ) ;
#2764 = CARTESIAN_POINT ( 'NONE',  ( 1.017788344815205200, -4.729166634281741100, 0.5876198225900811600 ) ) ;
#2765 = CARTESIAN_POINT ( 'NONE',  ( 1.357050807568749500, -1.249999967615075000, -5.522670417802544300E-007 ) ) ;
#2766 = CARTESIAN_POINT ( 'NONE',  ( 0.6785258820616624200, 0.6666666990515924800, 1.175240197447204400 ) ) ;
#2767 = CLOSED_SHELL ( 'NONE', ( #980, #692, #3500, #3443, #1918, #4082, #38 ) ) ;
#2768 = CARTESIAN_POINT ( 'NONE',  ( -6.104418189141934300E-007, 1.187500032384925600, -1.499999999999874800 ) ) ;
#2769 = CARTESIAN_POINT ( 'NONE',  ( -0.6785258820616625300, 5.979166699051592800, -1.175240197447203300 ) ) ;
#2770 = CARTESIAN_POINT ( 'NONE',  ( -1.299038410897452900, 0.2083333657182731600, -0.7499994713418116600 ) ) ;
#2771 = ORIENTED_EDGE ( 'NONE', *, *, #1300, .F. ) ;
#2772 = CARTESIAN_POINT ( 'NONE',  ( 1.299038410897452200, 6.958333365718272200, 0.7499994713418120000 ) ) ;
#2773 = CARTESIAN_POINT ( 'NONE',  ( 1.301882937713197700, -5.823117062286798700, 9.822383532107793400E-012 ) ) ;
#2774 = CARTESIAN_POINT ( 'NONE',  ( -0.6785258820616625300, -3.020833300948407600, -1.175240197447203300 ) ) ;
#2775 = CARTESIAN_POINT ( 'NONE',  ( -1.017788344815206500, 0.4583333657182586100, -0.5876198225900811600 ) ) ;
#2776 = CARTESIAN_POINT ( 'NONE',  ( 4.782772877150559200E-007, 7.187500032384925900, 1.175240473580724300 ) ) ;
#2777 = CARTESIAN_POINT ( 'NONE',  ( -1.299037800455634400, 1.291666699051605900, 0.7500005286580560000 ) ) ;
#2778 = CARTESIAN_POINT ( 'NONE',  ( -0.8660260142261850800, -0.2708333009484084100, -1.499999647561126400 ) ) ;
#2779 = CARTESIAN_POINT ( 'NONE',  ( -0.6785258820616625300, -0.02083330094840817000, -1.175240197447203300 ) ) ;
#2780 = CARTESIAN_POINT ( 'NONE',  ( 1.017788344815205900, -1.291666634281741100, 0.5876198225900816100 ) ) ;
#2781 = EDGE_LOOP ( 'NONE', ( #3495, #2242, #2291, #2456 ) ) ;
#2782 = CARTESIAN_POINT ( 'NONE',  ( 1.499999999999992000, -5.500000001528495600, 9.005843993035980600E-016 ) ) ;
#2783 = CARTESIAN_POINT ( 'NONE',  ( 4.782772877150562400E-007, 1.625000032384926100, 1.175240473580725100 ) ) ;
#2784 = CARTESIAN_POINT ( 'NONE',  ( -1.732050807568732900, 1.312500032384925900, 7.048774965991651900E-007 ) ) ;
#2785 = CARTESIAN_POINT ( 'NONE',  ( 0.6785258820616618700, 5.729166699051591900, 1.175240197447203500 ) ) ;
#2786 = CARTESIAN_POINT ( 'NONE',  ( 6.104418183075160400E-007, 5.875000032384938300, 1.499999999999867700 ) ) ;
#2787 = DIRECTION ( 'NONE',  ( -3.524813029019029000E-017, -1.000000000000000000, -0.0000000000000000000 ) ) ;
#2788 = ORIENTED_EDGE ( 'NONE', *, *, #966, .F. ) ;
#2789 = CARTESIAN_POINT ( 'NONE',  ( -1.357050807568749100, -2.437499967615074100, 5.522670419464448300E-007 ) ) ;
#2790 = CARTESIAN_POINT ( 'NONE',  ( 1.017787866537918800, 0.2916666990515920900, -0.5876206509906432000 ) ) ;
#2791 = CARTESIAN_POINT ( 'NONE',  ( -0.8660260142261849700, -1.770833300948408100, -1.499999647561126400 ) ) ;
#2792 = CARTESIAN_POINT ( 'NONE',  ( -1.299038410897452900, 2.208333365718273100, -0.7499994713418116600 ) ) ;
#2793 = CARTESIAN_POINT ( 'NONE',  ( 0.8660247933425482300, 0.6458333657182586700, -1.500000352438622500 ) ) ;
#2794 = ORIENTED_EDGE ( 'NONE', *, *, #2317, .T. ) ;
#2795 =( BOUNDED_CURVE ( )  B_SPLINE_CURVE ( 2, ( #1582, #2531, #3780, #964, #3491, #3153, #1915, #11, #985 ),
 .UNSPECIFIED., .F., .F. ) 
 B_SPLINE_CURVE_WITH_KNOTS ( ( 3, 2, 2, 2, 3 ),
 ( 0.2232142834541667700, 0.2261904761904761900, 0.2321428571428571500, 0.2380952380952380800, 0.2410714263113096200 ),
 .UNSPECIFIED. ) 
 CURVE ( )  GEOMETRIC_REPRESENTATION_ITEM ( )  RATIONAL_B_SPLINE_CURVE ( ( 0.9330127018922579300, 0.9330126510220675400, 1.000000000000000000, 0.8660254037844387100, 1.000000000000000000, 0.8660254037844387100, 1.000000000000000000, 0.9330127527623710600, 0.9330127018922579300 ) ) 
 REPRESENTATION_ITEM ( '' )  );
#2796 = CARTESIAN_POINT ( 'NONE',  ( -1.017787866537917900, -0.3958333009484076300, 0.5876206509906434200 ) ) ;
#2797 = CARTESIAN_POINT ( 'NONE',  ( -4.782772882819593000E-007, -1.124999967615074600, -1.175240473580725100 ) ) ;
#2798 = CARTESIAN_POINT ( 'NONE',  ( -4.782772882819593000E-007, -0.6249999676150742600, -1.175240473580725100 ) ) ;
#2799 = LINE ( 'NONE', #3155, #2628 ) ;
#2800 = CARTESIAN_POINT ( 'NONE',  ( -0.8660247933425482300, 2.895833365718258000, 1.500000352438622500 ) ) ;
#2801 = CARTESIAN_POINT ( 'NONE',  ( -1.299037800455634400, 6.791666699051606100, 0.7500005286580560000 ) ) ;
#2802 = CARTESIAN_POINT ( 'NONE',  ( -4.782772882819589800E-007, -2.062499967615074600, -1.175240473580724300 ) ) ;
#2803 = CARTESIAN_POINT ( 'NONE',  ( -1.357050807568750000, -1.499999967615074100, 5.522670419464453600E-007 ) ) ;
#2804 = CARTESIAN_POINT ( 'NONE',  ( 1.499999999999992000, -5.500000001528495600, 9.005843993035980600E-016 ) ) ;
#2805 = CARTESIAN_POINT ( 'NONE',  ( -0.8660247933425482300, 0.3958333657182585600, 1.500000352438622500 ) ) ;
#2806 = VECTOR ( 'NONE', #3869, 1000.000000000000000 ) ;
#2807 = CARTESIAN_POINT ( 'NONE',  ( -1.357050807568748600, -1.937499967615074400, 5.522670419464448300E-007 ) ) ;
#2808 = CARTESIAN_POINT ( 'NONE',  ( -1.299038410897458900, -4.729166634281742000, -0.7499994713418151000 ) ) ;
#2809 = CARTESIAN_POINT ( 'NONE',  ( -0.6785258820616632000, 0.9166666990515918200, -1.175240197447204200 ) ) ;
#2810 = CARTESIAN_POINT ( 'NONE',  ( -1.732050807568732900, 1.812500032384924300, 7.048774965991651900E-007 ) ) ;
#2811 = CARTESIAN_POINT ( 'NONE',  ( -1.299037800455634400, 7.291666699051605200, 0.7500005286580560000 ) ) ;
#2812 = EDGE_CURVE ( 'NONE', #3475, #1151, #4095, .T. ) ;
#2813 = CARTESIAN_POINT ( 'NONE',  ( -1.357050807568749100, -3.437499967615074600, 5.522670419464448300E-007 ) ) ;
#2814 = CARTESIAN_POINT ( 'NONE',  ( 0.6785249255070872100, -0.6666666342817414400, -1.175240749714245600 ) ) ;
#2815 = CARTESIAN_POINT ( 'NONE',  ( -1.499999999999992000, -3.750000001528494200, 1.307299934472964400E-015 ) ) ;
#2816 = CARTESIAN_POINT ( 'NONE',  ( -6.104418189141934300E-007, -1.312499967615074800, -1.499999999999874800 ) ) ;
#2817 = CARTESIAN_POINT ( 'NONE',  ( -0.6785258820616625300, -2.020833300948407200, -1.175240197447203300 ) ) ;
#2818 = VERTEX_POINT ( 'NONE', #1677 ) ;
#2819 = CARTESIAN_POINT ( 'NONE',  ( -1.499999999999997100, -3.209829082723613300, -0.4019234615119198200 ) ) ;
#2820 = CARTESIAN_POINT ( 'NONE',  ( 0.6785249255070872100, 2.833333365718258000, -1.175240749714245600 ) ) ;
#2821 = CARTESIAN_POINT ( 'NONE',  ( 1.299038410897458200, 5.520833365718258900, 0.7499994713418155500 ) ) ;
#2822 = AXIS2_PLACEMENT_3D ( 'NONE', #1307, #4063, #2179 ) ;
#2823 = ADVANCED_FACE ( 'NONE', ( #2589 ), #3453, .T. ) ;
#2824 = CARTESIAN_POINT ( 'NONE',  ( 4.782772877150559200E-007, -6.312499967615074100, 1.175240473580724300 ) ) ;
#2825 = CARTESIAN_POINT ( 'NONE',  ( 1.788923619507585600E-015, 7.999999999999988500, 0.0000000000000000000 ) ) ;
#2826 = CARTESIAN_POINT ( 'NONE',  ( -0.6785258820616625300, -2.520833300948408100, -1.175240197447203300 ) ) ;
#2827 = CARTESIAN_POINT ( 'NONE',  ( -1.017788344815206500, 1.958333365718259100, -0.5876198225900811600 ) ) ;
#2828 = CARTESIAN_POINT ( 'NONE',  ( -1.499999999999992000, -2.750000001528495100, -6.187886356505365400E-015 ) ) ;
#2829 = CARTESIAN_POINT ( 'NONE',  ( 0.6785258820616618700, -1.270833300948407600, 1.175240197447203500 ) ) ;
#2830 = CARTESIAN_POINT ( 'NONE',  ( -0.8660247933425442300, -4.666666634281726900, 1.500000352438615600 ) ) ;
#2831 = FACE_OUTER_BOUND ( 'NONE', #458, .T. ) ;
#2832 = CARTESIAN_POINT ( 'NONE',  ( 4.782772877150562400E-007, 2.625000032384925400, 1.175240473580725100 ) ) ;
#2833 = CARTESIAN_POINT ( 'NONE',  ( -1.299038410897458900, 5.770833365718258900, -0.7499994713418151000 ) ) ;
#2834 = ORIENTED_EDGE ( 'NONE', *, *, #287, .F. ) ;
#2835 = CARTESIAN_POINT ( 'NONE',  ( -1.357050807568749100, -3.937499967615074600, 5.522670419464448300E-007 ) ) ;
#2836 = CARTESIAN_POINT ( 'NONE',  ( 1.017788344815205200, 0.2708333657182584500, 0.5876198225900811600 ) ) ;
#2837 = CARTESIAN_POINT ( 'NONE',  ( -1.357050807568750000, 3.500000032384926700, 5.522670419464453600E-007 ) ) ;
#2838 = CARTESIAN_POINT ( 'NONE',  ( 0.8660247933425442300, -2.916666634281726900, -1.500000352438615600 ) ) ;
#2839 = PLANE ( 'NONE',  #467 ) ;
#2840 = EDGE_CURVE ( 'NONE', #60, #929, #1341, .T. ) ;
#2841 = CARTESIAN_POINT ( 'NONE',  ( -1.299037800455640400, -2.645833300948408100, 0.7500005286580595500 ) ) ;
#2842 = CONICAL_SURFACE ( 'NONE', #2868, 1.124999999999995800, 0.7853981633974456100 ) ;
#2843 = ADVANCED_FACE ( 'NONE', ( #1281 ), #1972, .T. ) ;
#2844 = CARTESIAN_POINT ( 'NONE',  ( 1.097105677378451300, 0.3257445699756780200, 0.6707871520178374500 ) ) ;
#2845 = CARTESIAN_POINT ( 'NONE',  ( 1.017788344815205900, 4.208333365718259800, 0.5876198225900816100 ) ) ;
#2846 = CARTESIAN_POINT ( 'NONE',  ( 6.104418183075187900E-007, 5.937500032384925000, 1.499999999999874800 ) ) ;
#2847 = VECTOR ( 'NONE', #2489, 1000.000000000000000 ) ;
#2848 = CARTESIAN_POINT ( 'NONE',  ( -4.782772882819589800E-007, -3.562499967615074100, -1.175240473580724300 ) ) ;
#2849 = B_SPLINE_CURVE_WITH_KNOTS ( 'NONE', 3,
 ( #2773, #4027, #2758, #1510, #1540, #857, #223, #208, #2727, #3435, #4057, #604 ),
 .UNSPECIFIED., .F., .F.,
 ( 4, 2, 2, 2, 2, 4 ),
 ( 0.005519988797906253200, 0.006295283763527011200, 0.007070578729147769200, 0.007845873694768525400, 0.008233521177578905300, 0.008621168660389283400 ),
 .UNSPECIFIED. ) ;
#2850 = CARTESIAN_POINT ( 'NONE',  ( 0.6785258820616618700, 0.2291666990515920400, 1.175240197447203500 ) ) ;
#2851 = CARTESIAN_POINT ( 'NONE',  ( -4.782772882819593000E-007, 3.375000032384925900, -1.175240473580725100 ) ) ;
#2852 = CARTESIAN_POINT ( 'NONE',  ( 1.499999999999991800, -4.000000001528494700, 2.817957636530612800E-015 ) ) ;
#2853 = CARTESIAN_POINT ( 'NONE',  ( 1.499999999999995600, -5.999999999999998200, 0.0000000000000000000 ) ) ;
#2854 = CARTESIAN_POINT ( 'NONE',  ( 1.299037800455634700, -1.958333300948393400, -0.7500005286580553300 ) ) ;
#2855 = CARTESIAN_POINT ( 'NONE',  ( -0.1496826211317150200, 0.2690798016344903000, 1.325358149538259600 ) ) ;
#2856 = CARTESIAN_POINT ( 'NONE',  ( 1.357050807568749500, 1.750000032384926300, -5.522670417802544300E-007 ) ) ;
#2857 = DIRECTION ( 'NONE',  ( 1.000000000000000000, 0.0000000000000000000, 0.0000000000000000000 ) ) ;
#2858 = CARTESIAN_POINT ( 'NONE',  ( 1.299037800455640400, 5.604166699051591900, -0.7500005286580587700 ) ) ;
#2859 =( BOUNDED_CURVE ( )  B_SPLINE_CURVE ( 2, ( #683, #3853, #2560, #2901, #1660, #1675, #2308, #1353, #1637 ),
 .UNSPECIFIED., .F., .F. ) 
 B_SPLINE_CURVE_WITH_KNOTS ( ( 3, 2, 2, 2, 3 ),
 ( 0.3839285691684524700, 0.3869047619047619200, 0.3928571428571428500, 0.3988095238095238400, 0.4017857120255953800 ),
 .UNSPECIFIED. ) 
 CURVE ( )  GEOMETRIC_REPRESENTATION_ITEM ( )  RATIONAL_B_SPLINE_CURVE ( ( 0.9330127018922580500, 0.9330126510220673200, 1.000000000000000000, 0.8660254037844387100, 1.000000000000000000, 0.8660254037844387100, 1.000000000000000000, 0.9330127527623708300, 0.9330127018922580500 ) ) 
 REPRESENTATION_ITEM ( '' )  );
#2860 = ORIENTED_EDGE ( 'NONE', *, *, #2227, .F. ) ;
#2861 = CARTESIAN_POINT ( 'NONE',  ( -1.017787866537917900, -3.895833300948407600, 0.5876206509906434200 ) ) ;
#2862 = EDGE_CURVE ( 'NONE', #2882, #3834, #172, .T. ) ;
#2863 = CARTESIAN_POINT ( 'NONE',  ( 1.357050807568748400, -0.6874999676150743700, -5.522670417802541100E-007 ) ) ;
#2864 = CARTESIAN_POINT ( 'NONE',  ( 1.357050807568749500, 1.750000032384926300, -5.522670417802544300E-007 ) ) ;
#2865 = CARTESIAN_POINT ( 'NONE',  ( 1.014611536776595800, 0.06903560974316171100, -1.242640805355631300 ) ) ;
#2866 = CARTESIAN_POINT ( 'NONE',  ( 1.301882937713197700, -5.823117062286798700, 9.822383532107793400E-012 ) ) ;
#2867 = DIRECTION ( 'NONE',  ( 1.000000000000000000, 0.0000000000000000000, 0.0000000000000000000 ) ) ;
#2868 = AXIS2_PLACEMENT_3D ( 'NONE', #2337, #3295, #3601 ) ;
#2869 = CARTESIAN_POINT ( 'NONE',  ( -1.404903811536692700, 0.1950961884633086700, 1.278248824818010200E-015 ) ) ;
#2870 = CARTESIAN_POINT ( 'NONE',  ( -0.8660260142261809700, -4.833333300948393000, -1.499999647561119500 ) ) ;
#2871 = CARTESIAN_POINT ( 'NONE',  ( 0.6785249255070872100, 6.333333365718258000, -1.175240749714245600 ) ) ;
#2872 = CARTESIAN_POINT ( 'NONE',  ( 1.499999999999998700, -2.959829082723613300, 0.4019234615119166600 ) ) ;
#2873 = CARTESIAN_POINT ( 'NONE',  ( -0.8660247933425482300, 5.895833365718258900, 1.500000352438622500 ) ) ;
#2874 = DESIGN_CONTEXT ( 'detailed design', #3880, 'design' ) ;
#2875 = VERTEX_POINT ( 'NONE', #1783 ) ;
#2876 = AXIS2_PLACEMENT_3D ( 'NONE', #2825, #3944, #1688 ) ;
#2877 = CARTESIAN_POINT ( 'NONE',  ( 1.017788344815205200, -5.229166634281741100, 0.5876198225900811600 ) ) ;
#2878 = CARTESIAN_POINT ( 'NONE',  ( -1.017787866537917900, 0.6041666990515923700, 0.5876206509906434200 ) ) ;
#2879 = EDGE_LOOP ( 'NONE', ( #2794, #165, #2735, #138, #1629 ) ) ;
#2880 = CARTESIAN_POINT ( 'NONE',  ( 0.6785258820616624200, 5.666666699051591900, 1.175240197447204400 ) ) ;
#2881 = DIRECTION ( 'NONE',  ( 1.000000000000000000, 0.0000000000000000000, 0.0000000000000000000 ) ) ;
#2882 = VERTEX_POINT ( 'NONE', #471 ) ;
#2883 = ADVANCED_FACE ( 'NONE', ( #829 ), #3980, .T. ) ;
#2884 = CARTESIAN_POINT ( 'NONE',  ( -1.299038410897452900, -3.291666634281726900, -0.7499994713418116600 ) ) ;
#2885 = CARTESIAN_POINT ( 'NONE',  ( 1.017787866537918800, 4.791666699051592800, -0.5876206509906432000 ) ) ;
#2886 = ORIENTED_EDGE ( 'NONE', *, *, #195, .F. ) ;
#2887 = CARTESIAN_POINT ( 'NONE',  ( -1.299037800455640400, -3.145833300948408100, 0.7500005286580595500 ) ) ;
#2888 = CARTESIAN_POINT ( 'NONE',  ( -0.6741848951734477100, -5.718755531995833000, -1.237412881393249900 ) ) ;
#2889 = CARTESIAN_POINT ( 'NONE',  ( -1.017787866537917900, -5.395833300948408100, 0.5876206509906434200 ) ) ;
#2890 = CARTESIAN_POINT ( 'NONE',  ( 0.6785249255070866500, 1.895833365718259100, -1.175240749714245000 ) ) ;
#2891 = CARTESIAN_POINT ( 'NONE',  ( -0.6785258820616632000, 3.916666699051591500, -1.175240197447204200 ) ) ;
#2892 = DIRECTION ( 'NONE',  ( 5.356182135569786000E-016, 1.000000000000000000, -0.0000000000000000000 ) ) ;
#2893 = CARTESIAN_POINT ( 'NONE',  ( -1.499999999999999300, -0.2098290827236135300, -0.4019234615119163200 ) ) ;
#2894 = CYLINDRICAL_SURFACE ( 'NONE', #3172, 1.499999999999996000 ) ;
#2895 = CARTESIAN_POINT ( 'NONE',  ( -1.357050807568750000, 5.500000032384925900, 5.522670419464453600E-007 ) ) ;
#2896 = CARTESIAN_POINT ( 'NONE',  ( 1.788923619507585200E-015, 7.999999999999986700, 0.0000000000000000000 ) ) ;
#2897 = CARTESIAN_POINT ( 'NONE',  ( 0.8660260142261843000, 6.479166699051592800, 1.499999647561126800 ) ) ;
#2898 = CARTESIAN_POINT ( 'NONE',  ( -4.782772882819589800E-007, -1.562499967615074100, -1.175240473580724300 ) ) ;
#2899 = CARTESIAN_POINT ( 'NONE',  ( 4.782772877150562400E-007, 4.625000032384925000, 1.175240473580725100 ) ) ;
#2900 = CARTESIAN_POINT ( 'NONE',  ( -3.166666666666690100, 7.999999999999988500, 0.0000000000000000000 ) ) ;
#2901 = CARTESIAN_POINT ( 'NONE',  ( 0.8660247933425482300, -1.354166634281741300, -1.500000352438622300 ) ) ;
#2902 = CARTESIAN_POINT ( 'NONE',  ( -1.499999999999992200, -3.250000001528494700, -2.411242101361245900E-015 ) ) ;
#2903 = CARTESIAN_POINT ( 'NONE',  ( -1.017787866537918800, 4.541666699051592800, 0.5876206509906438700 ) ) ;
#2904 =( BOUNDED_CURVE ( )  B_SPLINE_CURVE ( 2, ( #3342, #141, #503, #3926, #3323, #1462, #3030, #3011, #2369 ),
 .UNSPECIFIED., .F., .T. ) 
 B_SPLINE_CURVE_WITH_KNOTS ( ( 3, 2, 2, 2, 3 ),
 ( 0.4374999977398810700, 0.4404761904761904700, 0.4464285714285714500, 0.4523809523809523800, 0.4553571405970239200 ),
 .UNSPECIFIED. ) 
 CURVE ( )  GEOMETRIC_REPRESENTATION_ITEM ( )  RATIONAL_B_SPLINE_CURVE ( ( 0.9330127018922580500, 0.9330126510220679800, 1.000000000000000000, 0.8660254037844387100, 1.000000000000000000, 0.8660254037844387100, 1.000000000000000000, 0.9330127527623708300, 0.9330127018922580500 ) ) 
 REPRESENTATION_ITEM ( '' )  );
#2905 = ORIENTED_EDGE ( 'NONE', *, *, #715, .F. ) ;
#2906 = CARTESIAN_POINT ( 'NONE',  ( -1.499999999999999100, -4.687500001528509800, -2.411242101361245900E-015 ) ) ;
#2907 = CARTESIAN_POINT ( 'NONE',  ( -0.5878476833129714400, -5.704168347531213700, 1.296546208610515300 ) ) ;
#2908 = ORIENTED_EDGE ( 'NONE', *, *, #2732, .F. ) ;
#2909 = CARTESIAN_POINT ( 'NONE',  ( -1.357050807568749100, -2.937499967615074100, 5.522670419464448300E-007 ) ) ;
#2910 = EDGE_CURVE ( 'NONE', #2607, #3834, #296, .T. ) ;
#2911 = CARTESIAN_POINT ( 'NONE',  ( 0.6785258820616624200, 3.666666699051591500, 1.175240197447204400 ) ) ;
#2912 = CARTESIAN_POINT ( 'NONE',  ( -1.499999999999996400, -5.999999999999998200, 1.836970198721024800E-016 ) ) ;
#2913 = CARTESIAN_POINT ( 'NONE',  ( -1.299038410897458900, -0.7291666342817415500, -0.7499994713418151000 ) ) ;
#2914 = DIRECTION ( 'NONE',  ( -1.000000000000000000, 5.356182135569786000E-016, 0.0000000000000000000 ) ) ;
#2915 = ORIENTED_EDGE ( 'NONE', *, *, #1982, .F. ) ;
#2916 = AXIS2_PLACEMENT_3D ( 'NONE', #3863, #1985, #403 ) ;
#2917 = CARTESIAN_POINT ( 'NONE',  ( -1.299037800455634400, -4.208333300948393900, 0.7500005286580560000 ) ) ;
#2918 = CARTESIAN_POINT ( 'NONE',  ( 1.357050807568749500, 5.250000032384925900, -5.522670417802544300E-007 ) ) ;
#2919 = DIRECTION ( 'NONE',  ( 0.0000000000000000000, 0.0000000000000000000, 1.000000000000000000 ) ) ;
#2920 = CARTESIAN_POINT ( 'NONE',  ( 6.104418183075187900E-007, 6.937500032384925900, 1.499999999999874800 ) ) ;
#2921 = CYLINDRICAL_SURFACE ( 'NONE', #3288, 1.499999999999996000 ) ;
#2922 = CARTESIAN_POINT ( 'NONE',  ( -1.357050807568749100, -2.437499967615074100, 5.522670419464448300E-007 ) ) ;
#2923 = ORIENTED_EDGE ( 'NONE', *, *, #647, .T. ) ;
#2924 = CARTESIAN_POINT ( 'NONE',  ( 1.017787866537918800, 5.291666699051591000, -0.5876206509906432000 ) ) ;
#2925 = CARTESIAN_POINT ( 'NONE',  ( 0.8393365193439921200, 0.3937809949816408700, -0.8778626766503201400 ) ) ;
#2926 = CARTESIAN_POINT ( 'NONE',  ( -6.104418189141906800E-007, -5.874999967615059900, -1.499999999999867700 ) ) ;
#2927 = CARTESIAN_POINT ( 'NONE',  ( 1.299037800455640400, -2.895833300948408100, -0.7500005286580587700 ) ) ;
#2928 = CARTESIAN_POINT ( 'NONE',  ( -3.460191456820336100E-016, -5.999999999999998200, 0.0000000000000000000 ) ) ;
#2929 = VECTOR ( 'NONE', #3541, 1000.000000000000000 ) ;
#2930 = CARTESIAN_POINT ( 'NONE',  ( 1.299037800455634700, -1.458333300948393900, -0.7500005286580553300 ) ) ;
#2931 = CARTESIAN_POINT ( 'NONE',  ( -1.732050807568732900, -5.187499967615075000, 7.048774965991651900E-007 ) ) ;
#2932 = CYLINDRICAL_SURFACE ( 'NONE', #1625, 4.000000000000031100 ) ;
#2933 = CARTESIAN_POINT ( 'NONE',  ( -1.299037800455640400, -4.645833300948408100, 0.7500005286580595500 ) ) ;
#2934 = CARTESIAN_POINT ( 'NONE',  ( -1.232878744359194000, -5.892121255640804900, 0.1748750595891042900 ) ) ;
#2935 = EDGE_CURVE ( 'NONE', #3317, #1531, #614, .T. ) ;
#2936 = CARTESIAN_POINT ( 'NONE',  ( 0.6785258820616618700, -2.270833300948407600, 1.175240197447203500 ) ) ;
#2937 = CYLINDRICAL_SURFACE ( 'NONE', #6, 3.166666666666686500 ) ;
#2938 = CARTESIAN_POINT ( 'NONE',  ( -0.6785258820616632000, 6.916666699051591000, -1.175240197447204200 ) ) ;
#2939 = CARTESIAN_POINT ( 'NONE',  ( 1.029198403615906100, 0.3821800868711968700, -0.6663335279724321700 ) ) ;
#2940 = CARTESIAN_POINT ( 'NONE',  ( -0.8660247933425441200, -5.666666634281726900, 1.500000352438615800 ) ) ;
#2941 = CARTESIAN_POINT ( 'NONE',  ( 1.499999999999998200, -2.915170883985094300, -0.4019241157814861800 ) ) ;
#2942 = DIRECTION ( 'NONE',  ( -3.524813029019029000E-017, -1.000000000000000000, -0.0000000000000000000 ) ) ;
#2943 = CARTESIAN_POINT ( 'NONE',  ( -1.017787866537917900, 6.604166699051592800, 0.5876206509906434200 ) ) ;
#2944 = CARTESIAN_POINT ( 'NONE',  ( -1.499999999999990500, -1.272329082723599300, -0.4019234615119179900 ) ) ;
#2945 = CARTESIAN_POINT ( 'NONE',  ( 1.017787866537918800, 7.291666699051591000, -0.5876206509906432000 ) ) ;
#2946 = AXIS2_PLACEMENT_3D ( 'NONE', #1830, #3690, #2448 ) ;
#2947 = CARTESIAN_POINT ( 'NONE',  ( 1.499999999999998400, -0.4375000015285089900, -9.005843993035976600E-016 ) ) ;
#2948 = CARTESIAN_POINT ( 'NONE',  ( -0.8660247933425442300, -2.166666634281727300, 1.500000352438615600 ) ) ;
#2949 = CARTESIAN_POINT ( 'NONE',  ( -0.6785258820616625300, -1.020833300948408100, -1.175240197447203300 ) ) ;
#2950 = CARTESIAN_POINT ( 'NONE',  ( -0.6785258820616632000, 6.416666699051592800, -1.175240197447204200 ) ) ;
#2951 = CARTESIAN_POINT ( 'NONE',  ( 1.357050807568748400, -5.687499967615075000, -5.522670417802541100E-007 ) ) ;
#2952 = CARTESIAN_POINT ( 'NONE',  ( 0.6785249255070866500, 2.895833365718258000, -1.175240749714245000 ) ) ;
#2953 = ORIENTED_EDGE ( 'NONE', *, *, #1518, .F. ) ;
#2954 = CARTESIAN_POINT ( 'NONE',  ( 6.104418183075160400E-007, -4.124999967615059900, 1.499999999999867700 ) ) ;
#2955 = CARTESIAN_POINT ( 'NONE',  ( 0.5789199114800811500, 0.2263858760571435500, -1.260274733202570800 ) ) ;
#2956 = CARTESIAN_POINT ( 'NONE',  ( -4.782772882819589800E-007, 4.937500032384925900, -1.175240473580724300 ) ) ;
#2957 = VERTEX_POINT ( 'NONE', #191 ) ;
#2958 = CARTESIAN_POINT ( 'NONE',  ( -1.299037800455640400, -4.645833300948408100, 0.7500005286580595500 ) ) ;
#2959 = CARTESIAN_POINT ( 'NONE',  ( -0.6785258820616625300, -5.520833300948408100, -1.175240197447203300 ) ) ;
#2960 = AXIS2_PLACEMENT_3D ( 'NONE', #3842, #2226, #2532 ) ;
#2961 = CARTESIAN_POINT ( 'NONE',  ( -0.6785249255070867600, 1.145833365718258200, 1.175240749714245200 ) ) ;
#2962 = DIRECTION ( 'NONE',  ( -1.000000000000000000, 5.478074134663557900E-016, 0.0000000000000000000 ) ) ;
#2963 = CARTESIAN_POINT ( 'NONE',  ( 1.017787866537917900, -5.145833300948407200, -0.5876206509906427600 ) ) ;
#2964 = CARTESIAN_POINT ( 'NONE',  ( -1.017788344815205900, 2.520833365718259800, -0.5876198225900807200 ) ) ;
#2965 = CARTESIAN_POINT ( 'NONE',  ( 1.732050807568724200, -3.499999967615060800, -7.048774963870467500E-007 ) ) ;
#2966 = CARTESIAN_POINT ( 'NONE',  ( 1.285406414375205800, 0.1114536414911975500, -0.7569816188370016600 ) ) ;
#2967 = CARTESIAN_POINT ( 'NONE',  ( -1.357050807568749100, 6.062500032384925000, 5.522670419464448300E-007 ) ) ;
#2968 = CARTESIAN_POINT ( 'NONE',  ( 1.299037800455640400, -4.895833300948408100, -0.7500005286580587700 ) ) ;
#2969 = ORIENTED_EDGE ( 'NONE', *, *, #2455, .T. ) ;
#2970 = DIRECTION ( 'NONE',  ( 1.000000000000000000, -4.612682241882212900E-017, 0.0000000000000000000 ) ) ;
#2971 = CARTESIAN_POINT ( 'NONE',  ( -1.357050807568750000, -3.499999967615075000, 5.522670419464452500E-007 ) ) ;
#2972 = ORIENTED_EDGE ( 'NONE', *, *, #2935, .T. ) ;
#2973 = CARTESIAN_POINT ( 'NONE',  ( 1.017787866537917900, 1.854166699051591700, -0.5876206509906427600 ) ) ;
#2974 = DIRECTION ( 'NONE',  ( 6.237853260653827600E-016, -1.000000000000000000, 0.0000000000000000000 ) ) ;
#2975 = CARTESIAN_POINT ( 'NONE',  ( -0.6785249255070867600, -6.354166634281741100, 1.175240749714245200 ) ) ;
#2976 =( BOUNDED_CURVE ( )  B_SPLINE_CURVE ( 2, ( #26, #2577, #3528, #1640, #3220, #664, #3542, #987, #2249 ),
 .UNSPECIFIED., .F., .F. ) 
 B_SPLINE_CURVE_WITH_KNOTS ( ( 3, 2, 2, 2, 3 ),
 ( 0.09821428345416678700, 0.1011904761904761900, 0.1071428571428571400, 0.1130952380952381000, 0.1160714263113096400 ),
 .UNSPECIFIED. ) 
 CURVE ( )  GEOMETRIC_REPRESENTATION_ITEM ( )  RATIONAL_B_SPLINE_CURVE ( ( 0.9330127018922580500, 0.9330126510220679800, 1.000000000000000000, 0.8660254037844387100, 1.000000000000000000, 0.8660254037844387100, 1.000000000000000000, 0.9330127527623708300, 0.9330127018922578200 ) ) 
 REPRESENTATION_ITEM ( '' )  );
#2977 = CARTESIAN_POINT ( 'NONE',  ( -1.017787866537917900, 2.104166699051591900, 0.5876206509906434200 ) ) ;
#2978 = CARTESIAN_POINT ( 'NONE',  ( 0.8660247933425441200, -4.416666634281726900, -1.500000352438615800 ) ) ;
#2979 = CARTESIAN_POINT ( 'NONE',  ( 0.6785249255070872100, -5.666666634281741100, -1.175240749714245600 ) ) ;
#2980 = ORIENTED_EDGE ( 'NONE', *, *, #1028, .T. ) ;
#2981 = CARTESIAN_POINT ( 'NONE',  ( 4.782772877150559200E-007, 5.187500032384925900, 1.175240473580724300 ) ) ;
#2982 = CARTESIAN_POINT ( 'NONE',  ( -0.8660260142261809700, -1.333333300948393600, -1.499999647561119500 ) ) ;
#2983 = CARTESIAN_POINT ( 'NONE',  ( -4.782772882819593000E-007, 7.375000032384925900, -1.175240473580725100 ) ) ;
#2984 = DATE_TIME_ROLE ( 'classification_date' ) ;
#2985 = CARTESIAN_POINT ( 'NONE',  ( -1.357050807568748600, -4.937499967615074100, 5.522670419464448300E-007 ) ) ;
#2986 = CARTESIAN_POINT ( 'NONE',  ( 1.357050807568749500, -3.249999967615074600, -5.522670417802544300E-007 ) ) ;
#2987 = EDGE_CURVE ( 'NONE', #516, #1560, #733, .T. ) ;
#2988 = CARTESIAN_POINT ( 'NONE',  ( -1.357050807568750000, -2.499999967615074100, 5.522670419464453600E-007 ) ) ;
#2989 = CARTESIAN_POINT ( 'NONE',  ( -1.017787866537917900, -0.3958333009484076300, 0.5876206509906434200 ) ) ;
#2990 = CARTESIAN_POINT ( 'NONE',  ( 0.6785258820616624200, 7.166666699051591900, 1.175240197447204400 ) ) ;
#2991 = CARTESIAN_POINT ( 'NONE',  ( 0.6785258820616618700, -4.770833300948407200, 1.175240197447203500 ) ) ;
#2992 = CARTESIAN_POINT ( 'NONE',  ( -1.017788344815205900, 3.020833365718258400, -0.5876198225900807200 ) ) ;
#2993 = CARTESIAN_POINT ( 'NONE',  ( 1.732050807568724200, -1.499999967615060200, -7.048774963870467500E-007 ) ) ;
#2994 = CARTESIAN_POINT ( 'NONE',  ( 1.339542851502640000, 0.1000000000000043400, -0.6749999622134601500 ) ) ;
#2995 = CARTESIAN_POINT ( 'NONE',  ( -1.329547902526555300, -5.640885271543274000, 0.6666481955893485100 ) ) ;
#2996 = CARTESIAN_POINT ( 'NONE',  ( -0.6785258820616625300, 4.479166699051592800, -1.175240197447203300 ) ) ;
#2997 = CARTESIAN_POINT ( 'NONE',  ( 4.782772877150562400E-007, -3.374999967615074600, 1.175240473580725100 ) ) ;
#2998 = CARTESIAN_POINT ( 'NONE',  ( -6.104418189141934300E-007, -3.312499967615074600, -1.499999999999874800 ) ) ;
#2999 = APPROVAL_STATUS ( 'not_yet_approved' ) ;
#3000 = DIRECTION ( 'NONE',  ( -3.524813029019029000E-017, -1.000000000000000000, -0.0000000000000000000 ) ) ;
#3001 = CARTESIAN_POINT ( 'NONE',  ( -0.6785258820616632000, -4.083333300948408100, -1.175240197447204200 ) ) ;
#3002 = CARTESIAN_POINT ( 'NONE',  ( 1.017787866537918800, -2.708333300948408100, -0.5876206509906432000 ) ) ;
#3003 = CARTESIAN_POINT ( 'NONE',  ( 1.017787866537917900, 0.3541666990515921500, -0.5876206509906427600 ) ) ;
#3004 = VERTEX_POINT ( 'NONE', #3614 ) ;
#3005 = CARTESIAN_POINT ( 'NONE',  ( -4.782772882819589800E-007, 4.437500032384925000, -1.175240473580724300 ) ) ;
#3006 = CARTESIAN_POINT ( 'NONE',  ( 1.357050807568748400, 3.812500032384925000, -5.522670417802541100E-007 ) ) ;
#3007 = CARTESIAN_POINT ( 'NONE',  ( 1.299038410897452200, -2.541666634281726900, 0.7499994713418120000 ) ) ;
#3008 = VERTEX_POINT ( 'NONE', #523 ) ;
#3009 = DIRECTION ( 'NONE',  ( 5.356182135569786000E-016, 1.000000000000000000, -0.0000000000000000000 ) ) ;
#3010 = CARTESIAN_POINT ( 'NONE',  ( -0.8660260142261809700, 4.666666699051606100, -1.499999647561119500 ) ) ;
#3011 = CARTESIAN_POINT ( 'NONE',  ( 1.499999999999991600, -0.02232908272359950700, 0.4019234615119147700 ) ) ;
#3012 = CARTESIAN_POINT ( 'NONE',  ( -1.017787866537918800, -5.458333300948408100, 0.5876206509906438700 ) ) ;
#3013 = CARTESIAN_POINT ( 'NONE',  ( 0.6785258820616624200, -1.833333300948408100, 1.175240197447204400 ) ) ;
#3014 = EDGE_LOOP ( 'NONE', ( #1968, #3777, #1861, #80 ) ) ;
#3015 = CARTESIAN_POINT ( 'NONE',  ( 1.299037800455640400, -3.895833300948408100, -0.7500005286580587700 ) ) ;
#3016 = EDGE_CURVE ( 'NONE', #1356, #3812, #2904, .T. ) ;
#3017 = CARTESIAN_POINT ( 'NONE',  ( -0.6785258820616625300, -4.020833300948408100, -1.175240197447203300 ) ) ;
#3018 = CARTESIAN_POINT ( 'NONE',  ( -0.6785249255070874300, -2.416666634281741100, 1.175240749714245900 ) ) ;
#3019 = AXIS2_PLACEMENT_3D ( 'NONE', #3657, #3009, #3972 ) ;
#3020 = CARTESIAN_POINT ( 'NONE',  ( -1.500000000000000400, -1.665170883985094900, 0.4019241157814832400 ) ) ;
#3021 = CARTESIAN_POINT ( 'NONE',  ( -4.782772882819593000E-007, -1.124999967615074600, -1.175240473580725100 ) ) ;
#3022 = CARTESIAN_POINT ( 'NONE',  ( 1.017788344815205200, 0.2708333657182584500, 0.5876198225900811600 ) ) ;
#3023 = CIRCLE ( 'NONE', #2088, 3.166666666666690500 ) ;
#3024 = CARTESIAN_POINT ( 'NONE',  ( 4.782772877150562400E-007, -5.874999967615074100, 1.175240473580725100 ) ) ;
#3025 = CARTESIAN_POINT ( 'NONE',  ( -1.017787866537917900, 4.604166699051592800, 0.5876206509906434200 ) ) ;
#3026 = CARTESIAN_POINT ( 'NONE',  ( 0.6785258820616618700, 3.729166699051591900, 1.175240197447203500 ) ) ;
#3027 = CARTESIAN_POINT ( 'NONE',  ( -1.732050807568724600, -0.7499999676150604900, 7.048774965991616900E-007 ) ) ;
#3028 = CARTESIAN_POINT ( 'NONE',  ( -0.6785258820616632000, -4.083333300948408100, -1.175240197447204200 ) ) ;
#3029 = CARTESIAN_POINT ( 'NONE',  ( -1.299037800455634400, 4.791666699051606100, 0.7500005286580560000 ) ) ;
#3030 = CARTESIAN_POINT ( 'NONE',  ( 1.299038410897452200, -0.04166663428172706600, 0.7499994713418120000 ) ) ;
#3031 = ORIENTED_EDGE ( 'NONE', *, *, #4097, .F. ) ;
#3032 = AXIS2_PLACEMENT_3D ( 'NONE', #1933, #689, #1955 ) ;
#3033 = CARTESIAN_POINT ( 'NONE',  ( -1.017788344815206500, -5.541666634281740200, -0.5876198225900811600 ) ) ;
#3034 = CARTESIAN_POINT ( 'NONE',  ( -1.017787866537918800, -1.958333300948408100, 0.5876206509906438700 ) ) ;
#3035 = CARTESIAN_POINT ( 'NONE',  ( 0.8660247933425482300, -2.354166634281741100, -1.500000352438622500 ) ) ;
#3036 = CIRCLE ( 'NONE', #2960, 3.166666666666682900 ) ;
#3037 = CARTESIAN_POINT ( 'NONE',  ( 0.6785249255070866500, -3.604166634281741100, -1.175240749714244700 ) ) ;
#3038 = CARTESIAN_POINT ( 'NONE',  ( 0.6785249255070872100, -2.666666634281741600, -1.175240749714245600 ) ) ;
#3039 = CARTESIAN_POINT ( 'NONE',  ( -1.299037800455640400, -1.645833300948407900, 0.7500005286580595500 ) ) ;
#3040 = CARTESIAN_POINT ( 'NONE',  ( -0.6785258820616632000, -3.583333300948407600, -1.175240197447204200 ) ) ;
#3041 = FACE_OUTER_BOUND ( 'NONE', #668, .T. ) ;
#3042 = CARTESIAN_POINT ( 'NONE',  ( 1.017788344815205200, 2.270833365718259300, 0.5876198225900811600 ) ) ;
#3043 = CARTESIAN_POINT ( 'NONE',  ( 4.782772877150562400E-007, -5.374999967615074100, 1.175240473580725100 ) ) ;
#3044 = CARTESIAN_POINT ( 'NONE',  ( -4.782772882819589800E-007, 4.937500032384925900, -1.175240473580724300 ) ) ;
#3045 = CARTESIAN_POINT ( 'NONE',  ( 0.8660260142261802000, -2.583333300948393900, 1.499999647561119900 ) ) ;
#3046 = CARTESIAN_POINT ( 'NONE',  ( 0.6785249255070872100, -4.666666634281742000, -1.175240749714245600 ) ) ;
#3047 = CARTESIAN_POINT ( 'NONE',  ( 0.8660247933425441200, 4.583333365718274000, -1.500000352438615800 ) ) ;
#3048 = CARTESIAN_POINT ( 'NONE',  ( -1.499999999999999300, -4.209829082723612900, -0.4019234615119163200 ) ) ;
#3049 = CARTESIAN_POINT ( 'NONE',  ( 0.6785258820616624200, -6.333333300948408100, 1.175240197447204400 ) ) ;
#3050 = CARTESIAN_POINT ( 'NONE',  ( -0.6785258820616632000, -3.583333300948407600, -1.175240197447204200 ) ) ;
#3051 = CARTESIAN_POINT ( 'NONE',  ( 0.8660247933425441200, 1.583333365718272400, -1.500000352438615800 ) ) ;
#3052 = CARTESIAN_POINT ( 'NONE',  ( -0.8660247933425482300, -3.604166634281741100, 1.500000352438622500 ) ) ;
#3053 = CARTESIAN_POINT ( 'NONE',  ( -1.017788344815205900, -2.479166634281741600, -0.5876198225900807200 ) ) ;
#3054 = CARTESIAN_POINT ( 'NONE',  ( -4.782772882819593000E-007, 0.3750000323849258000, -1.175240473580725100 ) ) ;
#3055 = EDGE_CURVE ( 'NONE', #2449, #3324, #1474, .T. ) ;
#3056 = CARTESIAN_POINT ( 'NONE',  ( -1.357050807568750000, 1.000000032384925400, 5.522670419464453600E-007 ) ) ;
#3057 = CARTESIAN_POINT ( 'NONE',  ( -0.6785258820616625300, 2.979166699051592400, -1.175240197447203300 ) ) ;
#3058 = CARTESIAN_POINT ( 'NONE',  ( 1.017788344815205200, 5.270833365718258900, 0.5876198225900811600 ) ) ;
#3059 = CARTESIAN_POINT ( 'NONE',  ( 6.104418183075160400E-007, -0.6249999676150603800, 1.499999999999867700 ) ) ;
#3060 = CARTESIAN_POINT ( 'NONE',  ( -4.782772882819593000E-007, -5.124999967615075000, -1.175240473580725100 ) ) ;
#3061 = CARTESIAN_POINT ( 'NONE',  ( 1.299038410897452200, 3.458333365718272700, 0.7499994713418120000 ) ) ;
#3062 = DIRECTION ( 'NONE',  ( 1.000000000000000000, -3.524813029019029000E-017, 0.0000000000000000000 ) ) ;
#3063 = CARTESIAN_POINT ( 'NONE',  ( 4.782772877150562400E-007, -6.374999967615074100, 1.175240473580725100 ) ) ;
#3064 = CARTESIAN_POINT ( 'NONE',  ( 0.6785249255070872100, 0.3333333657182585000, -1.175240749714245600 ) ) ;
#3065 = CARTESIAN_POINT ( 'NONE',  ( -4.782772882819589800E-007, 6.937500032384925900, -1.175240473580724300 ) ) ;
#3066 = ORIENTED_EDGE ( 'NONE', *, *, #715, .T. ) ;
#3067 = CARTESIAN_POINT ( 'NONE',  ( -1.732050807568724600, 1.250000032384939400, 7.048774965991616900E-007 ) ) ;
#3068 = CARTESIAN_POINT ( 'NONE',  ( 6.104418183075187900E-007, -4.562499967615074100, 1.499999999999874800 ) ) ;
#3069 = CARTESIAN_POINT ( 'NONE',  ( -4.782772882819589800E-007, -3.562499967615074100, -1.175240473580724300 ) ) ;
#3070 = CARTESIAN_POINT ( 'NONE',  ( -1.357050807568750000, -0.4999999676150749800, 5.522670419464452500E-007 ) ) ;
#3071 = CARTESIAN_POINT ( 'NONE',  ( -0.8660247933425442300, -5.166666634281726000, 1.500000352438615600 ) ) ;
#3072 = CARTESIAN_POINT ( 'NONE',  ( -1.017788344815206500, -0.5416666342817413300, -0.5876198225900811600 ) ) ;
#3073 = CARTESIAN_POINT ( 'NONE',  ( 0.8660247933425482300, 2.145833365718259300, -1.500000352438622500 ) ) ;
#3074 = CARTESIAN_POINT ( 'NONE',  ( 0.6785249255070866500, 4.395833365718259800, -1.175240749714245000 ) ) ;
#3075 = CARTESIAN_POINT ( 'NONE',  ( 1.732050807568724200, -0.4999999676150602100, -7.048774963870467500E-007 ) ) ;
#3076 = CARTESIAN_POINT ( 'NONE',  ( 6.104418183075160400E-007, 4.875000032384939200, 1.499999999999867700 ) ) ;
#3077 = CARTESIAN_POINT ( 'NONE',  ( -1.017787866537917900, -3.395833300948407600, 0.5876206509906434200 ) ) ;
#3078 = CARTESIAN_POINT ( 'NONE',  ( -0.6785249255070874300, -1.416666634281741600, 1.175240749714245900 ) ) ;
#3079 = CARTESIAN_POINT ( 'NONE',  ( 1.299038410897452200, 0.9583333657182729900, 0.7499994713418120000 ) ) ;
#3080 = CARTESIAN_POINT ( 'NONE',  ( -1.299037800455640400, -0.1458333009484083000, 0.7500005286580595500 ) ) ;
#3081 = EDGE_CURVE ( 'NONE', #2607, #3304, #326, .T. ) ;
#3082 = CARTESIAN_POINT ( 'NONE',  ( -1.017788344815205900, -4.479166634281741100, -0.5876198225900807200 ) ) ;
#3083 = CARTESIAN_POINT ( 'NONE',  ( -1.017787866537918800, -0.9583333009484081800, 0.5876206509906438700 ) ) ;
#3084 = ORIENTED_EDGE ( 'NONE', *, *, #2390, .T. ) ;
#3085 = AXIS2_PLACEMENT_3D ( 'NONE', #1652, #2296, #363 ) ;
#3086 = CARTESIAN_POINT ( 'NONE',  ( 1.299038410897458200, -3.979166634281741100, 0.7499994713418155500 ) ) ;
#3087 = CARTESIAN_POINT ( 'NONE',  ( 0.6785258820616624200, 0.1666666990515920100, 1.175240197447204400 ) ) ;
#3088 = CARTESIAN_POINT ( 'NONE',  ( 0.8660247933425482300, 1.145833365718258200, -1.500000352438622500 ) ) ;
#3089 = CARTESIAN_POINT ( 'NONE',  ( -1.017788344815205900, 6.020833365718258900, -0.5876198225900807200 ) ) ;
#3090 = ORIENTED_EDGE ( 'NONE', *, *, #2361, .F. ) ;
#3091 = ORIENTED_EDGE ( 'NONE', *, *, #760, .T. ) ;
#3092 = CARTESIAN_POINT ( 'NONE',  ( -6.104418189141906800E-007, -0.3749999676150601000, -1.499999999999867700 ) ) ;
#3093 = CARTESIAN_POINT ( 'NONE',  ( 1.732050807568724200, 6.000000032384938300, -7.048774963870467500E-007 ) ) ;
#3094 = CARTESIAN_POINT ( 'NONE',  ( 1.246410162482806600, 0.3535898375171938100, 4.285038674105828400E-014 ) ) ;
#3095 = CARTESIAN_POINT ( 'NONE',  ( -1.017787866537917900, -2.395833300948407600, 0.5876206509906434200 ) ) ;
#3096 = LINE ( 'NONE', #1687, #3149 ) ;
#3097 = CARTESIAN_POINT ( 'NONE',  ( 1.017787866537918800, -0.7083333009484079600, -0.5876206509906432000 ) ) ;
#3098 = CARTESIAN_POINT ( 'NONE',  ( -1.357050807568749100, 7.062500032384925000, 5.522670419464448300E-007 ) ) ;
#3099 = ORIENTED_EDGE ( 'NONE', *, *, #1671, .T. ) ;
#3100 = CARTESIAN_POINT ( 'NONE',  ( -6.104418189141906800E-007, 2.625000032384939200, -1.499999999999867700 ) ) ;
#3101 = CARTESIAN_POINT ( 'NONE',  ( 1.299037800455640400, 0.6041666990515914800, -0.7500005286580587700 ) ) ;
#3102 = CARTESIAN_POINT ( 'NONE',  ( -4.782772882819589800E-007, -0.5624999676150741500, -1.175240473580724300 ) ) ;
#3103 = CARTESIAN_POINT ( 'NONE',  ( -1.357050807568750000, 3.238492547047444600E-008, 5.522670419464452500E-007 ) ) ;
#3104 = DATE_AND_TIME ( #698, #950 ) ;
#3105 = CARTESIAN_POINT ( 'NONE',  ( 6.104418183075187900E-007, -3.062499967615074600, 1.499999999999874800 ) ) ;
#3106 = CARTESIAN_POINT ( 'NONE',  ( 1.017788344815205900, -0.7916666342817415500, 0.5876198225900816100 ) ) ;
#3107 = CARTESIAN_POINT ( 'NONE',  ( 6.104418183075187900E-007, 2.937500032384925400, 1.499999999999874800 ) ) ;
#3108 = CARTESIAN_POINT ( 'NONE',  ( 0.6785258820616618700, 6.229166699051592800, 1.175240197447203500 ) ) ;
#3109 = CARTESIAN_POINT ( 'NONE',  ( -6.104418189141906800E-007, 6.125000032384938300, -1.499999999999867700 ) ) ;
#3110 = CARTESIAN_POINT ( 'NONE',  ( 1.299038410897458200, -5.479166634281741100, 0.7499994713418155500 ) ) ;
#3111 = CARTESIAN_POINT ( 'NONE',  ( 0.6785258820616618700, -2.770833300948407600, 1.175240197447203500 ) ) ;
#3112 = CARTESIAN_POINT ( 'NONE',  ( 0.6785249255070872100, -1.666666634281741600, -1.175240749714245600 ) ) ;
#3113 = CARTESIAN_POINT ( 'NONE',  ( 0.8660260142261802000, 0.9166666990516065800, 1.499999647561119900 ) ) ;
#3114 = CARTESIAN_POINT ( 'NONE',  ( 1.299038410897458200, -1.479166634281741300, 0.7499994713418155500 ) ) ;
#3115 = AXIS2_PLACEMENT_3D ( 'NONE', #3887, #2574, #72 ) ;
#3116 = CARTESIAN_POINT ( 'NONE',  ( 0.1977948558543094800, 0.4247595264191743600, -1.158476312118658100 ) ) ;
#3117 = CARTESIAN_POINT ( 'NONE',  ( 4.782772877150562400E-007, 0.1250000323849255700, 1.175240473580725100 ) ) ;
#3118 = CARTESIAN_POINT ( 'NONE',  ( -1.345303639408919400E-016, 0.0000000000000000000, 0.0000000000000000000 ) ) ;
#3119 = CARTESIAN_POINT ( 'NONE',  ( -0.6785258820616632000, -0.08333330094840822600, -1.175240197447204200 ) ) ;
#3120 = CARTESIAN_POINT ( 'NONE',  ( 1.299037800455640400, 1.604166699051591500, -0.7500005286580587700 ) ) ;
#3121 = VERTEX_POINT ( 'NONE', #3659 ) ;
#3122 = CARTESIAN_POINT ( 'NONE',  ( 1.732050807568724200, 7.000000032384939200, -7.048774963870467500E-007 ) ) ;
#3123 = DIRECTION ( 'NONE',  ( -3.524813029019029000E-017, -1.000000000000000000, -0.0000000000000000000 ) ) ;
#3124 = CARTESIAN_POINT ( 'NONE',  ( 1.357050807568748400, -3.187499967615074600, -5.522670417802541100E-007 ) ) ;
#3125 = CARTESIAN_POINT ( 'NONE',  ( -1.017788344815206500, -0.04166663428174094400, -0.5876198225900811600 ) ) ;
#3126 = CARTESIAN_POINT ( 'NONE',  ( 1.357050807568748400, 6.812500032384925900, -5.522670417802541100E-007 ) ) ;
#3127 = ORIENTED_EDGE ( 'NONE', *, *, #3556, .T. ) ;
#3128 = CARTESIAN_POINT ( 'NONE',  ( 6.104418183075187900E-007, -1.062499967615074600, 1.499999999999874800 ) ) ;
#3129 = CARTESIAN_POINT ( 'NONE',  ( 0.6785249255070866500, -1.604166634281741600, -1.175240749714244700 ) ) ;
#3130 = CARTESIAN_POINT ( 'NONE',  ( 0.6035828802301977900, 0.2984984228644329000, 1.156326638690773100 ) ) ;
#3131 = VERTEX_POINT ( 'NONE', #2076 ) ;
#3132 = CARTESIAN_POINT ( 'NONE',  ( 1.017787866537918800, 2.791666699051592800, -0.5876206509906432000 ) ) ;
#3133 = CARTESIAN_POINT ( 'NONE',  ( 1.299038410897458200, 2.020833365718259300, 0.7499994713418155500 ) ) ;
#3134 = CARTESIAN_POINT ( 'NONE',  ( -4.782772882819589800E-007, -6.062499967615074100, -1.175240473580724300 ) ) ;
#3135 = DIRECTION ( 'NONE',  ( 5.356182135569786000E-016, 1.000000000000000000, -0.0000000000000000000 ) ) ;
#3136 = CARTESIAN_POINT ( 'NONE',  ( 0.6785258820616618700, -2.270833300948407600, 1.175240197447203500 ) ) ;
#3137 = CARTESIAN_POINT ( 'NONE',  ( -0.6785249255070874300, 1.583333365718258900, 1.175240749714245900 ) ) ;
#3138 = CARTESIAN_POINT ( 'NONE',  ( -1.499999999999992500, -0.7723290827235993500, -0.4019234615119144900 ) ) ;
#3139 = CARTESIAN_POINT ( 'NONE',  ( -3.460191456820336100E-016, -5.999999999999998200, 0.0000000000000000000 ) ) ;
#3140 = CARTESIAN_POINT ( 'NONE',  ( -0.8660260142261850800, -0.7708333009484079600, -1.499999647561126400 ) ) ;
#3141 = EDGE_CURVE ( 'NONE', #224, #1109, #2849, .T. ) ;
#3142 = EDGE_LOOP ( 'NONE', ( #2676, #716 ) ) ;
#3143 = CARTESIAN_POINT ( 'NONE',  ( 4.782772877150559200E-007, -1.312499967615074800, 1.175240473580724300 ) ) ;
#3144 = ADVANCED_FACE ( 'NONE', ( #418 ), #2696, .T. ) ;
#3145 = AXIS2_PLACEMENT_3D ( 'NONE', #3218, #3829, #2881 ) ;
#3146 = CARTESIAN_POINT ( 'NONE',  ( -1.017788344815206500, 1.958333365718259100, -0.5876198225900811600 ) ) ;
#3147 = LINE ( 'NONE', #3239, #1026 ) ;
#3148 = CARTESIAN_POINT ( 'NONE',  ( -1.299037800455640400, 5.354166699051591000, 0.7500005286580595500 ) ) ;
#3149 = VECTOR ( 'NONE', #3526, 1000.000000000000000 ) ;
#3150 = CARTESIAN_POINT ( 'NONE',  ( 0.8660260142261802000, 6.916666699051607000, 1.499999647561119900 ) ) ;
#3151 = CARTESIAN_POINT ( 'NONE',  ( -1.357050807568749100, -0.4374999676150749300, 5.522670419464448300E-007 ) ) ;
#3152 = CARTESIAN_POINT ( 'NONE',  ( -0.6785249255070874300, 1.083333365718258400, 1.175240749714245900 ) ) ;
#3153 = CARTESIAN_POINT ( 'NONE',  ( 0.8660260142261841900, -3.520833300948407600, 1.499999647561126800 ) ) ;
#3154 = DIRECTION ( 'NONE',  ( -3.524813029019029000E-017, -1.000000000000000000, -0.0000000000000000000 ) ) ;
#3155 = CARTESIAN_POINT ( 'NONE',  ( -1.499999999999996400, -5.999999999999998200, 1.836970198721024800E-016 ) ) ;
#3156 = CARTESIAN_POINT ( 'NONE',  ( 4.782772877150559200E-007, -0.8124999676150743700, 1.175240473580724300 ) ) ;
#3157 = CARTESIAN_POINT ( 'NONE',  ( 0.9989889671015546000, 0.3195096290843749700, 0.8195347550451944600 ) ) ;
#3158 = CARTESIAN_POINT ( 'NONE',  ( 1.017788344815205900, 3.708333365718258900, 0.5876198225900816100 ) ) ;
#3159 = CARTESIAN_POINT ( 'NONE',  ( -1.732050807568732900, 5.812500032384925000, 7.048774965991651900E-007 ) ) ;
#3160 = ADVANCED_FACE ( 'NONE', ( #1832 ), #1712, .T. ) ;
#3161 = CARTESIAN_POINT ( 'NONE',  ( 1.017787866537917900, -4.145833300948407200, -0.5876206509906427600 ) ) ;
#3162 = EDGE_CURVE ( 'NONE', #1217, #30, #3351, .T. ) ;
#3163 = CARTESIAN_POINT ( 'NONE',  ( 1.357050807568748400, -1.687499967615074400, -5.522670417802541100E-007 ) ) ;
#3164 = CARTESIAN_POINT ( 'NONE',  ( 0.6785249255070872100, 2.833333365718258000, -1.175240749714245600 ) ) ;
#3165 = DIRECTION ( 'NONE',  ( -3.524813029019029000E-017, -1.000000000000000000, -0.0000000000000000000 ) ) ;
#3166 = AXIS2_PLACEMENT_3D ( 'NONE', #3139, #3154, #3492 ) ;
#3167 = CARTESIAN_POINT ( 'NONE',  ( -1.194705359210017900, -5.930294640789980100, -0.05827633922052109100 ) ) ;
#3168 = EDGE_LOOP ( 'NONE', ( #1871, #728 ) ) ;
#3169 = CARTESIAN_POINT ( 'NONE',  ( 1.357050807568749500, 4.250000032384924100, -5.522670417802544300E-007 ) ) ;
#3170 = CLOSED_SHELL ( 'NONE', ( #2823, #1564, #1936, #658, #1587, #3463, #349, #1291, #3200, #3806, #2883, #2238, #19, #2843, #295, #674, #1309, #1626, #368, #3179, #1952, #3769, #1899, #3160, #1645, #638, #3484, #1001, #3992, #311, #2536, #3824, #948, #2203, #331, #1605, #3144 ) ) ;
#3171 = CARTESIAN_POINT ( 'NONE',  ( 0.8660247933425482300, 4.145833365718259800, -1.500000352438622500 ) ) ;
#3172 = AXIS2_PLACEMENT_3D ( 'NONE', #281, #1332, #2857 ) ;
#3173 =( BOUNDED_CURVE ( )  B_SPLINE_CURVE ( 2, ( #2852, #3480, #1313, #682, #651, #3189, #1597, #3177, #2815 ),
 .UNSPECIFIED., .F., .F. ) 
 B_SPLINE_CURVE_WITH_KNOTS ( ( 3, 2, 2, 2, 3 ),
 ( 0.1696428548827382000, 0.1726190476190476200, 0.1785714285714285800, 0.1845238095238095300, 0.1874999977398810700 ),
 .UNSPECIFIED. ) 
 CURVE ( )  GEOMETRIC_REPRESENTATION_ITEM ( )  RATIONAL_B_SPLINE_CURVE ( ( 0.9330127018922579300, 0.9330126510220675400, 1.000000000000000000, 0.8660254037844387100, 1.000000000000000000, 0.8660254037844387100, 1.000000000000000000, 0.9330127527623708300, 0.9330127018922580500 ) ) 
 REPRESENTATION_ITEM ( '' )  );
#3174 = CARTESIAN_POINT ( 'NONE',  ( -1.017788344815205900, -3.479166634281741100, -0.5876198225900807200 ) ) ;
#3175 = CARTESIAN_POINT ( 'NONE',  ( 1.017787866537917900, -0.6458333009484078500, -0.5876206509906427600 ) ) ;
#3176 = CARTESIAN_POINT ( 'NONE',  ( -1.017788344815206500, 3.458333365718258900, -0.5876198225900811600 ) ) ;
#3177 = CARTESIAN_POINT ( 'NONE',  ( -1.499999999999992500, -3.772329082723598700, -0.4019234615119144900 ) ) ;
#3178 = CARTESIAN_POINT ( 'NONE',  ( -1.499999999999998900, -2.687500001528508400, 1.307299934472964400E-015 ) ) ;
#3179 = ADVANCED_FACE ( 'NONE', ( #2303 ), #2752, .T. ) ;
#3180 = CARTESIAN_POINT ( 'NONE',  ( -0.4896588669447918300, 0.2559099918025614700, 1.254721271518538700 ) ) ;
#3181 = CARTESIAN_POINT ( 'NONE',  ( -1.017787866537918800, 2.041666699051591900, 0.5876206509906438700 ) ) ;
#3182 = CARTESIAN_POINT ( 'NONE',  ( -4.000000000000036400, -6.204229575691393500E-014, 0.0000000000000000000 ) ) ;
#3183 = CARTESIAN_POINT ( 'NONE',  ( -1.299037800455640400, 5.854166699051591900, 0.7500005286580595500 ) ) ;
#3184 = VERTEX_POINT ( 'NONE', #1235 ) ;
#3185 = CARTESIAN_POINT ( 'NONE',  ( 1.357050807568748400, -5.687499967615075000, -5.522670417802541100E-007 ) ) ;
#3186 = CARTESIAN_POINT ( 'NONE',  ( 0.6785258820616618700, -1.270833300948407400, 1.175240197447203500 ) ) ;
#3187 = VERTEX_POINT ( 'NONE', #1201 ) ;
#3188 = CARTESIAN_POINT ( 'NONE',  ( 0.6785249255070872100, 1.833333365718259100, -1.175240749714245600 ) ) ;
#3189 = CARTESIAN_POINT ( 'NONE',  ( -0.8660260142261809700, -3.833333300948393400, -1.499999647561119500 ) ) ;
#3190 = AXIS2_PLACEMENT_3D ( 'NONE', #3280, #2622, #2610 ) ;
#3191 = DIRECTION ( 'NONE',  ( -3.524813029019029000E-017, -1.000000000000000000, -0.0000000000000000000 ) ) ;
#3192 = CARTESIAN_POINT ( 'NONE',  ( -0.8660260142261849700, -0.2708333009484084100, -1.499999647561126400 ) ) ;
#3193 = CYLINDRICAL_SURFACE ( 'NONE', #1868, 1.499999999999996000 ) ;
#3194 = CARTESIAN_POINT ( 'NONE',  ( 6.104418183075160400E-007, -4.624999967615060800, 1.499999999999867700 ) ) ;
#3195 = CARTESIAN_POINT ( 'NONE',  ( -0.6785258820616632000, 4.916666699051592800, -1.175240197447204200 ) ) ;
#3196 = CC_DESIGN_PERSON_AND_ORGANIZATION_ASSIGNMENT ( #3796, #3329, ( #2184 ) ) ;
#3197 = CARTESIAN_POINT ( 'NONE',  ( -0.8660247933425482300, -3.104166634281741600, 1.500000352438622300 ) ) ;
#3198 = CARTESIAN_POINT ( 'NONE',  ( 1.299037800455640400, 4.104166699051591900, -0.7500005286580587700 ) ) ;
#3199 = LOCAL_TIME ( 17, 34, 15.00000000000000000, #1380 ) ;
#3200 = ADVANCED_FACE ( 'NONE', ( #3699 ), #3242, .T. ) ;
#3201 = CARTESIAN_POINT ( 'NONE',  ( -1.357050807568749100, -4.937499967615074100, 5.522670419464448300E-007 ) ) ;
#3202 = CARTESIAN_POINT ( 'NONE',  ( 0.6785258820616618700, 0.7291666990515924800, 1.175240197447203500 ) ) ;
#3203 = CARTESIAN_POINT ( 'NONE',  ( -1.357050807568750000, 4.500000032384925000, 5.522670419464453600E-007 ) ) ;
#3204 = CARTESIAN_POINT ( 'NONE',  ( -0.8660260142261809700, -2.833333300948393900, -1.499999647561119500 ) ) ;
#3205 = CARTESIAN_POINT ( 'NONE',  ( -1.732050807568724600, -6.249999967615060800, 7.048774965991616900E-007 ) ) ;
#3206 = CARTESIAN_POINT ( 'NONE',  ( -0.8660260142261809700, -4.333333300948393900, -1.499999647561119500 ) ) ;
#3207 = CARTESIAN_POINT ( 'NONE',  ( -1.204246820910470200, -5.920753179089528500, 2.324088772396382000E-016 ) ) ;
#3208 = CARTESIAN_POINT ( 'NONE',  ( -1.499999999999991800, -3.272329082723599100, -0.4019234615119162700 ) ) ;
#3209 = CARTESIAN_POINT ( 'NONE',  ( -0.6785258820616632000, 5.916666699051591900, -1.175240197447204200 ) ) ;
#3210 = CARTESIAN_POINT ( 'NONE',  ( -1.499999999999992000, -2.750000001528495100, -6.187886356505365400E-015 ) ) ;
#3211 = CARTESIAN_POINT ( 'NONE',  ( 1.732050807568732200, 6.562500032384925000, -7.048774963870500300E-007 ) ) ;
#3212 = CARTESIAN_POINT ( 'NONE',  ( -0.6785258820616625300, -5.020833300948408100, -1.175240197447203300 ) ) ;
#3213 = EDGE_CURVE ( 'NONE', #970, #2875, #2228, .T. ) ;
#3214 = CARTESIAN_POINT ( 'NONE',  ( 0.6785258820616618700, 1.729166699051591700, 1.175240197447203500 ) ) ;
#3215 = CARTESIAN_POINT ( 'NONE',  ( -0.6785258820616632000, 5.416666699051591900, -1.175240197447204200 ) ) ;
#3216 = DIRECTION ( 'NONE',  ( 5.356182135569786000E-016, 1.000000000000000000, -0.0000000000000000000 ) ) ;
#3217 = ORIENTED_EDGE ( 'NONE', *, *, #3943, .T. ) ;
#3218 = CARTESIAN_POINT ( 'NONE',  ( -3.460191456820336100E-016, -5.999999999999998200, 0.0000000000000000000 ) ) ;
#3219 = CARTESIAN_POINT ( 'NONE',  ( 1.499999999999995600, -5.999999999999998200, 0.0000000000000000000 ) ) ;
#3220 = CARTESIAN_POINT ( 'NONE',  ( -6.104418189141934300E-007, -5.312499967615075000, -1.499999999999874800 ) ) ;
#3221 = ORIENTED_EDGE ( 'NONE', *, *, #2840, .F. ) ;
#3222 = ORIENTED_EDGE ( 'NONE', *, *, #2176, .F. ) ;
#3223 = CARTESIAN_POINT ( 'NONE',  ( 1.017787866537918800, 6.791666699051592800, -0.5876206509906432000 ) ) ;
#3224 =( BOUNDED_CURVE ( )  B_SPLINE_CURVE ( 2, ( #1450, #1715, #146, #121, #3604, #162, #2023, #495, #447, #3313, #1730, #2959, #2391, #3283, #1080, #133, #1408, #759, #2656, #786, #1094, #1422, #2359, #478, #2671, #2985, #1111, #2066, #897, #1853, #2764, #564, #3348, #2145, #1140, #245, #3082, #527, #2440, #579, #1805, #212, #2097, #2161, #2750, #2717, #2411, #3017, #1484, #2423, #1467, #847, #260, #1500, #3665, #2457, #879, #3037, #3069, #1789, #1191, #4017, #3398, #1158, #1516, #545, #196, #3364, #1208, #3712, #1820, #3414, #830, #3728, #3680, #2733, #4001, #2131, #4049, #509, #2114, #863, #230, #2701, #3053, #1532, #1838, #1176, #3382, #4033, #3982, #3696, #2485, #1573, #2523, #2817, #3759, #2807, #1559, #1585, #653, #320, #307, #1884, #3, #3129, #2177, #13, #1601, #1255, #2216, #294, #3143, #2829, #4091, #2229, #278, #3442, #967, #2513, #3744, #1265, #913, #609, #3156, #942, #3471, #3457, #1241, #1278, #3102, #1907, #3483, #3768, #2796, #1869, #623, #4076, #3793, #2501, #1895, #1917, #2472, #2779, #2202, #595, #1226, #3427, #2190, #637, #1547, #956, #3782, #927, #3116 ),
 .UNSPECIFIED., .F., .F. ) 
 B_SPLINE_CURVE_WITH_KNOTS ( ( 3, 2, 2, 2, 2, 2, 2, 2, 2, 2, 2, 2, 2, 2, 2, 2, 2, 2, 2, 2, 2, 2, 2, 2, 2, 2, 2, 2, 2, 2, 2, 2, 2, 2, 2, 2, 2, 2, 2, 2, 2, 2, 2, 2, 2, 2, 2, 2, 2, 2, 2, 2, 2, 2, 2, 2, 2, 2, 2, 2, 2, 2, 2, 2, 2, 2, 2, 2, 2, 2, 2, 2, 2, 2, 2, 2, 2, 3 ),
 ( 0.04382136484523063000, 0.04761904761904761600, 0.05357142857142856800, 0.05952380952380952100, 0.06547619047619047900, 0.07142857142857142500, 0.07738095238095238400, 0.08333333333333332900, 0.08928571428571428800, 0.09523809523809523300, 0.1011904761904761900, 0.1071428571428571500, 0.1130952380952381100, 0.1190476190476190400, 0.1250000000000000000, 0.1309523809523809300, 0.1369047619047619200, 0.1428571428571428500, 0.1488095238095238100, 0.1547619047619047700, 0.1607142857142857300, 0.1666666666666666600, 0.1726190476190476200, 0.1785714285714285800, 0.1845238095238095300, 0.1904761904761904700, 0.1964285714285714200, 0.2023809523809523800, 0.2083333333333333400, 0.2142857142857142700, 0.2202380952380952300, 0.2261904761904761900, 0.2321428571428571800, 0.2380952380952380800, 0.2440476190476190400, 0.2499999999999999700, 0.2559523809523809300, 0.2619047619047619200, 0.2678571428571428500, 0.2738095238095238400, 0.2797619047619047700, 0.2857142857142857000, 0.2916666666666666900, 0.2976190476190476200, 0.3035714285714285500, 0.3095238095238095300, 0.3154761904761904700, 0.3214285714285714500, 0.3273809523809523800, 0.3333333333333333100, 0.3392857142857143000, 0.3452380952380952300, 0.3511904761904761600, 0.3571428571428572100, 0.3630952380952380800, 0.3690476190476190700, 0.3750000000000000000, 0.3809523809523809300, 0.3869047619047619200, 0.3928571428571427900, 0.3988095238095238400, 0.4047619047619047700, 0.4107142857142857000, 0.4166666666666666900, 0.4226190476190476200, 0.4285714285714285500, 0.4345238095238095900, 0.4404761904761904700, 0.4464285714285714500, 0.4523809523809523800, 0.4583333333333333100, 0.4642857142857143000, 0.4702380952380951800, 0.4761904761904761600, 0.4821428571428571500, 0.4880952380952380800, 0.4940476190476190700, 0.4990134115364194300 ),
 .UNSPECIFIED. ) 
 CURVE ( )  GEOMETRIC_REPRESENTATION_ITEM ( )  RATIONAL_B_SPLINE_CURVE ( ( 0.9381163180949612100, 0.9145227732822768200, 1.000000000000000000, 0.8660254037844387100, 1.000000000000000000, 0.8660254037844387100, 1.000000000000000000, 0.8660254037844387100, 1.000000000000000000, 0.8660254037844387100, 1.000000000000000000, 0.8660254037844387100, 1.000000000000000000, 0.8660254037844387100, 1.000000000000000000, 0.8660254037844387100, 1.000000000000000000, 0.8660254037844387100, 1.000000000000000000, 0.8660254037844387100, 1.000000000000000000, 0.8660254037844387100, 1.000000000000000000, 0.8660254037844387100, 1.000000000000000000, 0.8660254037844387100, 1.000000000000000000, 0.8660254037844387100, 1.000000000000000000, 0.8660254037844387100, 1.000000000000000000, 0.8660254037844387100, 1.000000000000000000, 0.8660254037844387100, 1.000000000000000000, 0.8660254037844387100, 1.000000000000000000, 0.8660254037844387100, 1.000000000000000000, 0.8660254037844387100, 1.000000000000000000, 0.8660254037844387100, 1.000000000000000000, 0.8660254037844387100, 1.000000000000000000, 0.8660254037844387100, 1.000000000000000000, 0.8660254037844387100, 1.000000000000000000, 0.8660254037844387100, 1.000000000000000000, 0.8660254037844387100, 1.000000000000000000, 0.8660254037844387100, 1.000000000000000000, 0.8660254037844387100, 1.000000000000000000, 0.8660254037844387100, 1.000000000000000000, 0.8660254037844387100, 1.000000000000000000, 0.8660254037844387100, 1.000000000000000000, 0.8660254037844387100, 1.000000000000000000, 0.8660254037844387100, 1.000000000000000000, 0.8660254037844387100, 1.000000000000000000, 0.8660254037844387100, 1.000000000000000000, 0.8660254037844387100, 1.000000000000000000, 0.8660254037844387100, 1.000000000000000000, 0.8660254037844387100, 1.000000000000000000, 0.8660254037844387100, 1.000000000000000000, 0.8660254037844387100, 1.000000000000000000, 0.8660254037844387100, 1.000000000000000000, 0.8660254037844387100, 1.000000000000000000, 0.8660254037844387100, 1.000000000000000000, 0.8660254037844387100, 1.000000000000000000, 0.8660254037844387100, 1.000000000000000000, 0.8660254037844387100, 1.000000000000000000, 0.8660254037844387100, 1.000000000000000000, 0.8660254037844387100, 1.000000000000000000, 0.8660254037844387100, 1.000000000000000000, 0.8660254037844387100, 1.000000000000000000, 0.8660254037844387100, 1.000000000000000000, 0.8660254037844387100, 1.000000000000000000, 0.8660254037844387100, 1.000000000000000000, 0.8660254037844387100, 1.000000000000000000, 0.8660254037844387100, 1.000000000000000000, 0.8660254037844387100, 1.000000000000000000, 0.8660254037844387100, 1.000000000000000000, 0.8660254037844387100, 1.000000000000000000, 0.8660254037844387100, 1.000000000000000000, 0.8660254037844387100, 1.000000000000000000, 0.8660254037844387100, 1.000000000000000000, 0.8660254037844387100, 1.000000000000000000, 0.8660254037844387100, 1.000000000000000000, 0.8660254037844387100, 1.000000000000000000, 0.8660254037844387100, 1.000000000000000000, 0.8660254037844387100, 1.000000000000000000, 0.8660254037844387100, 1.000000000000000000, 0.8660254037844387100, 1.000000000000000000, 0.8660254037844387100, 1.000000000000000000, 0.8660254037844387100, 1.000000000000000000, 0.8660254037844387100, 1.000000000000000000, 0.8660254037844387100, 1.000000000000000000, 0.8660254037844387100, 1.000000000000000000, 0.8660254037844387100, 1.000000000000000000, 0.8660254037844387100, 1.000000000000000000, 0.8660254037844387100, 1.000000000000000000, 0.8882312726790140300, 0.9629493683801067000 ) ) 
 REPRESENTATION_ITEM ( '' )  );
#3225 = DIRECTION ( 'NONE',  ( 1.000000000000000000, 0.0000000000000000000, 0.0000000000000000000 ) ) ;
#3226 = ORIENTED_EDGE ( 'NONE', *, *, #3016, .T. ) ;
#3227 = CARTESIAN_POINT ( 'NONE',  ( -0.6785249255070867600, -1.354166634281741300, 1.175240749714245200 ) ) ;
#3228 = CARTESIAN_POINT ( 'NONE',  ( 4.782772877150562400E-007, 4.125000032384925000, 1.175240473580725100 ) ) ;
#3229 = CARTESIAN_POINT ( 'NONE',  ( -2.496022088948251500E-015, -2.775557561562891400E-014, 0.0000000000000000000 ) ) ;
#3230 = DIRECTION ( 'NONE',  ( 1.000000000000000000, 0.0000000000000000000, 0.0000000000000000000 ) ) ;
#3231 = CARTESIAN_POINT ( 'NONE',  ( -4.782772882819593000E-007, 4.875000032384925900, -1.175240473580725100 ) ) ;
#3232 = ORIENTED_EDGE ( 'NONE', *, *, #3943, .F. ) ;
#3233 = CARTESIAN_POINT ( 'NONE',  ( -0.2444243151480350300, -5.735611625980718400, -1.379808618825663500 ) ) ;
#3234 = EDGE_CURVE ( 'NONE', #3324, #2194, #2125, .T. ) ;
#3235 = CARTESIAN_POINT ( 'NONE',  ( -1.017787866537917900, -1.395833300948407600, 0.5876206509906434200 ) ) ;
#3236 = CARTESIAN_POINT ( 'NONE',  ( 1.017788344815205900, 4.708333365718258000, 0.5876198225900816100 ) ) ;
#3237 = CARTESIAN_POINT ( 'NONE',  ( 1.499999999999991800, -3.000000001528494700, 2.817957636530612800E-015 ) ) ;
#3238 = CYLINDRICAL_SURFACE ( 'NONE', #343, 1.499999999999996000 ) ;
#3239 = CARTESIAN_POINT ( 'NONE',  ( -1.499999999999996400, -5.999999999999998200, 1.836970198721024800E-016 ) ) ;
#3240 = PERSON_AND_ORGANIZATION ( #1785, #2119 ) ;
#3241 = CARTESIAN_POINT ( 'NONE',  ( -1.299037800455640400, 0.8541666990515917000, 0.7500005286580595500 ) ) ;
#3242 = CYLINDRICAL_SURFACE ( 'NONE', #1784, 1.499999999999996000 ) ;
#3243 = CARTESIAN_POINT ( 'NONE',  ( -0.6785258820616632000, 4.416666699051591900, -1.175240197447204200 ) ) ;
#3244 = CARTESIAN_POINT ( 'NONE',  ( -0.8660247933425482300, -4.604166634281741100, 1.500000352438622300 ) ) ;
#3245 = CARTESIAN_POINT ( 'NONE',  ( 1.299037800455640400, 7.104166699051591000, -0.7500005286580587700 ) ) ;
#3246 = CARTESIAN_POINT ( 'NONE',  ( 1.357050807568748400, -0.6874999676150743700, -5.522670417802541100E-007 ) ) ;
#3247 = CARTESIAN_POINT ( 'NONE',  ( -4.782772882819593000E-007, 3.875000032384924500, -1.175240473580725100 ) ) ;
#3248 = CARTESIAN_POINT ( 'NONE',  ( 1.499999999999995600, -5.999999999999998200, 0.0000000000000000000 ) ) ;
#3249 = CARTESIAN_POINT ( 'NONE',  ( 1.732050807568724200, -5.499999967615059900, -7.048774963870467500E-007 ) ) ;
#3250 = CARTESIAN_POINT ( 'NONE',  ( 1.499999999999998700, -3.937500001528509300, 2.817957636530612800E-015 ) ) ;
#3251 = CARTESIAN_POINT ( 'NONE',  ( -1.499999999999998200, -3.709829082723613800, -0.4019234615119181600 ) ) ;
#3252 = CARTESIAN_POINT ( 'NONE',  ( 1.017788344815205200, 5.270833365718258900, 0.5876198225900811600 ) ) ;
#3253 = DIRECTION ( 'NONE',  ( -1.000000000000000000, 0.0000000000000000000, 0.0000000000000000000 ) ) ;
#3254 = CARTESIAN_POINT ( 'NONE',  ( 1.299038410897458200, -5.479166634281741100, 0.7499994713418155500 ) ) ;
#3255 = ORIENTED_EDGE ( 'NONE', *, *, #3698, .T. ) ;
#3256 = DIRECTION ( 'NONE',  ( 5.356182135569786000E-016, 1.000000000000000000, -0.0000000000000000000 ) ) ;
#3257 = CARTESIAN_POINT ( 'NONE',  ( -1.357050807568749100, -1.937499967615074400, 5.522670419464448300E-007 ) ) ;
#3258 = VERTEX_POINT ( 'NONE', #3094 ) ;
#3259 = EDGE_CURVE ( 'NONE', #2607, #2433, #3650, .T. ) ;
#3260 = CARTESIAN_POINT ( 'NONE',  ( -1.124999999999996200, -6.000000000000001800, 0.0000000000000000000 ) ) ;
#3261 = CARTESIAN_POINT ( 'NONE',  ( 1.017788344815205200, -5.229166634281741100, 0.5876198225900811600 ) ) ;
#3262 = CARTESIAN_POINT ( 'NONE',  ( -1.732050807568724600, -4.749999967615060800, 7.048774965991616900E-007 ) ) ;
#3263 = CARTESIAN_POINT ( 'NONE',  ( 6.104418183075187900E-007, -0.5624999676150750400, 1.499999999999874800 ) ) ;
#3264 = DIRECTION ( 'NONE',  ( 1.000000000000000000, 0.0000000000000000000, 0.0000000000000000000 ) ) ;
#3265 = CARTESIAN_POINT ( 'NONE',  ( 1.017787866537917900, 6.854166699051592800, -0.5876206509906427600 ) ) ;
#3266 = CARTESIAN_POINT ( 'NONE',  ( -6.104418189141906800E-007, -1.374999967615060200, -1.499999999999867700 ) ) ;
#3267 = CARTESIAN_POINT ( 'NONE',  ( 1.299038410897458200, -4.979166634281741100, 0.7499994713418155500 ) ) ;
#3268 = DIRECTION ( 'NONE',  ( -3.524813029019029000E-017, -1.000000000000000000, -0.0000000000000000000 ) ) ;
#3269 = CARTESIAN_POINT ( 'NONE',  ( -1.499999999999992000, -2.250000001528494700, 1.307299934472964400E-015 ) ) ;
#3270 = CARTESIAN_POINT ( 'NONE',  ( -1.017788344815205900, -0.9791666342817408900, -0.5876198225900807200 ) ) ;
#3271 = ORIENTED_EDGE ( 'NONE', *, *, #2528, .F. ) ;
#3272 = CARTESIAN_POINT ( 'NONE',  ( 0.02016384829560941000, 0.1148756465005155600, -1.502735653181797700 ) ) ;
#3273 = CARTESIAN_POINT ( 'NONE',  ( 1.339542851502640000, 0.1000000000000043400, -0.6749999622134601500 ) ) ;
#3274 = CARTESIAN_POINT ( 'NONE',  ( -1.357050807568749100, 2.062500032384924500, 5.522670419464448300E-007 ) ) ;
#3275 = CARTESIAN_POINT ( 'NONE',  ( 1.732050807568724200, -3.999999967615059900, -7.048774963870467500E-007 ) ) ;
#3276 = CARTESIAN_POINT ( 'NONE',  ( 1.009472577046883800, 0.1593215794287951800, -1.032337103044898000 ) ) ;
#3277 = CARTESIAN_POINT ( 'NONE',  ( -1.499999999999992700, -4.227670883985081400, 0.4019241157814832400 ) ) ;
#3278 = ORIENTED_EDGE ( 'NONE', *, *, #2987, .T. ) ;
#3279 = CARTESIAN_POINT ( 'NONE',  ( 0.6785249255070866500, 6.895833365718258900, -1.175240749714245000 ) ) ;
#3280 = CARTESIAN_POINT ( 'NONE',  ( -3.460191456820336100E-016, -5.999999999999998200, 0.0000000000000000000 ) ) ;
#3281 = CARTESIAN_POINT ( 'NONE',  ( -6.104418189141934300E-007, -6.812499967615074100, -1.499999999999874800 ) ) ;
#3282 = CIRCLE ( 'NONE', #2916, 4.000000000000033800 ) ;
#3283 = CARTESIAN_POINT ( 'NONE',  ( -1.357050807568748600, -5.437499967615073300, 5.522670419464448300E-007 ) ) ;
#3284 = B_SPLINE_CURVE_WITH_KNOTS ( 'NONE', 3,
 ( #1014, #2934, #2603, #1373, #1054, #1386, #102, #3848, #1347, #1969, #2907, #2001, #3545, #3859 ),
 .UNSPECIFIED., .F., .F.,
 ( 4, 2, 2, 2, 2, 2, 4 ),
 ( 0.0001794155974737256200, 0.0007178041393603525200, 0.0009869984103036664800, 0.001256192681246980600, 0.001525386952190294600, 0.001794581223133608500, 0.002332969765020235800 ),
 .UNSPECIFIED. ) ;
#3285 = EDGE_CURVE ( 'NONE', #644, #1356, #2068, .T. ) ;
#3286 = CARTESIAN_POINT ( 'NONE',  ( 0.6785258820616618700, 0.7291666990515924800, 1.175240197447203500 ) ) ;
#3287 = CARTESIAN_POINT ( 'NONE',  ( -0.6785258820616625300, -5.020833300948408100, -1.175240197447203300 ) ) ;
#3288 = AXIS2_PLACEMENT_3D ( 'NONE', #1528, #938, #3709 ) ;
#3289 =( BOUNDED_CURVE ( )  B_SPLINE_CURVE ( 2, ( #1146, #3670, #3024, #3370, #3335, #185, #2690, #1456, #818, #1778, #3968, #517, #2707, #3355, #3043, #2722, #1164, #1794, #3685, #3989, #1489, #1810, #4005, #2120, #218, #2687, #528, #163, #2037, #3932, #1742, #3983, #496, #2098, #3945, #2377, #2081, #787, #1452, #812, #1127, #181, #1790, #2412, #134, #3001, #1095, #480, #1141, #2350, #1468, #462, #2392, #2672, #2052, #2718, #147, #2657, #1112, #2971, #197, #2360, #3314, #798, #3298, #2986, #3331, #3649, #848, #1773, #1424, #3964, #1438, #2067, #512, #3621, #3349, #3634, #3667, #3038, #1758, #1159, #3365, #2702, #831, #3018, #3606, #1731, #3915, #3383, #4002, #2441, #3399, #2115, #3697, #1242, #2458, #213, #1485, #610, #2751, #3681, #596, #1870, #898, #263, #1821, #3729, #1194, #1177, #1501, #3745, #2780, #2765, #279, #1806, #2797, #2132, #1517, #4019, #3083, #2488, #1854, #231, #1210, #3415, #2424, #880, #928, #1533, #3713, #3070, #4050, #2162, #2473, #565, #580, #1549, #914, #1840, #4034, #2178, #2147, #3103, #546, #4062, #3117, #1227, #3429, #2734, #246, #865, #3054, #2217, #1292 ),
 .UNSPECIFIED., .F., .F. ) 
 B_SPLINE_CURVE_WITH_KNOTS ( ( 3, 2, 2, 2, 2, 2, 2, 2, 2, 2, 2, 2, 2, 2, 2, 2, 2, 2, 2, 2, 2, 2, 2, 2, 2, 2, 2, 2, 2, 2, 2, 2, 2, 2, 2, 2, 2, 2, 2, 2, 2, 2, 2, 2, 2, 2, 2, 2, 2, 2, 2, 2, 2, 2, 2, 2, 2, 2, 2, 2, 2, 2, 2, 2, 2, 2, 2, 2, 2, 2, 2, 2, 2, 2, 2, 2, 2, 3 ),
 ( 0.04829523749620269500, 0.05357142857142856800, 0.05952380952380952100, 0.06547619047619047900, 0.07142857142857142500, 0.07738095238095238400, 0.08333333333333332900, 0.08928571428571428800, 0.09523809523809523300, 0.1011904761904761900, 0.1071428571428571400, 0.1130952380952381000, 0.1190476190476190400, 0.1249999999999999900, 0.1309523809523809600, 0.1369047619047619200, 0.1428571428571428500, 0.1488095238095238100, 0.1547619047619047700, 0.1607142857142857300, 0.1666666666666666600, 0.1726190476190476200, 0.1785714285714285500, 0.1845238095238095300, 0.1904761904761904700, 0.1964285714285714000, 0.2023809523809523800, 0.2083333333333333100, 0.2142857142857142500, 0.2202380952380952300, 0.2261904761904761600, 0.2321428571428571500, 0.2380952380952380800, 0.2440476190476190100, 0.2500000000000000000, 0.2559523809523809300, 0.2619047619047619200, 0.2678571428571429000, 0.2738095238095238400, 0.2797619047619047700, 0.2857142857142857000, 0.2916666666666666900, 0.2976190476190476200, 0.3035714285714285500, 0.3095238095238095300, 0.3154761904761904700, 0.3214285714285714500, 0.3273809523809523800, 0.3333333333333333100, 0.3392857142857143000, 0.3452380952380952300, 0.3511904761904761600, 0.3571428571428571500, 0.3630952380952380800, 0.3690476190476191200, 0.3750000000000000000, 0.3809523809523809300, 0.3869047619047619200, 0.3928571428571428500, 0.3988095238095238400, 0.4047619047619047700, 0.4107142857142857000, 0.4166666666666666900, 0.4226190476190475600, 0.4285714285714285500, 0.4345238095238095300, 0.4404761904761904700, 0.4464285714285714500, 0.4523809523809523800, 0.4583333333333333100, 0.4642857142857143000, 0.4702380952380952300, 0.4761904761904761600, 0.4821428571428571500, 0.4880952380952381400, 0.4940476190476190700, 0.5000000000000000000, 0.5035168046249011200 ),
 .UNSPECIFIED. ) 
 CURVE ( )  GEOMETRIC_REPRESENTATION_ITEM ( )  RATIONAL_B_SPLINE_CURVE ( ( 0.9730188661893970400, 0.8812449044315982000, 1.000000000000000000, 0.8660254037844387100, 1.000000000000000000, 0.8660254037844387100, 1.000000000000000000, 0.8660254037844387100, 1.000000000000000000, 0.8660254037844387100, 1.000000000000000000, 0.8660254037844387100, 1.000000000000000000, 0.8660254037844387100, 1.000000000000000000, 0.8660254037844387100, 1.000000000000000000, 0.8660254037844387100, 1.000000000000000000, 0.8660254037844387100, 1.000000000000000000, 0.8660254037844387100, 1.000000000000000000, 0.8660254037844387100, 1.000000000000000000, 0.8660254037844387100, 1.000000000000000000, 0.8660254037844387100, 1.000000000000000000, 0.8660254037844387100, 1.000000000000000000, 0.8660254037844387100, 1.000000000000000000, 0.8660254037844387100, 1.000000000000000000, 0.8660254037844387100, 1.000000000000000000, 0.8660254037844387100, 1.000000000000000000, 0.8660254037844387100, 1.000000000000000000, 0.8660254037844387100, 1.000000000000000000, 0.8660254037844387100, 1.000000000000000000, 0.8660254037844387100, 1.000000000000000000, 0.8660254037844387100, 1.000000000000000000, 0.8660254037844387100, 1.000000000000000000, 0.8660254037844387100, 1.000000000000000000, 0.8660254037844387100, 1.000000000000000000, 0.8660254037844387100, 1.000000000000000000, 0.8660254037844387100, 1.000000000000000000, 0.8660254037844387100, 1.000000000000000000, 0.8660254037844387100, 1.000000000000000000, 0.8660254037844387100, 1.000000000000000000, 0.8660254037844387100, 1.000000000000000000, 0.8660254037844387100, 1.000000000000000000, 0.8660254037844387100, 1.000000000000000000, 0.8660254037844387100, 1.000000000000000000, 0.8660254037844387100, 1.000000000000000000, 0.8660254037844387100, 1.000000000000000000, 0.8660254037844387100, 1.000000000000000000, 0.8660254037844387100, 1.000000000000000000, 0.8660254037844387100, 1.000000000000000000, 0.8660254037844387100, 1.000000000000000000, 0.8660254037844387100, 1.000000000000000000, 0.8660254037844387100, 1.000000000000000000, 0.8660254037844387100, 1.000000000000000000, 0.8660254037844387100, 1.000000000000000000, 0.8660254037844387100, 1.000000000000000000, 0.8660254037844387100, 1.000000000000000000, 0.8660254037844387100, 1.000000000000000000, 0.8660254037844387100, 1.000000000000000000, 0.8660254037844387100, 1.000000000000000000, 0.8660254037844387100, 1.000000000000000000, 0.8660254037844387100, 1.000000000000000000, 0.8660254037844387100, 1.000000000000000000, 0.8660254037844387100, 1.000000000000000000, 0.8660254037844387100, 1.000000000000000000, 0.8660254037844387100, 1.000000000000000000, 0.8660254037844387100, 1.000000000000000000, 0.8660254037844387100, 1.000000000000000000, 0.8660254037844387100, 1.000000000000000000, 0.8660254037844387100, 1.000000000000000000, 0.8660254037844387100, 1.000000000000000000, 0.8660254037844387100, 1.000000000000000000, 0.8660254037844387100, 1.000000000000000000, 0.8660254037844387100, 1.000000000000000000, 0.8660254037844387100, 1.000000000000000000, 0.8660254037844387100, 1.000000000000000000, 0.8660254037844387100, 1.000000000000000000, 0.8660254037844387100, 1.000000000000000000, 0.8660254037844387100, 1.000000000000000000, 0.8660254037844387100, 1.000000000000000000, 0.8660254037844387100, 1.000000000000000000, 0.8660254037844387100, 1.000000000000000000, 0.8660254037844387100, 1.000000000000000000, 0.8660254037844387100, 1.000000000000000000, 0.8660254037844387100, 1.000000000000000000, 0.9208447034288552700, 0.9352229744481628200 ) ) 
 REPRESENTATION_ITEM ( '' )  );
#3290 = CARTESIAN_POINT ( 'NONE',  ( 1.017788344815205200, 1.770833365718258900, 0.5876198225900811600 ) ) ;
#3291 = CARTESIAN_POINT ( 'NONE',  ( 1.299037800455634700, -3.458333300948393900, -0.7500005286580553300 ) ) ;
#3292 = CARTESIAN_POINT ( 'NONE',  ( -1.017788344815206500, -6.541666634281740200, -0.5876198225900811600 ) ) ;
#3293 = CARTESIAN_POINT ( 'NONE',  ( 1.499999999999998400, -1.937500001528508700, -9.005843993035976600E-016 ) ) ;
#3294 = CARTESIAN_POINT ( 'NONE',  ( -1.017788344815205900, 6.020833365718258900, -0.5876198225900807200 ) ) ;
#3295 = DIRECTION ( 'NONE',  ( 3.524813029019035100E-017, 1.000000000000000000, 0.0000000000000000000 ) ) ;
#3296 = CARTESIAN_POINT ( 'NONE',  ( 1.017788344815205900, 7.208333365718258900, 0.5876198225900816100 ) ) ;
#3297 = CARTESIAN_POINT ( 'NONE',  ( 6.104418183075160400E-007, -2.124999967615060800, 1.499999999999867700 ) ) ;
#3298 = CARTESIAN_POINT ( 'NONE',  ( 1.017788344815205900, -3.291666634281741100, 0.5876198225900816100 ) ) ;
#3299 = CARTESIAN_POINT ( 'NONE',  ( -1.017788344815206500, -2.541666634281741600, -0.5876198225900811600 ) ) ;
#3300 = CARTESIAN_POINT ( 'NONE',  ( -1.017787866537917900, 0.1041666990515919400, 0.5876206509906434200 ) ) ;
#3301 = CARTESIAN_POINT ( 'NONE',  ( 0.6785249255070872100, 6.333333365718258000, -1.175240749714245600 ) ) ;
#3302 = CARTESIAN_POINT ( 'NONE',  ( -4.782772882819589800E-007, -5.562499967615074100, -1.175240473580724300 ) ) ;
#3303 = CARTESIAN_POINT ( 'NONE',  ( 1.357050807568748400, 3.312500032384925400, -5.522670417802541100E-007 ) ) ;
#3304 = VERTEX_POINT ( 'NONE', #3451 ) ;
#3305 = CARTESIAN_POINT ( 'NONE',  ( -0.8660260142261809700, -4.333333300948393900, -1.499999647561119500 ) ) ;
#3306 = CARTESIAN_POINT ( 'NONE',  ( -0.6785258820616632000, -5.583333300948408100, -1.175240197447204200 ) ) ;
#3307 = CARTESIAN_POINT ( 'NONE',  ( -1.299037800455640400, -2.145833300948408500, 0.7500005286580595500 ) ) ;
#3308 = CARTESIAN_POINT ( 'NONE',  ( -1.357050807568749100, 7.062500032384925000, 5.522670419464448300E-007 ) ) ;
#3309 = CARTESIAN_POINT ( 'NONE',  ( 1.357050807568749500, -3.749999967615074100, -5.522670417802544300E-007 ) ) ;
#3310 = ORIENTED_EDGE ( 'NONE', *, *, #2176, .T. ) ;
#3311 = CARTESIAN_POINT ( 'NONE',  ( 4.782772877150562400E-007, 7.125000032384925900, 1.175240473580725100 ) ) ;
#3312 = SECURITY_CLASSIFICATION_LEVEL ( 'unclassified' ) ;
#3313 = CARTESIAN_POINT ( 'NONE',  ( 0.6785249255070866500, -5.604166634281741100, -1.175240749714244700 ) ) ;
#3314 = CARTESIAN_POINT ( 'NONE',  ( 4.782772877150562400E-007, -3.374999967615074600, 1.175240473580725100 ) ) ;
#3315 = CARTESIAN_POINT ( 'NONE',  ( 4.782772877150562400E-007, -3.374999967615074600, 1.175240473580725100 ) ) ;
#3316 = CARTESIAN_POINT ( 'NONE',  ( 0.6785249255070866500, 1.895833365718259100, -1.175240749714245000 ) ) ;
#3317 = VERTEX_POINT ( 'NONE', #961 ) ;
#3318 = CARTESIAN_POINT ( 'NONE',  ( -4.782772882819593000E-007, 7.375000032384925900, -1.175240473580725100 ) ) ;
#3319 = CARTESIAN_POINT ( 'NONE',  ( 4.000000000000032900, 7.999999999999984900, 4.898587196589451300E-016 ) ) ;
#3320 = CARTESIAN_POINT ( 'NONE',  ( -4.782772882819589800E-007, 2.437500032384925000, -1.175240473580724300 ) ) ;
#3321 = CARTESIAN_POINT ( 'NONE',  ( -0.8660260142261809700, -1.333333300948393600, -1.499999647561119500 ) ) ;
#3322 = CARTESIAN_POINT ( 'NONE',  ( -0.09564110436728386100, 0.3196286191220633600, -1.280400716066309300 ) ) ;
#3323 = CARTESIAN_POINT ( 'NONE',  ( 6.104418183075160400E-007, -0.1249999676150607700, 1.499999999999867700 ) ) ;
#3324 = VERTEX_POINT ( 'NONE', #2494 ) ;
#3325 = CARTESIAN_POINT ( 'NONE',  ( -0.6785249255070874300, -6.416666634281741100, 1.175240749714245900 ) ) ;
#3326 = CARTESIAN_POINT ( 'NONE',  ( 1.357050807568749500, -4.249999967615074100, -5.522670417802544300E-007 ) ) ;
#3327 = CARTESIAN_POINT ( 'NONE',  ( 1.732050807568732200, -3.937499967615074600, -7.048774963870500300E-007 ) ) ;
#3328 = ORIENTED_EDGE ( 'NONE', *, *, #4016, .T. ) ;
#3329 = PERSON_AND_ORGANIZATION_ROLE ( 'creator' ) ;
#3330 = CARTESIAN_POINT ( 'NONE',  ( 0.8660260142261802000, -2.083333300948393400, 1.499999647561119900 ) ) ;
#3331 = CARTESIAN_POINT ( 'NONE',  ( 1.017787866537918800, -3.208333300948408100, -0.5876206509906432000 ) ) ;
#3332 = ORIENTED_EDGE ( 'NONE', *, *, #2703, .T. ) ;
#3333 = CARTESIAN_POINT ( 'NONE',  ( -4.782772882819593000E-007, -1.624999967615074100, -1.175240473580725100 ) ) ;
#3334 = CARTESIAN_POINT ( 'NONE',  ( -1.017788344815205900, 0.02083336571825911100, -0.5876198225900807200 ) ) ;
#3335 = CARTESIAN_POINT ( 'NONE',  ( 1.017788344815205900, -5.791666634281741100, 0.5876198225900816100 ) ) ;
#3336 = CARTESIAN_POINT ( 'NONE',  ( -1.357050807568749100, 4.062500032384925000, 5.522670419464448300E-007 ) ) ;
#3337 = FACE_OUTER_BOUND ( 'NONE', #3603, .T. ) ;
#3338 = CARTESIAN_POINT ( 'NONE',  ( 4.782772877150559200E-007, 3.687500032384926300, 1.175240473580724300 ) ) ;
#3339 = CARTESIAN_POINT ( 'NONE',  ( 1.299037800455634700, -1.458333300948393900, -0.7500005286580553300 ) ) ;
#3340 = CARTESIAN_POINT ( 'NONE',  ( -0.5374484851829699500, 0.3928240319994057400, -1.085126325275131100 ) ) ;
#3341 = CARTESIAN_POINT ( 'NONE',  ( 1.299038410897452200, 3.958333365718273100, 0.7499994713418120000 ) ) ;
#3342 = CARTESIAN_POINT ( 'NONE',  ( -1.499999999999992000, -0.2500000015284948900, 1.307299934472964400E-015 ) ) ;
#3343 = CARTESIAN_POINT ( 'NONE',  ( 0.6785249255070866500, 7.395833365718258900, -1.175240749714245000 ) ) ;
#3344 = LINE ( 'NONE', #96, #178 ) ;
#3345 = CARTESIAN_POINT ( 'NONE',  ( -1.357050807568750000, -2.499999967615074100, 5.522670419464453600E-007 ) ) ;
#3346 = CALENDAR_DATE ( 2021, 8, 9 ) ;
#3347 = CARTESIAN_POINT ( 'NONE',  ( 0.8660260142261843000, -3.020833300948407600, 1.499999647561126800 ) ) ;
#3348 = CARTESIAN_POINT ( 'NONE',  ( 1.017787866537917900, -4.645833300948408100, -0.5876206509906427600 ) ) ;
#3349 = CARTESIAN_POINT ( 'NONE',  ( 1.017788344815205900, -2.791666634281741100, 0.5876198225900816100 ) ) ;
#3350 = EDGE_CURVE ( 'NONE', #30, #3475, #547, .T. ) ;
#3351 =( BOUNDED_CURVE ( )  B_SPLINE_CURVE ( 2, ( #1848, #540, #1876, #2479, #2107, #922, #2155, #3048, #3735 ),
 .UNSPECIFIED., .F., .T. ) 
 B_SPLINE_CURVE_WITH_KNOTS ( ( 3, 2, 2, 2, 3 ),
 ( 0.1696428548827382000, 0.1726190476190476200, 0.1785714285714285800, 0.1845238095238095300, 0.1874999977398810700 ),
 .UNSPECIFIED. ) 
 CURVE ( )  GEOMETRIC_REPRESENTATION_ITEM ( )  RATIONAL_B_SPLINE_CURVE ( ( 0.9330127018922579300, 0.9330126510220675400, 1.000000000000000000, 0.8660254037844387100, 1.000000000000000000, 0.8660254037844387100, 1.000000000000000000, 0.9330127527623708300, 0.9330127018922580500 ) ) 
 REPRESENTATION_ITEM ( '' )  );
#3352 = CARTESIAN_POINT ( 'NONE',  ( -1.299037800455634400, -5.208333300948393900, 0.7500005286580560000 ) ) ;
#3353 = CARTESIAN_POINT ( 'NONE',  ( -0.6785258820616632000, -1.083333300948408300, -1.175240197447204200 ) ) ;
#3354 = CARTESIAN_POINT ( 'NONE',  ( 4.782772877150559200E-007, 0.6875000323849251900, 1.175240473580724300 ) ) ;
#3355 = CARTESIAN_POINT ( 'NONE',  ( -0.6785249255070874300, -5.416666634281740200, 1.175240749714245900 ) ) ;
#3356 = CARTESIAN_POINT ( 'NONE',  ( -1.357050807568749100, 5.562500032384926700, 5.522670419464448300E-007 ) ) ;
#3357 = CARTESIAN_POINT ( 'NONE',  ( -1.017787866537917900, 4.104166699051591900, 0.5876206509906434200 ) ) ;
#3358 = CARTESIAN_POINT ( 'NONE',  ( 1.299037800455634700, -2.958333300948393900, -0.7500005286580553300 ) ) ;
#3359 = CARTESIAN_POINT ( 'NONE',  ( -1.017788344815206500, -5.041666634281741100, -0.5876198225900811600 ) ) ;
#3360 = CARTESIAN_POINT ( 'NONE',  ( 1.299037800455634700, 4.041666699051606100, -0.7500005286580553300 ) ) ;
#3361 = CARTESIAN_POINT ( 'NONE',  ( -0.6785258820616632000, -5.083333300948406300, -1.175240197447204200 ) ) ;
#3362 = CARTESIAN_POINT ( 'NONE',  ( 4.782772877150562400E-007, -1.874999967615074400, 1.175240473580725100 ) ) ;
#3363 = CARTESIAN_POINT ( 'NONE',  ( 1.299038410897458200, -1.979166634281740900, 0.7499994713418155500 ) ) ;
#3364 = CARTESIAN_POINT ( 'NONE',  ( 1.357050807568748400, -3.187499967615074100, -5.522670417802541100E-007 ) ) ;
#3365 = CARTESIAN_POINT ( 'NONE',  ( -1.017788344815206500, -2.541666634281741600, -0.5876198225900811600 ) ) ;
#3366 = CARTESIAN_POINT ( 'NONE',  ( 1.299038410897458200, -0.9791666342817417800, 0.7499994713418155500 ) ) ;
#3367 = CARTESIAN_POINT ( 'NONE',  ( 1.017788344815205900, -3.291666634281741100, 0.5876198225900816100 ) ) ;
#3368 = CARTESIAN_POINT ( 'NONE',  ( 0.6785258820616618700, 2.229166699051591900, 1.175240197447203500 ) ) ;
#3369 = ORIENTED_EDGE ( 'NONE', *, *, #2425, .T. ) ;
#3370 = CARTESIAN_POINT ( 'NONE',  ( 0.6785258820616624200, -5.833333300948407200, 1.175240197447204600 ) ) ;
#3371 = CARTESIAN_POINT ( 'NONE',  ( -0.6785249255070867600, 5.645833365718258000, 1.175240749714245200 ) ) ;
#3372 = CARTESIAN_POINT ( 'NONE',  ( 0.8660247933425441200, -2.416666634281727300, -1.500000352438615800 ) ) ;
#3373 = CARTESIAN_POINT ( 'NONE',  ( 1.357050807568749500, -4.249999967615074100, -5.522670417802544300E-007 ) ) ;
#3374 = ORIENTED_EDGE ( 'NONE', *, *, #1396, .T. ) ;
#3375 = CARTESIAN_POINT ( 'NONE',  ( 1.299037800455634700, 5.541666699051605200, -0.7500005286580553300 ) ) ;
#3376 = DIRECTION ( 'NONE',  ( 1.000000000000000000, 0.0000000000000000000, 0.0000000000000000000 ) ) ;
#3377 = CARTESIAN_POINT ( 'NONE',  ( -0.6785249255070874300, -5.916666634281740200, 1.175240749714245900 ) ) ;
#3378 = CARTESIAN_POINT ( 'NONE',  ( -1.357050807568750000, -3.499999967615074100, 5.522670419464453600E-007 ) ) ;
#3379 = CARTESIAN_POINT ( 'NONE',  ( 6.104418183075160400E-007, 0.3750000323849396700, 1.499999999999867700 ) ) ;
#3380 = CARTESIAN_POINT ( 'NONE',  ( 1.299038410897458200, -2.979166634281741600, 0.7499994713418155500 ) ) ;
#3381 = EDGE_CURVE ( 'NONE', #3925, #66, #182, .T. ) ;
#3382 = CARTESIAN_POINT ( 'NONE',  ( 4.782772877150559200E-007, -2.312499967615075000, 1.175240473580724300 ) ) ;
#3383 = CARTESIAN_POINT ( 'NONE',  ( 1.357050807568749500, -2.249999967615074600, -5.522670417802544300E-007 ) ) ;
#3384 = CARTESIAN_POINT ( 'NONE',  ( -0.8660247933425482300, -4.104166634281741100, 1.500000352438622300 ) ) ;
#3385 = CARTESIAN_POINT ( 'NONE',  ( -0.6785249255070874300, -0.4166666342817412800, 1.175240749714245900 ) ) ;
#3386 = CARTESIAN_POINT ( 'NONE',  ( -4.782772882819589800E-007, 3.437500032384925900, -1.175240473580724300 ) ) ;
#3387 = CARTESIAN_POINT ( 'NONE',  ( -6.104418189141906800E-007, -1.874999967615060600, -1.499999999999867700 ) ) ;
#3388 = CARTESIAN_POINT ( 'NONE',  ( 1.017788344815205900, -4.791666634281741100, 0.5876198225900816100 ) ) ;
#3389 = CARTESIAN_POINT ( 'NONE',  ( 6.104418183075160400E-007, 3.375000032384939600, 1.499999999999867700 ) ) ;
#3390 = CARTESIAN_POINT ( 'NONE',  ( 0.8660260142261841900, -5.520833300948408100, 1.499999647561126800 ) ) ;
#3391 = ORIENTED_EDGE ( 'NONE', *, *, #813, .F. ) ;
#3392 = CARTESIAN_POINT ( 'NONE',  ( 4.782772877150562400E-007, -5.374999967615074100, 1.175240473580725100 ) ) ;
#3393 = CARTESIAN_POINT ( 'NONE',  ( 0.6785258820616624200, -0.8333333009484079600, 1.175240197447204400 ) ) ;
#3394 = CARTESIAN_POINT ( 'NONE',  ( 1.499999999999998400, -1.937500001528508700, -9.005843993035976600E-016 ) ) ;
#3395 = CARTESIAN_POINT ( 'NONE',  ( -0.8660260142261809700, 0.6666666990516062500, -1.499999647561119500 ) ) ;
#3396 = CARTESIAN_POINT ( 'NONE',  ( 0.8660260142261843000, -2.020833300948408100, 1.499999647561126800 ) ) ;
#3397 = ORIENTED_EDGE ( 'NONE', *, *, #1807, .F. ) ;
#3398 = CARTESIAN_POINT ( 'NONE',  ( -1.017787866537917900, -3.395833300948407600, 0.5876206509906434200 ) ) ;
#3399 = CARTESIAN_POINT ( 'NONE',  ( -4.782772882819593000E-007, -2.124999967615074600, -1.175240473580725100 ) ) ;
#3400 = CARTESIAN_POINT ( 'NONE',  ( -1.499999999999998900, -1.687500001528508900, -6.187886356505365400E-015 ) ) ;
#3401 = CARTESIAN_POINT ( 'NONE',  ( -0.6785249255070874300, 0.5833333657182586700, 1.175240749714245900 ) ) ;
#3402 = VECTOR ( 'NONE', #3216, 1000.000000000000000 ) ;
#3403 = CARTESIAN_POINT ( 'NONE',  ( -0.8660260142261850800, 1.229166699051591000, -1.499999647561126400 ) ) ;
#3404 = CARTESIAN_POINT ( 'NONE',  ( -0.6785258820616625300, 4.479166699051592800, -1.175240197447203300 ) ) ;
#3405 = CARTESIAN_POINT ( 'NONE',  ( 1.299038410897452200, 2.958333365718272200, 0.7499994713418120000 ) ) ;
#3406 = CARTESIAN_POINT ( 'NONE',  ( 0.8660260142261802000, -0.5833333009483938600, 1.499999647561119900 ) ) ;
#3407 = CARTESIAN_POINT ( 'NONE',  ( -1.299038410897452900, 5.208333365718272200, -0.7499994713418116600 ) ) ;
#3408 = LINE ( 'NONE', #1682, #2806 ) ;
#3409 = CARTESIAN_POINT ( 'NONE',  ( -4.782772882819589800E-007, -3.562499967615074100, -1.175240473580724300 ) ) ;
#3410 = CARTESIAN_POINT ( 'NONE',  ( -0.6785249255070874300, 0.08333336571825915300, 1.175240749714245900 ) ) ;
#3411 = CARTESIAN_POINT ( 'NONE',  ( 1.017787866537917900, 6.854166699051592800, -0.5876206509906427600 ) ) ;
#3412 = CARTESIAN_POINT ( 'NONE',  ( 1.299037800455634700, 2.041666699051605700, -0.7500005286580553300 ) ) ;
#3413 = CARTESIAN_POINT ( 'NONE',  ( -1.299037800455640400, -1.645833300948407900, 0.7500005286580595500 ) ) ;
#3414 = CARTESIAN_POINT ( 'NONE',  ( -0.6785258820616625300, -3.020833300948407600, -1.175240197447203300 ) ) ;
#3415 = CARTESIAN_POINT ( 'NONE',  ( 1.357050807568749500, -0.7499999676150743700, -5.522670417802544300E-007 ) ) ;
#3416 = CARTESIAN_POINT ( 'NONE',  ( -1.017788344815206500, 1.458333365718258700, -0.5876198225900811600 ) ) ;
#3417 = CARTESIAN_POINT ( 'NONE',  ( -1.299038410897458900, 2.270833365718259300, -0.7499994713418151000 ) ) ;
#3418 = CARTESIAN_POINT ( 'NONE',  ( 4.782772877150559200E-007, 6.187500032384925000, 1.175240473580724300 ) ) ;
#3419 = CARTESIAN_POINT ( 'NONE',  ( -0.8660260142261809700, 6.666666699051606100, -1.499999647561119500 ) ) ;
#3420 = DIRECTION ( 'NONE',  ( 1.000000000000000000, 0.0000000000000000000, 0.0000000000000000000 ) ) ;
#3421 = CARTESIAN_POINT ( 'NONE',  ( 1.017788344815205200, -3.229166634281741100, 0.5876198225900811600 ) ) ;
#3422 = CARTESIAN_POINT ( 'NONE',  ( 1.017787866537918800, -1.208333300948407400, -0.5876206509906432000 ) ) ;
#3423 = CARTESIAN_POINT ( 'NONE',  ( -3.460191456820336100E-016, -5.999999999999998200, 0.0000000000000000000 ) ) ;
#3424 = EDGE_LOOP ( 'NONE', ( #1418, #2908, #2493, #449 ) ) ;
#3425 = CARTESIAN_POINT ( 'NONE',  ( 1.732050807568724200, 0.5000000323849397300, -7.048774963870467500E-007 ) ) ;
#3426 = CARTESIAN_POINT ( 'NONE',  ( -6.104418189141934300E-007, 0.6875000323849251900, -1.499999999999874800 ) ) ;
#3427 = CARTESIAN_POINT ( 'NONE',  ( -0.6785249255070867600, 0.1458333657182592200, 1.175240749714245200 ) ) ;
#3428 = ORIENTED_EDGE ( 'NONE', *, *, #1837, .T. ) ;
#3429 = CARTESIAN_POINT ( 'NONE',  ( 1.017788344815205900, 0.2083333657182584200, 0.5876198225900816100 ) ) ;
#3430 = CARTESIAN_POINT ( 'NONE',  ( -1.460376586768265200, -5.664623413231731200, 2.146458667522126900E-011 ) ) ;
#3431 = CARTESIAN_POINT ( 'NONE',  ( -1.017787866537918800, -0.4583333009484076800, 0.5876206509906438700 ) ) ;
#3432 = CARTESIAN_POINT ( 'NONE',  ( 1.732050807568732200, 3.562500032384924500, -7.048774963870500300E-007 ) ) ;
#3433 = CARTESIAN_POINT ( 'NONE',  ( -0.8660260142261809700, 6.166666699051606100, -1.499999647561119500 ) ) ;
#3434 = ORIENTED_EDGE ( 'NONE', *, *, #3984, .F. ) ;
#3435 = CARTESIAN_POINT ( 'NONE',  ( -0.7813104109221247200, -5.938801827344218700, 0.9019643776567223300 ) ) ;
#3436 =( BOUNDED_CURVE ( )  B_SPLINE_CURVE ( 2, ( #3570, #1988, #2297, #1366, #3864 ),
 .UNSPECIFIED., .F., .F. ) 
 B_SPLINE_CURVE_WITH_KNOTS ( ( 3, 2, 3 ),
 ( 0.05357142590036410200, 0.05952380952380952100, 0.06249999773988106800 ),
 .UNSPECIFIED. ) 
 CURVE ( )  GEOMETRIC_REPRESENTATION_ITEM ( )  RATIONAL_B_SPLINE_CURVE ( ( 1.000000000000000000, 0.8660254037844387100, 1.000000000000000000, 0.9330127527623708300, 0.9330127018922578200 ) ) 
 REPRESENTATION_ITEM ( '' )  );
#3437 = CARTESIAN_POINT ( 'NONE',  ( -0.6785258820616625300, -3.520833300948407600, -1.175240197447203300 ) ) ;
#3438 = CARTESIAN_POINT ( 'NONE',  ( -4.782772882819593000E-007, -0.6249999676150742600, -1.175240473580725100 ) ) ;
#3439 = CARTESIAN_POINT ( 'NONE',  ( 1.499999999999992000, -5.477670883985079600, -0.4019241157814835200 ) ) ;
#3440 = CARTESIAN_POINT ( 'NONE',  ( 1.732050807568724200, 1.000000032384939400, -7.048774963870467500E-007 ) ) ;
#3441 = CARTESIAN_POINT ( 'NONE',  ( -1.732050807568732900, -1.687499967615074400, 7.048774965991651900E-007 ) ) ;
#3442 = CARTESIAN_POINT ( 'NONE',  ( 0.6785249255070866500, -1.104166634281741100, -1.175240749714244700 ) ) ;
#3443 = ADVANCED_FACE ( 'NONE', ( #1383 ), #1592, .T. ) ;
#3444 = CARTESIAN_POINT ( 'NONE',  ( 1.246410162482806600, 0.3535898375171938100, 4.285038674105828400E-014 ) ) ;
#3445 = EDGE_LOOP ( 'NONE', ( #3221, #3217, #713, #887 ) ) ;
#3446 = CARTESIAN_POINT ( 'NONE',  ( -1.299037800455634400, -1.708333300948394100, 0.7500005286580560000 ) ) ;
#3447 = CARTESIAN_POINT ( 'NONE',  ( -0.6785249255070874300, -0.9166666342817408900, 1.175240749714245900 ) ) ;
#3448 = CARTESIAN_POINT ( 'NONE',  ( -1.299038410897458900, 1.770833365718258900, -0.7499994713418151000 ) ) ;
#3449 = ORIENTED_EDGE ( 'NONE', *, *, #3664, .F. ) ;
#3450 = CARTESIAN_POINT ( 'NONE',  ( -1.017788344815205900, -6.479166634281740200, -0.5876198225900807200 ) ) ;
#3451 = CARTESIAN_POINT ( 'NONE',  ( -6.266646430351590200E-008, -5.625000000000000000, 1.499999999999994700 ) ) ;
#3452 = CARTESIAN_POINT ( 'NONE',  ( -0.6785258820616625300, -2.020833300948407200, -1.175240197447203300 ) ) ;
#3453 = CONICAL_SURFACE ( 'NONE', #3539, 1.124999999999995800, 0.7853981633974456100 ) ;
#3454 = CARTESIAN_POINT ( 'NONE',  ( -1.017787866537918800, -1.458333300948407600, 0.5876206509906438700 ) ) ;
#3455 = CARTESIAN_POINT ( 'NONE',  ( 1.017788344815205200, 7.270833365718258900, 0.5876198225900811600 ) ) ;
#3456 = CARTESIAN_POINT ( 'NONE',  ( 0.8660247933425482300, -0.3541666342817412200, -1.500000352438622500 ) ) ;
#3457 = CARTESIAN_POINT ( 'NONE',  ( 1.357050807568748400, -0.6874999676150743700, -5.522670417802541100E-007 ) ) ;
#3458 = LINE ( 'NONE', #3319, #3499 ) ;
#3459 = CARTESIAN_POINT ( 'NONE',  ( -0.9434779673423252500, -5.949759526419176000, 0.7007421036887041500 ) ) ;
#3460 = CARTESIAN_POINT ( 'NONE',  ( -1.017788344815206500, 3.458333365718258900, -0.5876198225900811600 ) ) ;
#3461 = CARTESIAN_POINT ( 'NONE',  ( -1.299038410897458900, 3.270833365718258400, -0.7499994713418151000 ) ) ;
#3462 = FACE_OUTER_BOUND ( 'NONE', #3517, .T. ) ;
#3463 = ADVANCED_FACE ( 'NONE', ( #2517 ), #1338, .T. ) ;
#3464 = CARTESIAN_POINT ( 'NONE',  ( -0.6785258820616625300, -6.020833300948407200, -1.175240197447203300 ) ) ;
#3465 = EDGE_CURVE ( 'NONE', #684, #3716, #1, .T. ) ;
#3466 = CARTESIAN_POINT ( 'NONE',  ( -0.6785249255070867600, -2.854166634281741600, 1.175240749714245200 ) ) ;
#3467 = CARTESIAN_POINT ( 'NONE',  ( -0.6785249255070874300, 2.583333365718257600, 1.175240749714245900 ) ) ;
#3468 = DIRECTION ( 'NONE',  ( -6.237853260653827600E-016, 1.000000000000000000, -0.0000000000000000000 ) ) ;
#3469 = CARTESIAN_POINT ( 'NONE',  ( -1.299038410897458900, -0.7291666342817415500, -0.7499994713418151000 ) ) ;
#3470 = AXIS2_PLACEMENT_3D ( 'NONE', #770, #2347, #3253 ) ;
#3471 = CARTESIAN_POINT ( 'NONE',  ( 1.017788344815205200, -0.7291666342817415500, 0.5876198225900811600 ) ) ;
#3472 = CARTESIAN_POINT ( 'NONE',  ( -1.499999999999992000, -1.750000001528494700, 1.307299934472964400E-015 ) ) ;
#3473 = CARTESIAN_POINT ( 'NONE',  ( -1.357050807568750000, 4.000000032384924100, 5.522670419464453600E-007 ) ) ;
#3474 = CARTESIAN_POINT ( 'NONE',  ( 1.299037800455640400, 4.604166699051592800, -0.7500005286580587700 ) ) ;
#3475 = VERTEX_POINT ( 'NONE', #1567 ) ;
#3476 = CARTESIAN_POINT ( 'NONE',  ( 1.299038410897452200, 6.458333365718273100, 0.7499994713418120000 ) ) ;
#3477 = DIRECTION ( 'NONE',  ( -6.237853260653827600E-016, 1.000000000000000000, -0.0000000000000000000 ) ) ;
#3478 = CARTESIAN_POINT ( 'NONE',  ( -1.017788344815205900, -1.479166634281741300, -0.5876198225900807200 ) ) ;
#3479 = CARTESIAN_POINT ( 'NONE',  ( 4.782772877150562400E-007, 3.125000032384925900, 1.175240473580725100 ) ) ;
#3480 = CARTESIAN_POINT ( 'NONE',  ( 1.499999999999992700, -3.977670883985080500, -0.4019241157814826800 ) ) ;
#3481 = ORIENTED_EDGE ( 'NONE', *, *, #2732, .T. ) ;
#3482 = DIRECTION ( 'NONE',  ( -3.524813029019029000E-017, -1.000000000000000000, -0.0000000000000000000 ) ) ;
#3483 = CARTESIAN_POINT ( 'NONE',  ( -1.017788344815205900, -0.4791666342817413300, -0.5876198225900807200 ) ) ;
#3484 = ADVANCED_FACE ( 'NONE', ( #1247 ), #489, .T. ) ;
#3485 = CARTESIAN_POINT ( 'NONE',  ( -1.221663091341907500, 0.2204861748597623000, 0.6636892338276895200 ) ) ;
#3486 = CARTESIAN_POINT ( 'NONE',  ( -0.6785249255070874300, 3.583333365718258900, 1.175240749714245900 ) ) ;
#3487 = CARTESIAN_POINT ( 'NONE',  ( 1.299037800455640400, 5.104166699051591000, -0.7500005286580587700 ) ) ;
#3488 = CARTESIAN_POINT ( 'NONE',  ( -4.782772882819589800E-007, -4.562499967615074100, -1.175240473580724300 ) ) ;
#3489 = CARTESIAN_POINT ( 'NONE',  ( 1.017787866537917900, 0.3541666990515921500, -0.5876206509906427600 ) ) ;
#3490 = CARTESIAN_POINT ( 'NONE',  ( 1.017788344815205900, 2.708333365718258000, 0.5876198225900816100 ) ) ;
#3491 = CARTESIAN_POINT ( 'NONE',  ( 6.104418183075187900E-007, -3.562499967615074600, 1.499999999999874800 ) ) ;
#3492 = DIRECTION ( 'NONE',  ( 1.000000000000000000, 0.0000000000000000000, 0.0000000000000000000 ) ) ;
#3493 = CARTESIAN_POINT ( 'NONE',  ( -0.8660247933425442300, -2.666666634281727300, 1.500000352438615600 ) ) ;
#3494 = EDGE_CURVE ( 'NONE', #330, #2575, #1486, .T. ) ;
#3495 = ORIENTED_EDGE ( 'NONE', *, *, #529, .F. ) ;
#3496 = CARTESIAN_POINT ( 'NONE',  ( 0.1125223308349445300, 0.2783441676039151200, 1.328395653849510300 ) ) ;
#3497 = CARTESIAN_POINT ( 'NONE',  ( -4.782772882819593000E-007, 1.875000032384924500, -1.175240473580725100 ) ) ;
#3498 = CARTESIAN_POINT ( 'NONE',  ( -0.8660247933425482300, 5.395833365718258900, 1.500000352438622500 ) ) ;
#3499 = VECTOR ( 'NONE', #1429, 1000.000000000000000 ) ;
#3500 = ADVANCED_FACE ( 'NONE', ( #3462 ), #2519, .F. ) ;
#3501 = CARTESIAN_POINT ( 'NONE',  ( 1.357050807568748400, -5.187499967615075000, -5.522670417802541100E-007 ) ) ;
#3502 = CARTESIAN_POINT ( 'NONE',  ( 1.357050807568748400, -0.1874999676150746800, -5.522670417802541100E-007 ) ) ;
#3503 = CARTESIAN_POINT ( 'NONE',  ( -1.357050807568750000, 1.000000032384925400, 5.522670419464453600E-007 ) ) ;
#3504 = DIRECTION ( 'NONE',  ( -3.524813029019029000E-017, -1.000000000000000000, -0.0000000000000000000 ) ) ;
#3505 = CARTESIAN_POINT ( 'NONE',  ( -1.299038410897458900, -0.2291666342817411100, -0.7499994713418151000 ) ) ;
#3506 = CARTESIAN_POINT ( 'NONE',  ( -1.499999999999992200, -5.250000001528494700, -5.810221930990953100E-016 ) ) ;
#3507 = CARTESIAN_POINT ( 'NONE',  ( 1.017787866537918800, 1.791666699051591700, -0.5876206509906432000 ) ) ;
#3508 = CARTESIAN_POINT ( 'NONE',  ( 1.499999999999991600, -1.522329082723599100, 0.4019234615119147700 ) ) ;
#3509 = CARTESIAN_POINT ( 'NONE',  ( 0.8660260142261843000, 4.479166699051592800, 1.499999647561126800 ) ) ;
#3510 = CARTESIAN_POINT ( 'NONE',  ( -1.017787866537917900, -3.395833300948407600, 0.5876206509906434200 ) ) ;
#3511 = EDGE_CURVE ( 'NONE', #3716, #1015, #1935, .T. ) ;
#3512 = CARTESIAN_POINT ( 'NONE',  ( -1.357050807568749100, 0.5625000323849251900, 5.522670419464448300E-007 ) ) ;
#3513 = CARTESIAN_POINT ( 'NONE',  ( -1.017787866537918800, 2.041666699051591900, 0.5876206509906438700 ) ) ;
#3514 = CARTESIAN_POINT ( 'NONE',  ( -1.499999999999999300, -0.7098290827236140000, -0.4019234615119163200 ) ) ;
#3515 = CARTESIAN_POINT ( 'NONE',  ( 1.499999999999995600, -5.999999999999998200, 0.0000000000000000000 ) ) ;
#3516 = CARTESIAN_POINT ( 'NONE',  ( 1.499999999999998200, -0.4151708839850947700, -0.4019241157814861800 ) ) ;
#3517 = EDGE_LOOP ( 'NONE', ( #3520, #1090 ) ) ;
#3518 = CARTESIAN_POINT ( 'NONE',  ( -3.460191456820336100E-016, -5.999999999999998200, 0.0000000000000000000 ) ) ;
#3519 = CARTESIAN_POINT ( 'NONE',  ( 0.6785258820616624200, 4.666666699051591900, 1.175240197447204400 ) ) ;
#3520 = ORIENTED_EDGE ( 'NONE', *, *, #1375, .T. ) ;
#3521 = CARTESIAN_POINT ( 'NONE',  ( -1.299038410897458900, 5.270833365718258900, -0.7499994713418151000 ) ) ;
#3522 = AXIS2_PLACEMENT_3D ( 'NONE', #1105, #2061, #781 ) ;
#3523 = CARTESIAN_POINT ( 'NONE',  ( 0.6785258820616618700, -5.270833300948408100, 1.175240197447203500 ) ) ;
#3524 = CARTESIAN_POINT ( 'NONE',  ( -0.6785258820616625300, 0.4791666990515922600, -1.175240197447203300 ) ) ;
#3525 = CARTESIAN_POINT ( 'NONE',  ( 1.017787866537918800, 3.791666699051591900, -0.5876206509906432000 ) ) ;
#3526 = DIRECTION ( 'NONE',  ( -3.524813029019029000E-017, -1.000000000000000000, -0.0000000000000000000 ) ) ;
#3527 = ORIENTED_EDGE ( 'NONE', *, *, #1254, .F. ) ;
#3528 = CARTESIAN_POINT ( 'NONE',  ( 1.299037800455640400, -5.395833300948408100, -0.7500005286580587700 ) ) ;
#3529 = CARTESIAN_POINT ( 'NONE',  ( -4.782772882819593000E-007, 6.375000032384925000, -1.175240473580725100 ) ) ;
#3530 =( BOUNDED_CURVE ( )  B_SPLINE_CURVE ( 2, ( #1676, #1661, #86, #3854, #3263, #380, #395, #3560, #721 ),
 .UNSPECIFIED., .F., .F. ) 
 B_SPLINE_CURVE_WITH_KNOTS ( ( 3, 2, 2, 2, 3 ),
 ( 0.4374999977398810700, 0.4404761904761904700, 0.4464285714285714500, 0.4523809523809523800, 0.4553571405970239200 ),
 .UNSPECIFIED. ) 
 CURVE ( )  GEOMETRIC_REPRESENTATION_ITEM ( )  RATIONAL_B_SPLINE_CURVE ( ( 0.9330127018922580500, 0.9330126510220679800, 1.000000000000000000, 0.8660254037844387100, 1.000000000000000000, 0.8660254037844387100, 1.000000000000000000, 0.9330127527623708300, 0.9330127018922580500 ) ) 
 REPRESENTATION_ITEM ( '' )  );
#3531 = CARTESIAN_POINT ( 'NONE',  ( -1.299037800455640400, 6.854166699051591000, 0.7500005286580595500 ) ) ;
#3532 = CYLINDRICAL_SURFACE ( 'NONE', #3166, 1.499999999999996000 ) ;
#3533 = EDGE_CURVE ( 'NONE', #3008, #929, #657, .T. ) ;
#3534 = CARTESIAN_POINT ( 'NONE',  ( 0.6785249255070866500, -4.604166634281742000, -1.175240749714245000 ) ) ;
#3535 = CARTESIAN_POINT ( 'NONE',  ( -0.6785258820616625300, 0.9791666990515919300, -1.175240197447203300 ) ) ;
#3536 = VERTEX_POINT ( 'NONE', #1195 ) ;
#3537 = CARTESIAN_POINT ( 'NONE',  ( -1.357050807568750000, 5.500000032384925900, 5.522670419464453600E-007 ) ) ;
#3538 = CARTESIAN_POINT ( 'NONE',  ( -1.499999999999991600, -0.7276708839850808400, 0.4019241157814849000 ) ) ;
#3539 = AXIS2_PLACEMENT_3D ( 'NONE', #1039, #2311, #1709 ) ;
#3540 = CARTESIAN_POINT ( 'NONE',  ( -1.357050807568749100, -4.437499967615074100, 5.522670419464448300E-007 ) ) ;
#3541 = DIRECTION ( 'NONE',  ( -3.524813029019029000E-017, -1.000000000000000000, -0.0000000000000000000 ) ) ;
#3542 = CARTESIAN_POINT ( 'NONE',  ( -1.299038410897458900, -5.229166634281741100, -0.7499994713418151000 ) ) ;
#3543 = CARTESIAN_POINT ( 'NONE',  ( 6.104418183075160400E-007, -3.624999967615060400, 1.499999999999867700 ) ) ;
#3544 = CARTESIAN_POINT ( 'NONE',  ( 1.357050807568749500, 6.750000032384925000, -5.522670417802544300E-007 ) ) ;
#3545 = CARTESIAN_POINT ( 'NONE',  ( -0.1796561176421850000, -5.645451233315786700, 1.479548759178596100 ) ) ;
#3546 = CARTESIAN_POINT ( 'NONE',  ( 1.017788344815205200, -2.729166634281741100, 0.5876198225900811600 ) ) ;
#3547 = LINE ( 'NONE', #1320, #3758 ) ;
#3548 = CARTESIAN_POINT ( 'NONE',  ( -4.782772882819593000E-007, 5.875000032384925000, -1.175240473580725100 ) ) ;
#3549 = CARTESIAN_POINT ( 'NONE',  ( 3.166666666666685600, -2.924970236837546700E-014, 3.878048197299974000E-016 ) ) ;
#3550 = CARTESIAN_POINT ( 'NONE',  ( 0.8660260142261802000, -6.083333300948393900, 1.499999647561119900 ) ) ;
#3551 = CARTESIAN_POINT ( 'NONE',  ( 1.499999999999998700, -2.459829082723613300, 0.4019234615119166600 ) ) ;
#3552 = CARTESIAN_POINT ( 'NONE',  ( -1.017788344815206500, 5.958333365718258900, -0.5876198225900811600 ) ) ;
#3553 = CARTESIAN_POINT ( 'NONE',  ( -1.499999999999992200, -3.250000001528494700, -2.411242101361245900E-015 ) ) ;
#3554 = CARTESIAN_POINT ( 'NONE',  ( -1.499999999999992200, -3.250000001528494700, -2.411242101361245900E-015 ) ) ;
#3555 = CARTESIAN_POINT ( 'NONE',  ( -4.782772882819589800E-007, -1.062499967615074600, -1.175240473580724300 ) ) ;
#3556 = EDGE_CURVE ( 'NONE', #3184, #3004, #3644, .T. ) ;
#3557 = CARTESIAN_POINT ( 'NONE',  ( 1.017788344815205900, 5.708333365718258900, 0.5876198225900816100 ) ) ;
#3558 = VERTEX_POINT ( 'NONE', #567 ) ;
#3559 = DIRECTION ( 'NONE',  ( 5.356182135569786000E-016, 1.000000000000000000, -0.0000000000000000000 ) ) ;
#3560 = CARTESIAN_POINT ( 'NONE',  ( 1.499999999999998700, -0.4598290827236137200, 0.4019234615119166600 ) ) ;
#3561 = CARTESIAN_POINT ( 'NONE',  ( -1.499999999999992500, -0.2723290827235996200, -0.4019234615119144900 ) ) ;
#3562 = ORIENTED_EDGE ( 'NONE', *, *, #195, .T. ) ;
#3563 = CARTESIAN_POINT ( 'NONE',  ( 1.017787866537918800, 5.291666699051591000, -0.5876206509906432000 ) ) ;
#3564 = PERSON_AND_ORGANIZATION_ROLE ( 'design_owner' ) ;
#3565 = CARTESIAN_POINT ( 'NONE',  ( -1.413046173342889400, -5.677769736018819700, -0.3608383540906328600 ) ) ;
#3566 = CARTESIAN_POINT ( 'NONE',  ( 0.6785249255070866500, -0.6041666342817414400, -1.175240749714245000 ) ) ;
#3567 = CARTESIAN_POINT ( 'NONE',  ( 1.357050807568749500, 5.750000032384924100, -5.522670417802544300E-007 ) ) ;
#3568 = DIRECTION ( 'NONE',  ( -3.524813029019029000E-017, -1.000000000000000000, -0.0000000000000000000 ) ) ;
#3569 = CARTESIAN_POINT ( 'NONE',  ( 1.299037800455634700, -4.958333300948393900, -0.7500005286580553300 ) ) ;
#3570 = CARTESIAN_POINT ( 'NONE',  ( -6.266646430351590200E-008, -5.625000000000000000, 1.499999999999994700 ) ) ;
#3571 = LINE ( 'NONE', #998, #1055 ) ;
#3572 = CARTESIAN_POINT ( 'NONE',  ( 1.499999999999998400, 0.06249999847149058400, 6.594601891674731900E-015 ) ) ;
#3573 = CARTESIAN_POINT ( 'NONE',  ( -1.017788344815205900, 5.520833365718258900, -0.5876198225900807200 ) ) ;
#3574 = CARTESIAN_POINT ( 'NONE',  ( 0.8660260142261843000, -6.020833300948409000, 1.499999647561126800 ) ) ;
#3575 = ORIENTED_EDGE ( 'NONE', *, *, #3511, .T. ) ;
#3576 = CARTESIAN_POINT ( 'NONE',  ( -1.453866045934475700, -5.671133954068163300, -0.1799663543685282300 ) ) ;
#3577 = EDGE_CURVE ( 'NONE', #1099, #2818, #2500, .T. ) ;
#3578 = VECTOR ( 'NONE', #342, 1000.000000000000000 ) ;
#3579 = CARTESIAN_POINT ( 'NONE',  ( 4.782772877150559200E-007, -1.812499967615074400, 1.175240473580724300 ) ) ;
#3580 = CARTESIAN_POINT ( 'NONE',  ( -1.352195080071302300, 0.1782169060775944900, -0.4539296577590644600 ) ) ;
#3581 = CARTESIAN_POINT ( 'NONE',  ( -4.782772882819589800E-007, -5.062499967615075000, -1.175240473580724300 ) ) ;
#3582 = EDGE_CURVE ( 'NONE', #627, #3666, #2601, .T. ) ;
#3583 = VECTOR ( 'NONE', #63, 1000.000000000000000 ) ;
#3584 = CARTESIAN_POINT ( 'NONE',  ( -1.299038410897452900, -4.791666634281726900, -0.7499994713418116600 ) ) ;
#3585 = DIRECTION ( 'NONE',  ( -3.524813029019029000E-017, -1.000000000000000000, -0.0000000000000000000 ) ) ;
#3586 = CARTESIAN_POINT ( 'NONE',  ( 1.499999999999999800, -3.915170883985095200, -0.4019241157814845700 ) ) ;
#3587 = CARTESIAN_POINT ( 'NONE',  ( -0.6785249255070867600, 5.645833365718258000, 1.175240749714245200 ) ) ;
#3588 = CARTESIAN_POINT ( 'NONE',  ( -1.499999999999992000, -0.2500000015284948900, 1.307299934472964400E-015 ) ) ;
#3589 = VECTOR ( 'NONE', #1502, 1000.000000000000000 ) ;
#3590 = CARTESIAN_POINT ( 'NONE',  ( 0.8660247933425482300, -4.854166634281742000, -1.500000352438622500 ) ) ;
#3591 = CARTESIAN_POINT ( 'NONE',  ( 1.499999999999995600, -5.999999999999998200, 0.0000000000000000000 ) ) ;
#3592 = DIRECTION ( 'NONE',  ( -3.524813029019029000E-017, -1.000000000000000000, -0.0000000000000000000 ) ) ;
#3593 = CARTESIAN_POINT ( 'NONE',  ( -1.017787866537917900, -0.8958333009484080700, 0.5876206509906434200 ) ) ;
#3594 = CARTESIAN_POINT ( 'NONE',  ( -0.6785249255070874300, 6.583333365718258000, 1.175240749714245900 ) ) ;
#3595 = CARTESIAN_POINT ( 'NONE',  ( -0.6785258820616625300, -4.520833300948408100, -1.175240197447203300 ) ) ;
#3596 =( BOUNDED_CURVE ( )  B_SPLINE_CURVE ( 2, ( #686, #3844, #2854, #1929, #1000, #2533, #62, #710, #3832 ),
 .UNSPECIFIED., .F., .F. ) 
 B_SPLINE_CURVE_WITH_KNOTS ( ( 3, 2, 2, 2, 3 ),
 ( 0.3124999977398810700, 0.3154761904761904700, 0.3214285714285714500, 0.3273809523809523800, 0.3303571405970239200 ),
 .UNSPECIFIED. ) 
 CURVE ( )  GEOMETRIC_REPRESENTATION_ITEM ( )  RATIONAL_B_SPLINE_CURVE ( ( 0.9330127018922580500, 0.9330126510220679800, 1.000000000000000000, 0.8660254037844387100, 1.000000000000000000, 0.8660254037844387100, 1.000000000000000000, 0.9330127527623708300, 0.9330127018922580500 ) ) 
 REPRESENTATION_ITEM ( '' )  );
#3597 = CARTESIAN_POINT ( 'NONE',  ( -0.6785258820616625300, 1.479166699051591300, -1.175240197447203300 ) ) ;
#3598 = CARTESIAN_POINT ( 'NONE',  ( -0.8660260142261809700, -3.833333300948393400, -1.499999647561119500 ) ) ;
#3599 = CARTESIAN_POINT ( 'NONE',  ( -0.6785249255070874300, -6.416666634281741100, 1.175240749714245900 ) ) ;
#3600 = CARTESIAN_POINT ( 'NONE',  ( -4.782772882819589800E-007, 5.437500032384925900, -1.175240473580724300 ) ) ;
#3601 = DIRECTION ( 'NONE',  ( -1.000000000000000000, 0.0000000000000000000, 0.0000000000000000000 ) ) ;
#3602 = CARTESIAN_POINT ( 'NONE',  ( 1.732050807568732200, -6.437499967615074100, -7.048774963870500300E-007 ) ) ;
#3603 = EDGE_LOOP ( 'NONE', ( #3310, #144, #167, #1858, #422, #1525, #2969, #4046, #2576, #3328, #2345, #3255, #3481, #2108, #100, #269, #1922, #860, #2980, #2972, #2683, #2091, #2085, #1746, #1944, #1451, #2205, #3332, #2547 ) ) ;
#3604 = CARTESIAN_POINT ( 'NONE',  ( 4.782772877150559200E-007, -5.812499967615074100, 1.175240473580724300 ) ) ;
#3605 = B_SPLINE_CURVE_WITH_KNOTS ( 'NONE', 3,
 ( #65, #3576, #3565, #78, #3881, #2290, #2316, #3891, #2888, #2014, #3233, #1361, #1993, #2302, #411, #3963, #3931, #1757, #2641, #797, #1067, #461 ),
 .UNSPECIFIED., .F., .F.,
 ( 4, 2, 2, 2, 2, 2, 2, 2, 2, 2, 4 ),
 ( 0.001176275240439800300, 0.001719239435123106600, 0.002262203629806412700, 0.002533685727148066100, 0.002805167824489719500, 0.003348132019173026200, 0.003891096213856333000, 0.004162578311197986800, 0.004434060408539639700, 0.004977024603222946500, 0.005519988797906253200 ),
 .UNSPECIFIED. ) ;
#3606 = CARTESIAN_POINT ( 'NONE',  ( 4.782772877150562400E-007, -2.374999967615075000, 1.175240473580725100 ) ) ;
#3607 = CARTESIAN_POINT ( 'NONE',  ( -1.017788344815205900, 1.520833365718258700, -0.5876198225900807200 ) ) ;
#3608 = ORIENTED_EDGE ( 'NONE', *, *, #1348, .F. ) ;
#3609 = CARTESIAN_POINT ( 'NONE',  ( -1.017787866537918800, 7.041666699051591000, 0.5876206509906438700 ) ) ;
#3610 = CARTESIAN_POINT ( 'NONE',  ( 0.6785249255070866500, -5.604166634281740200, -1.175240749714245000 ) ) ;
#3611 = CARTESIAN_POINT ( 'NONE',  ( -0.6785249255070867600, 3.145833365718258400, 1.175240749714245200 ) ) ;
#3612 = CARTESIAN_POINT ( 'NONE',  ( -6.104418189141906800E-007, -3.374999967615060400, -1.499999999999867700 ) ) ;
#3613 = CARTESIAN_POINT ( 'NONE',  ( 0.6785249255070872100, -6.166666634281741100, -1.175240749714245600 ) ) ;
#3614 = CARTESIAN_POINT ( 'NONE',  ( -1.162453267551579500, -5.949759526419175200, -0.1728946832644950600 ) ) ;
#3615 = CARTESIAN_POINT ( 'NONE',  ( 1.017787866537917900, 6.354166699051591900, -0.5876206509906427600 ) ) ;
#3616 = ORIENTED_EDGE ( 'NONE', *, *, #1546, .T. ) ;
#3617 = ORIENTED_EDGE ( 'NONE', *, *, #2112, .F. ) ;
#3618 = CARTESIAN_POINT ( 'NONE',  ( -1.299037800455640400, -6.145833300948407200, 0.7500005286580595500 ) ) ;
#3619 = APPROVAL_ROLE ( '' ) ;
#3620 = CARTESIAN_POINT ( 'NONE',  ( -1.195583848116693300E-016, 0.4247595264191741400, 0.0000000000000000000 ) ) ;
#3621 = CARTESIAN_POINT ( 'NONE',  ( 0.6785258820616624200, -2.833333300948407600, 1.175240197447204600 ) ) ;
#3622 = CARTESIAN_POINT ( 'NONE',  ( 4.782772877150562400E-007, -1.874999967615074400, 1.175240473580725100 ) ) ;
#3623 = CARTESIAN_POINT ( 'NONE',  ( -0.6785258820616625300, 1.979166699051591900, -1.175240197447203300 ) ) ;
#3624 = ORIENTED_EDGE ( 'NONE', *, *, #1912, .T. ) ;
#3625 = CARTESIAN_POINT ( 'NONE',  ( -1.357050807568749100, -6.437499967615074100, 5.522670419464448300E-007 ) ) ;
#3626 = CARTESIAN_POINT ( 'NONE',  ( 1.357050807568748400, 1.312500032384925900, -5.522670417802541100E-007 ) ) ;
#3627 = CARTESIAN_POINT ( 'NONE',  ( 6.104418183075160400E-007, -5.124999967615059900, 1.499999999999867700 ) ) ;
#3628 = CARTESIAN_POINT ( 'NONE',  ( -1.357050807568750000, -5.499999967615074100, 5.522670419464453600E-007 ) ) ;
#3629 = EDGE_LOOP ( 'NONE', ( #261, #1209 ) ) ;
#3630 = CARTESIAN_POINT ( 'NONE',  ( 0.6785258820616618700, 5.729166699051591900, 1.175240197447203500 ) ) ;
#3631 = CARTESIAN_POINT ( 'NONE',  ( 1.357050807568749500, -2.749999967615074100, -5.522670417802544300E-007 ) ) ;
#3632 = CARTESIAN_POINT ( 'NONE',  ( -0.8660247933425482300, -6.104166634281740200, 1.500000352438622500 ) ) ;
#3633 = CARTESIAN_POINT ( 'NONE',  ( 1.499999999999991600, -2.000000001528494700, -9.005843993035976600E-016 ) ) ;
#3634 = CARTESIAN_POINT ( 'NONE',  ( 1.357050807568749500, -2.749999967615074100, -5.522670417802544300E-007 ) ) ;
#3635 = CARTESIAN_POINT ( 'NONE',  ( 0.6785258820616624200, -1.333333300948407600, 1.175240197447204400 ) ) ;
#3636 = CARTESIAN_POINT ( 'NONE',  ( 1.017787866537917900, -0.1458333009484074100, -0.5876206509906427600 ) ) ;
#3637 = COORDINATED_UNIVERSAL_TIME_OFFSET ( 6, 0, .BEHIND. ) ;
#3638 = CARTESIAN_POINT ( 'NONE',  ( -3.166666666666688300, 0.8333333333332998400, 0.0000000000000000000 ) ) ;
#3639 = CARTESIAN_POINT ( 'NONE',  ( -0.6785258820616625300, -6.020833300948407200, -1.175240197447203300 ) ) ;
#3640 = CARTESIAN_POINT ( 'NONE',  ( 1.357050807568748400, 1.812500032384926100, -5.522670417802541100E-007 ) ) ;
#3641 = CARTESIAN_POINT ( 'NONE',  ( -6.104418189141906800E-007, -0.8749999676150606000, -1.499999999999867700 ) ) ;
#3642 = CARTESIAN_POINT ( 'NONE',  ( -0.6836845057049361100, 0.4247595264191608200, -0.9559109097617168900 ) ) ;
#3643 = CYLINDRICAL_SURFACE ( 'NONE', #3811, 3.166666666666691800 ) ;
#3644 = B_SPLINE_CURVE_WITH_KNOTS ( 'NONE', 3,
 ( #2442, #2719, #198, #832 ),
 .UNSPECIFIED., .F., .F.,
 ( 4, 4 ),
 ( 0.0007507883106978857800, 0.0009246096489140471300 ),
 .UNSPECIFIED. ) ;
#3645 = CARTESIAN_POINT ( 'NONE',  ( 1.017788344815205900, -5.791666634281741100, 0.5876198225900816100 ) ) ;
#3646 = CARTESIAN_POINT ( 'NONE',  ( 1.017787866537918800, -2.208333300948407600, -0.5876206509906432000 ) ) ;
#3647 = CARTESIAN_POINT ( 'NONE',  ( -0.8660260142261850800, -3.770833300948408100, -1.499999647561126400 ) ) ;
#3648 = CARTESIAN_POINT ( 'NONE',  ( 1.499999999999995600, -5.999999999999998200, 0.0000000000000000000 ) ) ;
#3649 = CARTESIAN_POINT ( 'NONE',  ( 0.6785249255070872100, -3.166666634281741100, -1.175240749714245600 ) ) ;
#3650 =( BOUNDED_CURVE ( )  B_SPLINE_CURVE ( 2, ( #1815, #238, #1863, #3390, #3110, #286, #2210 ),
 .UNSPECIFIED., .F., .T. ) 
 B_SPLINE_CURVE_WITH_KNOTS ( ( 3, 2, 2, 3 ),
 ( 0.08489871021904754600, 0.08928571428571428800, 0.09523809523809523300, 0.09821428345416678700 ),
 .UNSPECIFIED. ) 
 CURVE ( )  GEOMETRIC_REPRESENTATION_ITEM ( )  RATIONAL_B_SPLINE_CURVE ( ( 0.9480652590549471000, 0.9012584874641462700, 1.000000000000000000, 0.8660254037844387100, 1.000000000000000000, 0.9330127527623708300, 0.9330127018922580500 ) ) 
 REPRESENTATION_ITEM ( '' )  );
#3651 = CARTESIAN_POINT ( 'NONE',  ( 1.357050807568749500, -1.749999967615074600, -5.522670417802544300E-007 ) ) ;
#3652 = CARTESIAN_POINT ( 'NONE',  ( 4.782772877150559200E-007, -0.3124999676150748100, 1.175240473580724300 ) ) ;
#3653 = CARTESIAN_POINT ( 'NONE',  ( -1.499999999999998900, -1.187500001528509100, 1.307299934472964400E-015 ) ) ;
#3654 = CARTESIAN_POINT ( 'NONE',  ( 0.6785258820616618700, 5.229166699051591000, 1.175240197447203500 ) ) ;
#3655 = CARTESIAN_POINT ( 'NONE',  ( -0.6785258820616625300, 3.979166699051591900, -1.175240197447203300 ) ) ;
#3656 = CARTESIAN_POINT ( 'NONE',  ( -1.299038410897452900, -2.791666634281726900, -0.7499994713418116600 ) ) ;
#3657 = CARTESIAN_POINT ( 'NONE',  ( -2.496022088948270800E-015, -6.418476861114186200E-014, 0.0000000000000000000 ) ) ;
#3658 = CARTESIAN_POINT ( 'NONE',  ( -1.732050807568724600, 4.750000032384939200, 7.048774965991616900E-007 ) ) ;
#3659 = CARTESIAN_POINT ( 'NONE',  ( -1.499999999999998900, -3.187500001528508900, -6.187886356505365400E-015 ) ) ;
#3660 = CARTESIAN_POINT ( 'NONE',  ( -1.017788344815206500, -6.541666634281740200, -0.5876198225900811600 ) ) ;
#3661 = CARTESIAN_POINT ( 'NONE',  ( -4.782772882819593000E-007, -2.624999967615074100, -1.175240473580725100 ) ) ;
#3662 = ORIENTED_EDGE ( 'NONE', *, *, #94, .F. ) ;
#3663 = CARTESIAN_POINT ( 'NONE',  ( 0.8660260142261843000, -4.020833300948408100, 1.499999647561126800 ) ) ;
#3664 = EDGE_CURVE ( 'NONE', #1411, #2715, #1154, .T. ) ;
#3665 = CARTESIAN_POINT ( 'NONE',  ( 1.017788344815205200, -3.729166634281741100, 0.5876198225900811600 ) ) ;
#3666 = VERTEX_POINT ( 'NONE', #1142 ) ;
#3667 = CARTESIAN_POINT ( 'NONE',  ( 1.017787866537918800, -2.708333300948408100, -0.5876206509906432000 ) ) ;
#3668 = CARTESIAN_POINT ( 'NONE',  ( -1.017787866537918800, -3.458333300948407600, 0.5876206509906438700 ) ) ;
#3669 = CARTESIAN_POINT ( 'NONE',  ( 1.017787866537917900, 1.354166699051591300, -0.5876206509906427600 ) ) ;
#3670 = CARTESIAN_POINT ( 'NONE',  ( -0.5910572792297812400, -5.911295449590309800, 1.175240714118306800 ) ) ;
#3671 = CARTESIAN_POINT ( 'NONE',  ( 0.6785249255070866500, 3.395833365718258400, -1.175240749714245000 ) ) ;
#3672 = CARTESIAN_POINT ( 'NONE',  ( 1.017787866537917900, 3.854166699051591900, -0.5876206509906427600 ) ) ;
#3673 = CARTESIAN_POINT ( 'NONE',  ( -1.299037800455634400, -3.208333300948393900, 0.7500005286580560000 ) ) ;
#3674 = CARTESIAN_POINT ( 'NONE',  ( -4.782772882819593000E-007, -4.624999967615074100, -1.175240473580725100 ) ) ;
#3675 = CARTESIAN_POINT ( 'NONE',  ( 6.104418183075160400E-007, 4.375000032384939200, 1.499999999999867700 ) ) ;
#3676 = CARTESIAN_POINT ( 'NONE',  ( -1.357050807568750000, -6.499999967615075000, 5.522670419464453600E-007 ) ) ;
#3677 = CARTESIAN_POINT ( 'NONE',  ( 0.6785258820616624200, -4.333333300948408100, 1.175240197447204400 ) ) ;
#3678 = CARTESIAN_POINT ( 'NONE',  ( -6.104418189141934300E-007, -3.812499967615074600, -1.499999999999874800 ) ) ;
#3679 = LINE ( 'NONE', #2853, #1575 ) ;
#3680 = CARTESIAN_POINT ( 'NONE',  ( -1.017787866537917900, -2.895833300948407600, 0.5876206509906434200 ) ) ;
#3681 = CARTESIAN_POINT ( 'NONE',  ( 1.357050807568749500, -1.749999967615074600, -5.522670417802544300E-007 ) ) ;
#3682 = ORIENTED_EDGE ( 'NONE', *, *, #3984, .T. ) ;
#3683 = CARTESIAN_POINT ( 'NONE',  ( -1.017788344815206500, -3.541666634281741100, -0.5876198225900811600 ) ) ;
#3684 = CARTESIAN_POINT ( 'NONE',  ( 4.782772877150559200E-007, 2.687500032384925400, 1.175240473580724300 ) ) ;
#3685 = CARTESIAN_POINT ( 'NONE',  ( 1.017787866537918800, -5.208333300948407200, -0.5876206509906432000 ) ) ;
#3686 = CARTESIAN_POINT ( 'NONE',  ( -0.6785258820616625300, 3.979166699051591900, -1.175240197447203300 ) ) ;
#3687 = CARTESIAN_POINT ( 'NONE',  ( 0.8660247933425441200, -1.916666634281726900, -1.500000352438615800 ) ) ;
#3688 = CARTESIAN_POINT ( 'NONE',  ( -1.017787866537918800, -3.958333300948408100, 0.5876206509906438700 ) ) ;
#3689 = CARTESIAN_POINT ( 'NONE',  ( -1.299037800455634400, 5.291666699051605200, 0.7500005286580560000 ) ) ;
#3690 = DIRECTION ( 'NONE',  ( -3.524813029019029000E-017, -1.000000000000000000, -0.0000000000000000000 ) ) ;
#3691 = CARTESIAN_POINT ( 'NONE',  ( -0.6785249255070874300, -4.916666634281741100, 1.175240749714245900 ) ) ;
#3692 = LINE ( 'NONE', #39, #3583 ) ;
#3693 = CARTESIAN_POINT ( 'NONE',  ( 1.017788344815205900, -3.291666634281741100, 0.5876198225900816100 ) ) ;
#3694 = CARTESIAN_POINT ( 'NONE',  ( 6.104418183075160400E-007, 1.375000032384939600, 1.499999999999867700 ) ) ;
#3695 = CARTESIAN_POINT ( 'NONE',  ( -0.8660260142261850800, -2.770833300948408100, -1.499999647561126400 ) ) ;
#3696 = CARTESIAN_POINT ( 'NONE',  ( 1.357050807568748400, -2.187499967615074600, -5.522670417802541100E-007 ) ) ;
#3697 = CARTESIAN_POINT ( 'NONE',  ( -1.017788344815206500, -2.041666634281741100, -0.5876198225900811600 ) ) ;
#3698 = EDGE_CURVE ( 'NONE', #30, #2168, #3787, .T. ) ;
#3699 = FACE_OUTER_BOUND ( 'NONE', #376, .T. ) ;
#3700 = CARTESIAN_POINT ( 'NONE',  ( -1.499999999999998900, -1.187500001528509100, 1.307299934472964400E-015 ) ) ;
#3701 = CARTESIAN_POINT ( 'NONE',  ( 0.6785249255070872100, -0.6666666342817414400, -1.175240749714245600 ) ) ;
#3702 = CARTESIAN_POINT ( 'NONE',  ( 0.6785249255070866500, 3.895833365718259300, -1.175240749714245000 ) ) ;
#3703 = CARTESIAN_POINT ( 'NONE',  ( -1.299038410897452900, -2.291666634281727300, -0.7499994713418116600 ) ) ;
#3704 = CARTESIAN_POINT ( 'NONE',  ( -1.017788344815206500, -4.541666634281741100, -0.5876198225900811600 ) ) ;
#3705 = CARTESIAN_POINT ( 'NONE',  ( -6.104418189141906800E-007, 4.625000032384939200, -1.499999999999867700 ) ) ;
#3706 = CARTESIAN_POINT ( 'NONE',  ( -3.460191456820336100E-016, -5.999999999999998200, 0.0000000000000000000 ) ) ;
#3707 = CARTESIAN_POINT ( 'NONE',  ( 0.6785249255070872100, -4.666666634281742000, -1.175240749714245600 ) ) ;
#3708 = CARTESIAN_POINT ( 'NONE',  ( -1.017788344815206500, -1.541666634281741300, -0.5876198225900811600 ) ) ;
#3709 = DIRECTION ( 'NONE',  ( 1.000000000000000000, 0.0000000000000000000, 0.0000000000000000000 ) ) ;
#3710 = CARTESIAN_POINT ( 'NONE',  ( -1.299037800455634400, 0.2916666990516059700, 0.7500005286580560000 ) ) ;
#3711 = CARTESIAN_POINT ( 'NONE',  ( 1.732050807568732200, -2.437499967615075000, -7.048774963870500300E-007 ) ) ;
#3712 = CARTESIAN_POINT ( 'NONE',  ( 0.6785249255070866500, -3.104166634281741100, -1.175240749714244700 ) ) ;
#3713 = CARTESIAN_POINT ( 'NONE',  ( -1.017788344815206500, -0.5416666342817413300, -0.5876198225900811600 ) ) ;
#3714 = CARTESIAN_POINT ( 'NONE',  ( 1.299038410897452200, -5.041666634281726900, 0.7499994713418120000 ) ) ;
#3715 = CARTESIAN_POINT ( 'NONE',  ( -1.017787866537918800, 1.041666699051591900, 0.5876206509906438700 ) ) ;
#3716 = VERTEX_POINT ( 'NONE', #1791 ) ;
#3717 = CARTESIAN_POINT ( 'NONE',  ( 1.299038410897458200, 1.520833365718258700, 0.7499994713418155500 ) ) ;
#3718 = CARTESIAN_POINT ( 'NONE',  ( 1.017787866537917900, 5.354166699051591000, -0.5876206509906427600 ) ) ;
#3719 = CARTESIAN_POINT ( 'NONE',  ( -1.299037800455634400, -0.2083333009483935800, 0.7500005286580560000 ) ) ;
#3720 = ORIENTED_EDGE ( 'NONE', *, *, #3494, .F. ) ;
#3721 = CARTESIAN_POINT ( 'NONE',  ( 0.8660260142261802000, 3.416666699051605700, 1.499999647561119900 ) ) ;
#3722 = DIRECTION ( 'NONE',  ( -3.524813029019029000E-017, -1.000000000000000000, 0.0000000000000000000 ) ) ;
#3723 = CARTESIAN_POINT ( 'NONE',  ( 4.782772877150559200E-007, -4.312499967615074100, 1.175240473580724300 ) ) ;
#3724 = CARTESIAN_POINT ( 'NONE',  ( 0.6785258820616624200, 0.1666666990515920100, 1.175240197447204400 ) ) ;
#3725 = CARTESIAN_POINT ( 'NONE',  ( 6.104418183075160400E-007, 2.375000032384938700, 1.499999999999867700 ) ) ;
#3726 = CARTESIAN_POINT ( 'NONE',  ( 0.8660247933425482300, -1.354166634281741300, -1.500000352438622500 ) ) ;
#3727 = EDGE_CURVE ( 'NONE', #1228, #510, #1768, .T. ) ;
#3728 = CARTESIAN_POINT ( 'NONE',  ( -1.357050807568748600, -2.937499967615074100, 5.522670419464448300E-007 ) ) ;
#3729 = CARTESIAN_POINT ( 'NONE',  ( -1.357050807568750000, -1.499999967615074100, 5.522670419464452500E-007 ) ) ;
#3730 = ORIENTED_EDGE ( 'NONE', *, *, #4075, .F. ) ;
#3731 = CARTESIAN_POINT ( 'NONE',  ( -0.6785258820616632000, 1.416666699051591500, -1.175240197447204200 ) ) ;
#3732 = CARTESIAN_POINT ( 'NONE',  ( 1.299038410897458200, 3.520833365718258900, 0.7499994713418155500 ) ) ;
#3733 = CARTESIAN_POINT ( 'NONE',  ( -0.6785258820616625300, 6.479166699051592800, -1.175240197447203300 ) ) ;
#3734 = CARTESIAN_POINT ( 'NONE',  ( -6.104418189141906800E-007, 7.625000032384940100, -1.499999999999867700 ) ) ;
#3735 = CARTESIAN_POINT ( 'NONE',  ( -1.499999999999998900, -4.187500001528508900, 1.307299934472964400E-015 ) ) ;
#3736 = VECTOR ( 'NONE', #3957, 999.9999999999998900 ) ;
#3737 =( BOUNDED_CURVE ( )  B_SPLINE_CURVE ( 2, ( #3178, #74, #2841, #3805, #2543, #1951, #1301, #3551, #419 ),
 .UNSPECIFIED., .F., .F. ) 
 B_SPLINE_CURVE_WITH_KNOTS ( ( 3, 2, 2, 2, 3 ),
 ( 0.2946428548827382300, 0.2976190476190476200, 0.3035714285714285500, 0.3095238095238095300, 0.3124999977398810700 ),
 .UNSPECIFIED. ) 
 CURVE ( )  GEOMETRIC_REPRESENTATION_ITEM ( )  RATIONAL_B_SPLINE_CURVE ( ( 0.9330127018922580500, 0.9330126510220679800, 1.000000000000000000, 0.8660254037844387100, 1.000000000000000000, 0.8660254037844387100, 1.000000000000000000, 0.9330127527623708300, 0.9330127018922580500 ) ) 
 REPRESENTATION_ITEM ( '' )  );
#3738 = CARTESIAN_POINT ( 'NONE',  ( 4.782772877150559200E-007, -3.812499967615074600, 1.175240473580724300 ) ) ;
#3739 = CARTESIAN_POINT ( 'NONE',  ( -1.017787866537918800, 0.5416666990515923700, 0.5876206509906438700 ) ) ;
#3740 = CARTESIAN_POINT ( 'NONE',  ( -1.499999999999997100, -1.709829082723613800, -0.4019234615119198200 ) ) ;
#3741 = CARTESIAN_POINT ( 'NONE',  ( -1.732050807568724600, 2.750000032384938700, 7.048774965991616900E-007 ) ) ;
#3742 = CARTESIAN_POINT ( 'NONE',  ( 1.299037800455640400, -1.895833300948408100, -0.7500005286580587700 ) ) ;
#3743 = VERTEX_POINT ( 'NONE', #2782 ) ;
#3744 = CARTESIAN_POINT ( 'NONE',  ( -1.017788344815205900, -0.9791666342817408900, -0.5876198225900807200 ) ) ;
#3745 = CARTESIAN_POINT ( 'NONE',  ( 0.6785258820616624200, -1.333333300948407400, 1.175240197447204600 ) ) ;
#3746 = CARTESIAN_POINT ( 'NONE',  ( 4.782772877150562400E-007, 0.6250000323849251900, 1.175240473580725100 ) ) ;
#3747 = CIRCLE ( 'NONE', #3946, 4.000000000000029300 ) ;
#3748 = CARTESIAN_POINT ( 'NONE',  ( 0.8660247933425482300, 2.645833365718258000, -1.500000352438622500 ) ) ;
#3749 = CARTESIAN_POINT ( 'NONE',  ( -0.8660247933425441200, 5.833333365718273100, 1.500000352438615800 ) ) ;
#3750 = DIRECTION ( 'NONE',  ( 1.000000000000000000, -3.524813029019029000E-017, 0.0000000000000000000 ) ) ;
#3751 = PERSON_AND_ORGANIZATION ( #1785, #2119 ) ;
#3752 = EDGE_CURVE ( 'NONE', #1352, #1411, #1070, .T. ) ;
#3753 = CARTESIAN_POINT ( 'NONE',  ( 1.357050807568748400, -2.187499967615075000, -5.522670417802541100E-007 ) ) ;
#3754 = CARTESIAN_POINT ( 'NONE',  ( -4.782772882819593000E-007, 0.3750000323849258000, -1.175240473580725100 ) ) ;
#3755 = CARTESIAN_POINT ( 'NONE',  ( 0.8660247933425482300, -1.854166634281741800, -1.500000352438622300 ) ) ;
#3756 = CARTESIAN_POINT ( 'NONE',  ( -6.104418189141906800E-007, 0.6250000323849399500, -1.499999999999867700 ) ) ;
#3757 = CARTESIAN_POINT ( 'NONE',  ( -0.8660247933425482300, -1.104166634281740900, 1.500000352438622500 ) ) ;
#3758 = VECTOR ( 'NONE', #2554, 1000.000000000000000 ) ;
#3759 = CARTESIAN_POINT ( 'NONE',  ( -1.017788344815205900, -1.979166634281740900, -0.5876198225900807200 ) ) ;
#3760 = CARTESIAN_POINT ( 'NONE',  ( 1.499999999999999800, -3.415170883985095200, -0.4019241157814845700 ) ) ;
#3761 = CARTESIAN_POINT ( 'NONE',  ( -1.017788344815206500, -0.04166663428174094400, -0.5876198225900811600 ) ) ;
#3762 = CARTESIAN_POINT ( 'NONE',  ( 1.732050807568732200, 2.062500032384924500, -7.048774963870500300E-007 ) ) ;
#3763 = CARTESIAN_POINT ( 'NONE',  ( -1.017787866537917900, -6.395833300948408100, 0.5876206509906434200 ) ) ;
#3764 = CARTESIAN_POINT ( 'NONE',  ( -1.017788344815205900, -3.979166634281741100, -0.5876198225900807200 ) ) ;
#3765 = CARTESIAN_POINT ( 'NONE',  ( -0.6785258820616632000, 0.4166666990515922000, -1.175240197447204200 ) ) ;
#3766 = CARTESIAN_POINT ( 'NONE',  ( 1.499999999999995600, -5.999999999999998200, 0.0000000000000000000 ) ) ;
#3767 = CARTESIAN_POINT ( 'NONE',  ( 0.8660247933425482300, -1.854166634281741600, -1.500000352438622500 ) ) ;
#3768 = CARTESIAN_POINT ( 'NONE',  ( -1.357050807568748600, -0.4374999676150749300, 5.522670419464448300E-007 ) ) ;
#3769 = ADVANCED_FACE ( 'NONE', ( #1685 ), #3997, .T. ) ;
#3770 = ORIENTED_EDGE ( 'NONE', *, *, #3016, .F. ) ;
#3771 = CARTESIAN_POINT ( 'NONE',  ( -1.299038410897458900, -3.229166634281741100, -0.7499994713418151000 ) ) ;
#3772 = CARTESIAN_POINT ( 'NONE',  ( -1.357050807568750000, 3.500000032384926700, 5.522670419464453600E-007 ) ) ;
#3773 = EDGE_LOOP ( 'NONE', ( #1716, #404, #3226, #3232 ) ) ;
#3774 = EDGE_LOOP ( 'NONE', ( #3562, #3278 ) ) ;
#3775 = CARTESIAN_POINT ( 'NONE',  ( 0.8660260142261843000, 2.479166699051592400, 1.499999647561126800 ) ) ;
#3776 = CARTESIAN_POINT ( 'NONE',  ( 0.6785258820616618700, -6.270833300948407200, 1.175240197447203500 ) ) ;
#3777 = ORIENTED_EDGE ( 'NONE', *, *, #1348, .T. ) ;
#3778 = CARTESIAN_POINT ( 'NONE',  ( -1.017788344815205900, -3.479166634281741100, -0.5876198225900807200 ) ) ;
#3779 = CARTESIAN_POINT ( 'NONE',  ( -0.6785249255070874300, 3.083333365718258000, 1.175240749714245900 ) ) ;
#3780 = CARTESIAN_POINT ( 'NONE',  ( -1.299037800455640400, -3.645833300948408100, 0.7500005286580595500 ) ) ;
#3781 = CARTESIAN_POINT ( 'NONE',  ( -1.299038410897458900, -0.2291666342817411100, -0.7499994713418151000 ) ) ;
#3782 = CARTESIAN_POINT ( 'NONE',  ( 1.017787866537917900, 0.3541666990515921500, -0.5876206509906427600 ) ) ;
#3783 = EDGE_CURVE ( 'NONE', #3666, #510, #3547, .T. ) ;
#3784 = CARTESIAN_POINT ( 'NONE',  ( -4.782772882819593000E-007, 3.375000032384925900, -1.175240473580725100 ) ) ;
#3785 = CARTESIAN_POINT ( 'NONE',  ( -1.732050807568732900, 4.812500032384925900, 7.048774965991651900E-007 ) ) ;
#3786 = ORIENTED_EDGE ( 'NONE', *, *, #622, .T. ) ;
#3787 =( BOUNDED_CURVE ( )  B_SPLINE_CURVE ( 2, ( #2459, #581, #1211, #3384, #2704, #900, #3086, #3847, #371 ),
 .UNSPECIFIED., .F., .T. ) 
 B_SPLINE_CURVE_WITH_KNOTS ( ( 3, 2, 2, 2, 3 ),
 ( 0.1874999977398810700, 0.1904761904761904700, 0.1964285714285714200, 0.2023809523809523800, 0.2053571405970239200 ),
 .UNSPECIFIED. ) 
 CURVE ( )  GEOMETRIC_REPRESENTATION_ITEM ( )  RATIONAL_B_SPLINE_CURVE ( ( 0.9330127018922580500, 0.9330126510220679800, 1.000000000000000000, 0.8660254037844387100, 1.000000000000000000, 0.8660254037844387100, 1.000000000000000000, 0.9330127527623710600, 0.9330127018922579300 ) ) 
 REPRESENTATION_ITEM ( '' )  );
#3788 = CARTESIAN_POINT ( 'NONE',  ( -6.104418189141906800E-007, 7.125000032384939200, -1.499999999999867700 ) ) ;
#3789 = CARTESIAN_POINT ( 'NONE',  ( -0.6785258820616625300, -0.5208333009484077400, -1.175240197447203300 ) ) ;
#3790 = CONICAL_SURFACE ( 'NONE', #2, 1.600000000000000100, 0.7853981633974472800 ) ;
#3791 = CARTESIAN_POINT ( 'NONE',  ( 1.357050807568749500, 1.250000032384925600, -5.522670417802544300E-007 ) ) ;
#3792 = CARTESIAN_POINT ( 'NONE',  ( 6.104418183075187900E-007, -5.062499967615075000, 1.499999999999874800 ) ) ;
#3793 = CARTESIAN_POINT ( 'NONE',  ( 1.017788344815205200, -0.2291666342817411100, 0.5876198225900811600 ) ) ;
#3794 = CYLINDRICAL_SURFACE ( 'NONE', #2027, 1.499999999999996000 ) ;
#3795 = CARTESIAN_POINT ( 'NONE',  ( 1.299037800455640400, -4.895833300948408100, -0.7500005286580587700 ) ) ;
#3796 = PERSON_AND_ORGANIZATION ( #1785, #2119 ) ;
#3797 = CARTESIAN_POINT ( 'NONE',  ( -4.782772882819593000E-007, 2.375000032384925000, -1.175240473580725100 ) ) ;
#3798 = CARTESIAN_POINT ( 'NONE',  ( -0.8660260142261850800, 4.729166699051592800, -1.499999647561126400 ) ) ;
#3799 = CARTESIAN_POINT ( 'NONE',  ( 4.782772877150559200E-007, -3.812499967615074600, 1.175240473580724300 ) ) ;
#3800 = EDGE_CURVE ( 'NONE', #3121, #3187, #1600, .T. ) ;
#3801 = CARTESIAN_POINT ( 'NONE',  ( -1.357050807568749100, -0.9374999676150744800, 5.522670419464448300E-007 ) ) ;
#3802 = CARTESIAN_POINT ( 'NONE',  ( 1.017788344815205900, 1.708333365718258900, 0.5876198225900816100 ) ) ;
#3803 = CARTESIAN_POINT ( 'NONE',  ( 0.8660247933425442300, -0.9166666342817270100, -1.500000352438615600 ) ) ;
#3804 = CARTESIAN_POINT ( 'NONE',  ( 1.499999999999991800, -4.500000001528493800, 2.817957636530612800E-015 ) ) ;
#3805 = CARTESIAN_POINT ( 'NONE',  ( -0.8660247933425482300, -2.604166634281741100, 1.500000352438622300 ) ) ;
#3806 = ADVANCED_FACE ( 'NONE', ( #3883 ), #1841, .T. ) ;
#3807 = CARTESIAN_POINT ( 'NONE',  ( 1.253769930191422000, 0.3462300698085729600, 0.1736338835082698600 ) ) ;
#3808 = CARTESIAN_POINT ( 'NONE',  ( 1.017787866537918800, 3.291666699051591500, -0.5876206509906432000 ) ) ;
#3809 = CARTESIAN_POINT ( 'NONE',  ( 1.299038410897452200, -1.541666634281726700, 0.7499994713418120000 ) ) ;
#3810 = CARTESIAN_POINT ( 'NONE',  ( 1.732050807568732200, 4.062500032384925000, -7.048774963870500300E-007 ) ) ;
#3811 = AXIS2_PLACEMENT_3D ( 'NONE', #2896, #1360, #1053 ) ;
#3812 = VERTEX_POINT ( 'NONE', #52 ) ;
#3813 = CARTESIAN_POINT ( 'NONE',  ( -1.357050807568749100, -3.437499967615074600, 5.522670419464448300E-007 ) ) ;
#3814 = CARTESIAN_POINT ( 'NONE',  ( -0.6785258820616625300, -0.02083330094840817000, -1.175240197447203300 ) ) ;
#3815 = CARTESIAN_POINT ( 'NONE',  ( -0.6785258820616632000, 2.416666699051591900, -1.175240197447204200 ) ) ;
#3816 = CARTESIAN_POINT ( 'NONE',  ( 1.299037800455634700, 0.04166669905160663000, -0.7500005286580553300 ) ) ;
#3817 = CARTESIAN_POINT ( 'NONE',  ( -0.8660247933425482300, -5.104166634281741100, 1.500000352438622300 ) ) ;
#3818 = DIRECTION ( 'NONE',  ( -3.524813029019029000E-017, -1.000000000000000000, -0.0000000000000000000 ) ) ;
#3819 = CARTESIAN_POINT ( 'NONE',  ( -6.104418189141934300E-007, -0.3124999676150748100, -1.499999999999874800 ) ) ;
#3820 = CARTESIAN_POINT ( 'NONE',  ( 0.8660260142261802000, -3.583333300948393400, 1.499999647561119900 ) ) ;
#3821 = CARTESIAN_POINT ( 'NONE',  ( -0.6785258820616632000, 2.916666699051592800, -1.175240197447204200 ) ) ;
#3822 = CARTESIAN_POINT ( 'NONE',  ( 1.499999999999991600, -1.500000001528494700, -9.005843993035976600E-016 ) ) ;
#3823 = CARTESIAN_POINT ( 'NONE',  ( -6.104418189141934300E-007, 6.187500032384925000, -1.499999999999874800 ) ) ;
#3824 = ADVANCED_FACE ( 'NONE', ( #993 ), #2894, .T. ) ;
#3825 = CARTESIAN_POINT ( 'NONE',  ( -1.357050807568749100, -5.437499967615073300, 5.522670419464448300E-007 ) ) ;
#3826 = CARTESIAN_POINT ( 'NONE',  ( -0.6785258820616625300, -1.520833300948407900, -1.175240197447203300 ) ) ;
#3827 = CARTESIAN_POINT ( 'NONE',  ( 0.6785249255070872100, 2.333333365718259800, -1.175240749714245600 ) ) ;
#3828 = CARTESIAN_POINT ( 'NONE',  ( 1.299037800455634700, -0.9583333009483934200, -0.7500005286580553300 ) ) ;
#3829 = DIRECTION ( 'NONE',  ( -3.524813029019029000E-017, -1.000000000000000000, -0.0000000000000000000 ) ) ;
#3830 = CARTESIAN_POINT ( 'NONE',  ( 0.8660247933425442300, -4.416666634281727800, -1.500000352438615600 ) ) ;
#3831 = ORIENTED_EDGE ( 'NONE', *, *, #4016, .F. ) ;
#3832 = CARTESIAN_POINT ( 'NONE',  ( -1.499999999999992000, -1.750000001528494700, 1.307299934472964400E-015 ) ) ;
#3833 = CARTESIAN_POINT ( 'NONE',  ( 1.499999999999992700, -3.477670883985081000, -0.4019241157814826800 ) ) ;
#3834 = VERTEX_POINT ( 'NONE', #3430 ) ;
#3835 = CARTESIAN_POINT ( 'NONE',  ( -4.782772882819593000E-007, 5.375000032384925900, -1.175240473580725100 ) ) ;
#3836 = EDGE_LOOP ( 'NONE', ( #472, #1504, #1362, #1755 ) ) ;
#3837 = CARTESIAN_POINT ( 'NONE',  ( -1.299037800455640400, 3.854166699051591900, 0.7500005286580595500 ) ) ;
#3838 = CARTESIAN_POINT ( 'NONE',  ( 0.6785249255070866500, -5.604166634281740200, -1.175240749714245000 ) ) ;
#3839 = CARTESIAN_POINT ( 'NONE',  ( 0.6785249255070866500, -1.104166634281740900, -1.175240749714245000 ) ) ;
#3840 = CARTESIAN_POINT ( 'NONE',  ( 0.6785249255070872100, 4.333333365718259800, -1.175240749714245600 ) ) ;
#3841 = CARTESIAN_POINT ( 'NONE',  ( -1.299037800455634400, -6.208333300948393900, 0.7500005286580560000 ) ) ;
#3842 = CARTESIAN_POINT ( 'NONE',  ( 2.624676877717179800E-015, -3.122502256758252800E-014, 0.0000000000000000000 ) ) ;
#3843 = COORDINATED_UNIVERSAL_TIME_OFFSET ( 6, 0, .BEHIND. ) ;
#3844 = CARTESIAN_POINT ( 'NONE',  ( 1.499999999999991600, -1.977670883985080500, -0.4019241157814844000 ) ) ;
#3845 = CARTESIAN_POINT ( 'NONE',  ( 1.499999999999991800, -3.500000001528494700, 2.817957636530612800E-015 ) ) ;
#3846 = CARTESIAN_POINT ( 'NONE',  ( -1.017787866537918800, 6.541666699051592800, 0.5876206509906438700 ) ) ;
#3847 = CARTESIAN_POINT ( 'NONE',  ( 1.499999999999997600, -3.959829082723613300, 0.4019234615119184900 ) ) ;
#3848 = CARTESIAN_POINT ( 'NONE',  ( -0.8627407990071563900, -5.754040548629065600, 1.069164817181740100 ) ) ;
#3849 = CARTESIAN_POINT ( 'NONE',  ( -1.017788344815205900, -3.979166634281741100, -0.5876198225900807200 ) ) ;
#3850 = CARTESIAN_POINT ( 'NONE',  ( 1.017788344815205200, 1.270833365718258400, 0.5876198225900811600 ) ) ;
#3851 = CARTESIAN_POINT ( 'NONE',  ( -1.357050807568750000, 6.000000032384924100, 5.522670419464453600E-007 ) ) ;
#3852 = CARTESIAN_POINT ( 'NONE',  ( 1.499999999999991600, -0.5223290827235994600, 0.4019234615119147700 ) ) ;
#3853 = CARTESIAN_POINT ( 'NONE',  ( 1.500000000000000400, -1.415170883985094900, -0.4019241157814827400 ) ) ;
#3854 = CARTESIAN_POINT ( 'NONE',  ( -0.8660247933425482300, -0.6041666342817414400, 1.500000352438622300 ) ) ;
#3855 = DIRECTION ( 'NONE',  ( 5.356182135569786000E-016, 1.000000000000000000, -0.0000000000000000000 ) ) ;
#3856 = CARTESIAN_POINT ( 'NONE',  ( -4.782772882819593000E-007, 6.875000032384925900, -1.175240473580725100 ) ) ;
#3857 = EDGE_LOOP ( 'NONE', ( #1302, #1325, #882, #284, #920 ) ) ;
#3858 = CARTESIAN_POINT ( 'NONE',  ( -1.499999999999992700, -3.227670883985080100, 0.4019241157814832400 ) ) ;
#3859 = CARTESIAN_POINT ( 'NONE',  ( -6.266646430351590200E-008, -5.625000000000000000, 1.499999999999994700 ) ) ;
#3860 = ORIENTED_EDGE ( 'NONE', *, *, #622, .F. ) ;
#3861 = CARTESIAN_POINT ( 'NONE',  ( 0.6785258820616618700, -1.770833300948408100, 1.175240197447203500 ) ) ;
#3862 = CARTESIAN_POINT ( 'NONE',  ( 4.782772877150562400E-007, 6.125000032384925000, 1.175240473580725100 ) ) ;
#3863 = CARTESIAN_POINT ( 'NONE',  ( -2.496022088948270800E-015, -6.418476861114186200E-014, 0.0000000000000000000 ) ) ;
#3864 = CARTESIAN_POINT ( 'NONE',  ( 1.499999999999992000, -5.500000001528495600, 9.005843993035980600E-016 ) ) ;
#3865 = ORIENTED_EDGE ( 'NONE', *, *, #2112, .T. ) ;
#3866 = CARTESIAN_POINT ( 'NONE',  ( -0.8660247933425442300, -4.166666634281726900, 1.500000352438615600 ) ) ;
#3867 = CARTESIAN_POINT ( 'NONE',  ( -1.499999999999992000, -0.2500000015284948900, 1.307299934472964400E-015 ) ) ;
#3868 = CARTESIAN_POINT ( 'NONE',  ( -1.017787866537918800, 5.041666699051591000, 0.5876206509906438700 ) ) ;
#3869 = DIRECTION ( 'NONE',  ( -6.237853260653827600E-016, 1.000000000000000000, -0.0000000000000000000 ) ) ;
#3870 = VECTOR ( 'NONE', #1583, 1000.000000000000000 ) ;
#3871 = EDGE_CURVE ( 'NONE', #2194, #3324, #123, .T. ) ;
#3872 = CARTESIAN_POINT ( 'NONE',  ( -0.6785249255070867600, -1.854166634281740700, 1.175240749714245200 ) ) ;
#3873 = VERTEX_POINT ( 'NONE', #3210 ) ;
#3874 = CARTESIAN_POINT ( 'NONE',  ( 0.6785258820616624200, 4.166666699051591900, 1.175240197447204400 ) ) ;
#3875 = CARTESIAN_POINT ( 'NONE',  ( -0.8660247933425442300, -0.6666666342817267900, 1.500000352438615600 ) ) ;
#3876 = AXIS2_PLACEMENT_3D ( 'NONE', #386, #92, #703 ) ;
#3877 = LINE ( 'NONE', #3515, #1887 ) ;
#3878 = CARTESIAN_POINT ( 'NONE',  ( 1.299037800455634700, -0.4583333009483938100, -0.7500005286580553300 ) ) ;
#3879 = CARTESIAN_POINT ( 'NONE',  ( -1.017788344815206500, 4.958333365718258000, -0.5876198225900811600 ) ) ;
#3880 = APPLICATION_CONTEXT ( 'configuration controlled 3d designs of mechanical parts and assemblies' ) ;
#3881 = CARTESIAN_POINT ( 'NONE',  ( -1.166625708954889900, -5.695701579423195300, -0.8451902260095669500 ) ) ;
#3882 = CARTESIAN_POINT ( 'NONE',  ( 1.017787866537917900, -0.6458333009484078500, -0.5876206509906427600 ) ) ;
#3883 = FACE_OUTER_BOUND ( 'NONE', #2781, .T. ) ;
#3884 = CARTESIAN_POINT ( 'NONE',  ( -1.017788344815206500, 5.958333365718258900, -0.5876198225900811600 ) ) ;
#3885 = CARTESIAN_POINT ( 'NONE',  ( 0.8660260142261802000, -0.5833333009483939700, 1.499999647561119900 ) ) ;
#3886 = CARTESIAN_POINT ( 'NONE',  ( -6.104418189141906800E-007, -4.874999967615060800, -1.499999999999867700 ) ) ;
#3887 = CARTESIAN_POINT ( 'NONE',  ( -3.460191456820336100E-016, -5.999999999999998200, 0.0000000000000000000 ) ) ;
#3888 = CARTESIAN_POINT ( 'NONE',  ( 1.357050807568748400, 4.812500032384925900, -5.522670417802541100E-007 ) ) ;
#3889 = CARTESIAN_POINT ( 'NONE',  ( 1.499999999999991600, -0.4776708839850806200, -0.4019241157814844000 ) ) ;
#3890 = CARTESIAN_POINT ( 'NONE',  ( -1.732050807568732900, -6.687499967615075000, 7.048774965991651900E-007 ) ) ;
#3891 = CARTESIAN_POINT ( 'NONE',  ( -0.7534870063636639500, -5.715379244622911700, -1.194755556153602700 ) ) ;
#3892 = CARTESIAN_POINT ( 'NONE',  ( 1.017787866537917900, -3.145833300948408100, -0.5876206509906427600 ) ) ;
#3893 = CARTESIAN_POINT ( 'NONE',  ( -1.314938773176757200, 0.1742227005528154700, -0.5630531749503725500 ) ) ;
#3894 = CARTESIAN_POINT ( 'NONE',  ( 0.6785249255070866500, -4.604166634281742000, -1.175240749714245000 ) ) ;
#3895 =( BOUNDED_CURVE ( )  B_SPLINE_CURVE ( 2, ( #3804, #986, #1612, #3830, #1011, #3206, #2275, #1299, #1598 ),
 .UNSPECIFIED., .F., .F. ) 
 B_SPLINE_CURVE_WITH_KNOTS ( ( 3, 2, 2, 2, 3 ),
 ( 0.1339285691684525000, 0.1369047619047619200, 0.1428571428571428500, 0.1488095238095238100, 0.1517857120255953500 ),
 .UNSPECIFIED. ) 
 CURVE ( )  GEOMETRIC_REPRESENTATION_ITEM ( )  RATIONAL_B_SPLINE_CURVE ( ( 0.9330127018922579300, 0.9330126510220675400, 1.000000000000000000, 0.8660254037844387100, 1.000000000000000000, 0.8660254037844387100, 1.000000000000000000, 0.9330127527623710600, 0.9330127018922579300 ) ) 
 REPRESENTATION_ITEM ( '' )  );
#3896 = VERTEX_POINT ( 'NONE', #611 ) ;
#3897 = CARTESIAN_POINT ( 'NONE',  ( 1.732050807568724200, -4.499999967615059900, -7.048774963870467500E-007 ) ) ;
#3898 = CARTESIAN_POINT ( 'NONE',  ( 1.499999999999998400, 0.06249999847149058400, 6.594601891674731900E-015 ) ) ;
#3899 = CARTESIAN_POINT ( 'NONE',  ( 0.6785258820616618700, 5.229166699051591000, 1.175240197447203500 ) ) ;
#3900 = CARTESIAN_POINT ( 'NONE',  ( -6.104418189141906800E-007, -2.374999967615059900, -1.499999999999867700 ) ) ;
#3901 = CARTESIAN_POINT ( 'NONE',  ( -1.299037800455640400, -5.645833300948408100, 0.7500005286580595500 ) ) ;
#3902 = CARTESIAN_POINT ( 'NONE',  ( 0.8660260142261802000, -3.083333300948393400, 1.499999647561119900 ) ) ;
#3903 = DIRECTION ( 'NONE',  ( -1.000000000000000000, 5.478074134663552900E-016, 0.0000000000000000000 ) ) ;
#3904 = CARTESIAN_POINT ( 'NONE',  ( 4.782772877150559200E-007, -0.8124999676150743700, 1.175240473580724300 ) ) ;
#3905 = CARTESIAN_POINT ( 'NONE',  ( 0.2533389670706272000, 0.1079739925259966800, -1.488406411342470900 ) ) ;
#3906 = CARTESIAN_POINT ( 'NONE',  ( 1.246410162482806600, 0.3535898375171938100, 4.285038674105828400E-014 ) ) ;
#3907 = CARTESIAN_POINT ( 'NONE',  ( -1.017787866537917900, 1.104166699051591900, 0.5876206509906434200 ) ) ;
#3908 = CARTESIAN_POINT ( 'NONE',  ( -1.732050807568724600, -5.249999967615059900, 7.048774965991616900E-007 ) ) ;
#3909 = DIRECTION ( 'NONE',  ( -0.7071067811865456900, 0.7071067811865493500, 0.0000000000000000000 ) ) ;
#3910 = CARTESIAN_POINT ( 'NONE',  ( 1.017787866537917900, 5.854166699051591900, -0.5876206509906427600 ) ) ;
#3911 = CARTESIAN_POINT ( 'NONE',  ( -1.299038410897452900, -2.291666634281727300, -0.7499994713418116600 ) ) ;
#3912 = CARTESIAN_POINT ( 'NONE',  ( 1.732050807568732200, -4.937499967615074100, -7.048774963870500300E-007 ) ) ;
#3913 = ORIENTED_EDGE ( 'NONE', *, *, #3259, .F. ) ;
#3914 = DIRECTION ( 'NONE',  ( -3.524813029019029000E-017, -1.000000000000000000, -0.0000000000000000000 ) ) ;
#3915 = CARTESIAN_POINT ( 'NONE',  ( 1.017788344815205900, -2.291666634281741100, 0.5876198225900816100 ) ) ;
#3916 = EDGE_CURVE ( 'NONE', #2575, #330, #1128, .T. ) ;
#3917 = ORIENTED_EDGE ( 'NONE', *, *, #2227, .T. ) ;
#3918 = CARTESIAN_POINT ( 'NONE',  ( -0.6785249255070867600, 1.645833365718258900, 1.175240749714245200 ) ) ;
#3919 = CARTESIAN_POINT ( 'NONE',  ( 1.499999999999995600, -5.999999999999998200, 0.0000000000000000000 ) ) ;
#3920 = CARTESIAN_POINT ( 'NONE',  ( -0.6785249255070867600, -5.854166634281741100, 1.175240749714245200 ) ) ;
#3921 = FACE_OUTER_BOUND ( 'NONE', #2582, .T. ) ;
#3922 = CARTESIAN_POINT ( 'NONE',  ( -0.6785249255070867600, 2.645833365718258000, 1.175240749714245200 ) ) ;
#3923 = CARTESIAN_POINT ( 'NONE',  ( -0.8660260142261809700, -3.333333300948393900, -1.499999647561119500 ) ) ;
#3924 = CARTESIAN_POINT ( 'NONE',  ( 4.782772877150562400E-007, -5.874999967615074100, 1.175240473580725100 ) ) ;
#3925 = VERTEX_POINT ( 'NONE', #3182 ) ;
#3926 = CARTESIAN_POINT ( 'NONE',  ( -0.8660247933425442300, -0.1666666342817272100, 1.500000352438615600 ) ) ;
#3927 = CARTESIAN_POINT ( 'NONE',  ( -1.017788344815205900, 5.020833365718258000, -0.5876198225900807200 ) ) ;
#3928 = CARTESIAN_POINT ( 'NONE',  ( 1.499999999999991600, -2.477670883985080500, -0.4019241157814844000 ) ) ;
#3929 = APPROVAL_DATE_TIME ( #1481, #504 ) ;
#3930 = CARTESIAN_POINT ( 'NONE',  ( -0.8660260142261850800, -4.770833300948408100, -1.499999647561126400 ) ) ;
#3931 = CARTESIAN_POINT ( 'NONE',  ( 0.8527588898497120400, -5.778741427452238200, -1.045634537755112200 ) ) ;
#3932 = CARTESIAN_POINT ( 'NONE',  ( 1.357050807568749500, -4.749999967615074100, -5.522670417802544300E-007 ) ) ;
#3933 = CARTESIAN_POINT ( 'NONE',  ( 0.6785258820616624200, -1.833333300948408100, 1.175240197447204400 ) ) ;
#3934 = CARTESIAN_POINT ( 'NONE',  ( -1.017788344815205900, -0.4791666342817413300, -0.5876198225900807200 ) ) ;
#3935 = CARTESIAN_POINT ( 'NONE',  ( -1.399268975805538100, 0.1864689051988585900, -0.2305059476815401500 ) ) ;
#3936 = CARTESIAN_POINT ( 'NONE',  ( 4.782772877150559200E-007, -4.812499967615074100, 1.175240473580724300 ) ) ;
#3937 = CARTESIAN_POINT ( 'NONE',  ( -4.782772882819589800E-007, 3.437500032384925900, -1.175240473580724300 ) ) ;
#3938 = CARTESIAN_POINT ( 'NONE',  ( -0.8660247933425441200, -4.166666634281726900, 1.500000352438615800 ) ) ;
#3939 = CARTESIAN_POINT ( 'NONE',  ( -1.017787866537918800, -5.458333300948408100, 0.5876206509906438700 ) ) ;
#3940 = CARTESIAN_POINT ( 'NONE',  ( -0.6785258820616625300, 6.979166699051591900, -1.175240197447203300 ) ) ;
#3941 = CARTESIAN_POINT ( 'NONE',  ( 1.357050807568749500, -2.249999967615074600, -5.522670417802544300E-007 ) ) ;
#3942 = CARTESIAN_POINT ( 'NONE',  ( -0.8660260142261850800, -6.770833300948407200, -1.499999647561126400 ) ) ;
#3943 = EDGE_CURVE ( 'NONE', #60, #3812, #433, .T. ) ;
#3944 = DIRECTION ( 'NONE',  ( -5.356182135569786000E-016, -1.000000000000000000, 0.0000000000000000000 ) ) ;
#3945 = CARTESIAN_POINT ( 'NONE',  ( -1.017788344815206500, -4.541666634281741100, -0.5876198225900811600 ) ) ;
#3946 = AXIS2_PLACEMENT_3D ( 'NONE', #1315, #1928, #663 ) ;
#3947 = CARTESIAN_POINT ( 'NONE',  ( -1.017787866537918800, -1.958333300948408100, 0.5876206509906438700 ) ) ;
#3948 = CARTESIAN_POINT ( 'NONE',  ( 0.6785258820616618700, 1.229166699051592100, 1.175240197447203500 ) ) ;
#3949 = VERTEX_POINT ( 'NONE', #2906 ) ;
#3950 = CARTESIAN_POINT ( 'NONE',  ( -1.017788344815206500, 6.958333365718258000, -0.5876198225900811600 ) ) ;
#3951 = CARTESIAN_POINT ( 'NONE',  ( -1.017788344815205900, -5.479166634281740200, -0.5876198225900807200 ) ) ;
#3952 = CARTESIAN_POINT ( 'NONE',  ( -4.782772882819589800E-007, 1.437500032384925900, -1.175240473580724300 ) ) ;
#3953 = CARTESIAN_POINT ( 'NONE',  ( -0.8660247933425441200, -3.166666634281726900, 1.500000352438615800 ) ) ;
#3954 = ORIENTED_EDGE ( 'NONE', *, *, #3381, .F. ) ;
#3955 = CARTESIAN_POINT ( 'NONE',  ( 0.7654221383755219800, 0.1983910564290757600, -1.189722004215968000 ) ) ;
#3956 = EDGE_LOOP ( 'NONE', ( #1455, #2301, #1724, #1665 ) ) ;
#3957 = DIRECTION ( 'NONE',  ( -0.7071067811865468000, -0.7071067811865483500, 8.659560562354925500E-017 ) ) ;
#3958 = CC_DESIGN_PERSON_AND_ORGANIZATION_ASSIGNMENT ( #3240, #2655, ( #1305 ) ) ;
#3959 = CARTESIAN_POINT ( 'NONE',  ( 1.017787866537918800, -5.208333300948407200, -0.5876206509906432000 ) ) ;
#3960 = CARTESIAN_POINT ( 'NONE',  ( -0.6785258820616632000, -4.083333300948408100, -1.175240197447204200 ) ) ;
#3961 = ORIENTED_EDGE ( 'NONE', *, *, #463, .F. ) ;
#3962 = CARTESIAN_POINT ( 'NONE',  ( -1.732050807568732900, -3.187499967615074600, 7.048774965991651900E-007 ) ) ;
#3963 = CARTESIAN_POINT ( 'NONE',  ( 0.7816486056737885800, -5.775162619234115400, -1.104183088345015000 ) ) ;
#3964 = CARTESIAN_POINT ( 'NONE',  ( -1.357050807568750000, -2.999999967615074600, 5.522670419464452500E-007 ) ) ;
#3965 = CARTESIAN_POINT ( 'NONE',  ( -1.017787866537918800, -2.958333300948407600, 0.5876206509906438700 ) ) ;
#3966 = CARTESIAN_POINT ( 'NONE',  ( 1.357050807568748400, -0.1874999676150746800, -5.522670417802541100E-007 ) ) ;
#3967 = FACE_OUTER_BOUND ( 'NONE', #4072, .T. ) ;
#3968 = CARTESIAN_POINT ( 'NONE',  ( -1.017788344815206500, -5.541666634281740200, -0.5876198225900811600 ) ) ;
#3969 = CARTESIAN_POINT ( 'NONE',  ( -1.357050807568749100, 3.562500032384925900, 5.522670419464448300E-007 ) ) ;
#3970 = CARTESIAN_POINT ( 'NONE',  ( 1.357050807568748400, 4.312500032384925000, -5.522670417802541100E-007 ) ) ;
#3971 = CARTESIAN_POINT ( 'NONE',  ( -1.732050807568724600, -1.249999967615060200, 7.048774965991616900E-007 ) ) ;
#3972 = DIRECTION ( 'NONE',  ( -1.000000000000000000, 5.356182135569771200E-016, 0.0000000000000000000 ) ) ;
#3973 = CARTESIAN_POINT ( 'NONE',  ( 1.299037800455634700, 5.041666699051607000, -0.7500005286580553300 ) ) ;
#3974 = CARTESIAN_POINT ( 'NONE',  ( -1.434438163081135800, -5.650507433109743800, 0.3931909770118420800 ) ) ;
#3975 = ORIENTED_EDGE ( 'NONE', *, *, #412, .F. ) ;
#3976 = CARTESIAN_POINT ( 'NONE',  ( -4.782772882819593000E-007, -5.124999967615075000, -1.175240473580725100 ) ) ;
#3977 = CARTESIAN_POINT ( 'NONE',  ( -4.782772882819593000E-007, -3.624999967615074100, -1.175240473580725100 ) ) ;
#3978 =( BOUNDED_CURVE ( )  B_SPLINE_CURVE ( 2, ( #3553, #3858, #746, #1385, #2580, #3902, #101, #2315, #2022 ),
 .UNSPECIFIED., .F., .T. ) 
 B_SPLINE_CURVE_WITH_KNOTS ( ( 3, 2, 2, 2, 3 ),
 ( 0.2232142834541667700, 0.2261904761904761900, 0.2321428571428571500, 0.2380952380952380800, 0.2410714263113096200 ),
 .UNSPECIFIED. ) 
 CURVE ( )  GEOMETRIC_REPRESENTATION_ITEM ( )  RATIONAL_B_SPLINE_CURVE ( ( 0.9330127018922579300, 0.9330126510220675400, 1.000000000000000000, 0.8660254037844387100, 1.000000000000000000, 0.8660254037844387100, 1.000000000000000000, 0.9330127527623710600, 0.9330127018922579300 ) ) 
 REPRESENTATION_ITEM ( '' )  );
#3979 = CARTESIAN_POINT ( 'NONE',  ( -1.299037800455640400, -2.145833300948408500, 0.7500005286580595500 ) ) ;
#3980 = CYLINDRICAL_SURFACE ( 'NONE', #3522, 1.499999999999996000 ) ;
#3981 = APPROVAL_STATUS ( 'not_yet_approved' ) ;
#3982 = CARTESIAN_POINT ( 'NONE',  ( 1.017788344815205200, -2.229166634281741100, 0.5876198225900811600 ) ) ;
#3983 = CARTESIAN_POINT ( 'NONE',  ( 0.6785249255070872100, -4.666666634281742900, -1.175240749714245600 ) ) ;
#3984 = EDGE_CURVE ( 'NONE', #2433, #3743, #1728, .T. ) ;
#3985 = CARTESIAN_POINT ( 'NONE',  ( -1.499999999999998900, -1.165170883985095400, 0.4019241157814867900 ) ) ;
#3986 = CARTESIAN_POINT ( 'NONE',  ( -1.017788344815206500, -2.041666634281741100, -0.5876198225900811600 ) ) ;
#3987 = CARTESIAN_POINT ( 'NONE',  ( -0.6785258820616625300, 0.4791666990515922600, -1.175240197447203300 ) ) ;
#3988 = APPROVAL_PERSON_ORGANIZATION ( #1777, #271, #2640 ) ;
#3989 = CARTESIAN_POINT ( 'NONE',  ( 0.6785249255070872100, -5.166666634281741100, -1.175240749714245600 ) ) ;
#3990 = CARTESIAN_POINT ( 'NONE',  ( 1.357050807568748400, 4.812500032384925900, -5.522670417802541100E-007 ) ) ;
#3991 = AXIS2_PLACEMENT_3D ( 'NONE', #3229, #3559, #379 ) ;
#3992 = ADVANCED_FACE ( 'NONE', ( #2312 ), #2937, .T. ) ;
#3993 = CARTESIAN_POINT ( 'NONE',  ( -0.8660247933425441200, -2.166666634281726900, 1.500000352438615800 ) ) ;
#3994 = CARTESIAN_POINT ( 'NONE',  ( -0.6785258820616632000, -5.083333300948406300, -1.175240197447204200 ) ) ;
#3995 = CARTESIAN_POINT ( 'NONE',  ( -1.732050807568724600, 5.250000032384939200, 7.048774965991616900E-007 ) ) ;
#3996 = CARTESIAN_POINT ( 'NONE',  ( -1.284598382203723900, -5.637886379860331600, 0.7555999633728844900 ) ) ;
#3997 = CYLINDRICAL_SURFACE ( 'NONE', #2822, 1.499999999999996000 ) ;
#3998 = CARTESIAN_POINT ( 'NONE',  ( 1.357050807568749500, -4.749999967615074100, -5.522670417802544300E-007 ) ) ;
#3999 = CARTESIAN_POINT ( 'NONE',  ( -0.6785249255070874300, -2.916666634281741100, 1.175240749714245900 ) ) ;
#4000 = CARTESIAN_POINT ( 'NONE',  ( -0.8660247933425482300, -3.104166634281741600, 1.500000352438622500 ) ) ;
#4001 = CARTESIAN_POINT ( 'NONE',  ( 4.782772877150559200E-007, -2.812499967615074600, 1.175240473580724300 ) ) ;
#4002 = CARTESIAN_POINT ( 'NONE',  ( 1.017787866537918800, -2.208333300948407600, -0.5876206509906432000 ) ) ;
#4003 = CARTESIAN_POINT ( 'NONE',  ( -0.6785249255070874300, -2.416666634281741100, 1.175240749714245900 ) ) ;
#4004 = CARTESIAN_POINT ( 'NONE',  ( 0.6785249255070866500, 2.395833365718259300, -1.175240749714245000 ) ) ;
#4005 = CARTESIAN_POINT ( 'NONE',  ( -1.017788344815206500, -5.041666634281741100, -0.5876198225900811600 ) ) ;
#4006 = CARTESIAN_POINT ( 'NONE',  ( -0.6785249255070867600, 4.645833365718258000, 1.175240749714245200 ) ) ;
#4007 = CARTESIAN_POINT ( 'NONE',  ( 0.8660260142261802000, -3.083333300948393400, 1.499999647561119900 ) ) ;
#4008 = CARTESIAN_POINT ( 'NONE',  ( 0.6785258820616624200, -4.833333300948407200, 1.175240197447204400 ) ) ;
#4009 = CARTESIAN_POINT ( 'NONE',  ( 6.104418183075160400E-007, 3.875000032384940100, 1.499999999999867700 ) ) ;
#4010 = DIRECTION ( 'NONE',  ( -3.524813029019029000E-017, -1.000000000000000000, -0.0000000000000000000 ) ) ;
#4011 = CARTESIAN_POINT ( 'NONE',  ( -1.017787866537918800, -4.458333300948408100, 0.5876206509906438700 ) ) ;
#4012 = CARTESIAN_POINT ( 'NONE',  ( -1.357050807568750000, -2.999999967615074600, 5.522670419464453600E-007 ) ) ;
#4013 = ORIENTED_EDGE ( 'NONE', *, *, #45, .T. ) ;
#4014 = CARTESIAN_POINT ( 'NONE',  ( -1.732050807568724600, 0.2500000323849395600, 7.048774965991616900E-007 ) ) ;
#4015 = CARTESIAN_POINT ( 'NONE',  ( 0.8660247933425482300, -2.854166634281742000, -1.500000352438622500 ) ) ;
#4016 = EDGE_CURVE ( 'NONE', #3949, #1217, #105, .T. ) ;
#4017 = CARTESIAN_POINT ( 'NONE',  ( -1.357050807568748600, -3.437499967615074600, 5.522670419464448300E-007 ) ) ;
#4018 = VERTEX_POINT ( 'NONE', #1346 ) ;
#4019 = CARTESIAN_POINT ( 'NONE',  ( -1.357050807568750000, -0.9999999676150747000, 5.522670419464452500E-007 ) ) ;
#4020 = AXIS2_PLACEMENT_3D ( 'NONE', #1327, #2572, #696 ) ;
#4021 = CARTESIAN_POINT ( 'NONE',  ( -1.499999999999992200, -5.250000001528494700, -5.810221930990954100E-016 ) ) ;
#4022 = CARTESIAN_POINT ( 'NONE',  ( -1.017787866537918800, 0.04166669905159188500, 0.5876206509906438700 ) ) ;
#4023 = CARTESIAN_POINT ( 'NONE',  ( 1.017788344815205200, 4.770833365718258000, 0.5876198225900811600 ) ) ;
#4024 = CARTESIAN_POINT ( 'NONE',  ( 0.8660260142261802000, -1.083333300948393600, 1.499999647561119900 ) ) ;
#4025 = CARTESIAN_POINT ( 'NONE',  ( -1.357050807568750000, -4.499999967615074100, 5.522670419464453600E-007 ) ) ;
#4026 = CARTESIAN_POINT ( 'NONE',  ( -1.299037800455634400, 3.291666699051607000, 0.7500005286580560000 ) ) ;
#4027 = CARTESIAN_POINT ( 'NONE',  ( 1.291432163594127300, -5.833567836403928700, 0.2575311614828257300 ) ) ;
#4028 = CC_DESIGN_PERSON_AND_ORGANIZATION_ASSIGNMENT ( #3751, #3564, ( #1076 ) ) ;
#4029 = CARTESIAN_POINT ( 'NONE',  ( 1.357050807568748400, 7.312500032384925900, -5.522670417802541100E-007 ) ) ;
#4030 = CARTESIAN_POINT ( 'NONE',  ( -1.357050807568750000, -0.9999999676150744800, 5.522670419464453600E-007 ) ) ;
#4031 = CARTESIAN_POINT ( 'NONE',  ( -6.104418189141906800E-007, 1.125000032384939400, -1.499999999999867700 ) ) ;
#4032 = CARTESIAN_POINT ( 'NONE',  ( 1.299037800455640400, -3.395833300948408100, -0.7500005286580587700 ) ) ;
#4033 = CARTESIAN_POINT ( 'NONE',  ( 0.6785258820616618700, -2.270833300948407600, 1.175240197447203500 ) ) ;
#4034 = CARTESIAN_POINT ( 'NONE',  ( -4.782772882819593000E-007, -0.1249999676150746500, -1.175240473580725100 ) ) ;
#4035 = ORIENTED_EDGE ( 'NONE', *, *, #1743, .F. ) ;
#4036 = CARTESIAN_POINT ( 'NONE',  ( 1.017788344815205900, 1.208333365718258400, 0.5876198225900816100 ) ) ;
#4037 = CARTESIAN_POINT ( 'NONE',  ( 1.299037800455640400, 2.104166699051591900, -0.7500005286580587700 ) ) ;
#4038 = CARTESIAN_POINT ( 'NONE',  ( 4.782772877150559200E-007, 3.687500032384926300, 1.175240473580724300 ) ) ;
#4039 = ORIENTED_EDGE ( 'NONE', *, *, #3664, .T. ) ;
#4040 = CARTESIAN_POINT ( 'NONE',  ( 1.299037800455634700, 0.04166669905160663000, -0.7500005286580553300 ) ) ;
#4041 = CARTESIAN_POINT ( 'NONE',  ( -1.299038410897452900, 4.208333365718273100, -0.7499994713418116600 ) ) ;
#4042 = CARTESIAN_POINT ( 'NONE',  ( -1.345303639408919400E-016, 0.0000000000000000000, 0.0000000000000000000 ) ) ;
#4043 =( BOUNDED_CURVE ( )  B_SPLINE_CURVE ( 2, ( #450, #2429, #534, #2397, #202, #2102, #868, #836, #551 ),
 .UNSPECIFIED., .F., .F. ) 
 B_SPLINE_CURVE_WITH_KNOTS ( ( 3, 2, 2, 2, 3 ),
 ( 0.3124999977398810700, 0.3154761904761904700, 0.3214285714285714500, 0.3273809523809523800, 0.3303571405970239200 ),
 .UNSPECIFIED. ) 
 CURVE ( )  GEOMETRIC_REPRESENTATION_ITEM ( )  RATIONAL_B_SPLINE_CURVE ( ( 0.9330127018922580500, 0.9330126510220679800, 1.000000000000000000, 0.8660254037844387100, 1.000000000000000000, 0.8660254037844387100, 1.000000000000000000, 0.9330127527623708300, 0.9330127018922580500 ) ) 
 REPRESENTATION_ITEM ( '' )  );
#4044 = CARTESIAN_POINT ( 'NONE',  ( -0.6785258820616625300, -4.020833300948408100, -1.175240197447203300 ) ) ;
#4045 = CARTESIAN_POINT ( 'NONE',  ( 0.6785258820616624200, 0.6666666990515924800, 1.175240197447204400 ) ) ;
#4046 = ORIENTED_EDGE ( 'NONE', *, *, #67, .T. ) ;
#4047 = CARTESIAN_POINT ( 'NONE',  ( -6.104418189141906800E-007, 2.125000032384938700, -1.499999999999867700 ) ) ;
#4048 = CARTESIAN_POINT ( 'NONE',  ( 1.299037800455640400, -0.3958333009484076300, -0.7500005286580587700 ) ) ;
#4049 = CARTESIAN_POINT ( 'NONE',  ( 1.017788344815205200, -2.729166634281741100, 0.5876198225900811600 ) ) ;
#4050 = CARTESIAN_POINT ( 'NONE',  ( -1.017787866537918800, -0.4583333009484076800, 0.5876206509906438700 ) ) ;
#4051 = CALENDAR_DATE ( 2021, 8, 9 ) ;
#4052 = CARTESIAN_POINT ( 'NONE',  ( -0.8660247933425482300, -1.604166634281741600, 1.500000352438622300 ) ) ;
#4053 = CARTESIAN_POINT ( 'NONE',  ( -1.017787866537918800, 1.541666699051591500, 0.5876206509906438700 ) ) ;
#4054 = CARTESIAN_POINT ( 'NONE',  ( -0.8660247933425482300, 3.395833365718258400, 1.500000352438622500 ) ) ;
#4055 = CARTESIAN_POINT ( 'NONE',  ( 0.6785249255070866500, 6.395833365718257100, -1.175240749714245000 ) ) ;
#4056 = CARTESIAN_POINT ( 'NONE',  ( 1.017787866537917900, -6.145833300948407200, -0.5876206509906427600 ) ) ;
#4057 = CARTESIAN_POINT ( 'NONE',  ( -0.8699935716381724800, -5.944375822713108300, 0.8087105765194339000 ) ) ;
#4058 = CARTESIAN_POINT ( 'NONE',  ( 1.357050807568748400, -4.187499967615073300, -5.522670417802541100E-007 ) ) ;
#4059 = CARTESIAN_POINT ( 'NONE',  ( 1.017787866537918800, 0.7916666990515917000, -0.5876206509906432000 ) ) ;
#4060 = CARTESIAN_POINT ( 'NONE',  ( -0.8660247933425441200, 2.833333365718271800, 1.500000352438615800 ) ) ;
#4061 = CARTESIAN_POINT ( 'NONE',  ( -6.104418189141934300E-007, -0.3124999676150748100, -1.499999999999874800 ) ) ;
#4062 = CARTESIAN_POINT ( 'NONE',  ( -0.6785249255070874300, 0.08333336571825916700, 1.175240749714245900 ) ) ;
#4063 = DIRECTION ( 'NONE',  ( -3.524813029019029000E-017, -1.000000000000000000, -0.0000000000000000000 ) ) ;
#4064 = CARTESIAN_POINT ( 'NONE',  ( 1.017788344815205900, -0.2916666342817411700, 0.5876198225900816100 ) ) ;
#4065 = CARTESIAN_POINT ( 'NONE',  ( -0.8660247933425482300, 2.395833365718258000, 1.500000352438622500 ) ) ;
#4066 = VERTEX_POINT ( 'NONE', #2947 ) ;
#4067 = CARTESIAN_POINT ( 'NONE',  ( -6.104418189141906800E-007, 6.625000032384939200, -1.499999999999867700 ) ) ;
#4068 = CARTESIAN_POINT ( 'NONE',  ( -3.460191456820336100E-016, -5.999999999999998200, 0.0000000000000000000 ) ) ;
#4069 = CARTESIAN_POINT ( 'NONE',  ( 1.017787866537917900, -2.645833300948408100, -0.5876206509906427600 ) ) ;
#4070 = CARTESIAN_POINT ( 'NONE',  ( 0.6785249255070872100, -1.166666634281741300, -1.175240749714245600 ) ) ;
#4071 = CARTESIAN_POINT ( 'NONE',  ( -0.6785258820616625300, 6.979166699051591900, -1.175240197447203300 ) ) ;
#4072 = EDGE_LOOP ( 'NONE', ( #814, #280, #810, #2545 ) ) ;
#4073 = CARTESIAN_POINT ( 'NONE',  ( 1.732050807568724200, 2.500000032384938700, -7.048774963870467500E-007 ) ) ;
#4074 = CARTESIAN_POINT ( 'NONE',  ( 1.732050807568732200, -0.9374999676150744800, -7.048774963870500300E-007 ) ) ;
#4075 = EDGE_CURVE ( 'NONE', #2215, #624, #3978, .T. ) ;
#4076 = CARTESIAN_POINT ( 'NONE',  ( 0.6785258820616618700, -0.2708333009484075200, 1.175240197447203500 ) ) ;
#4077 = CARTESIAN_POINT ( 'NONE',  ( 1.299037800455640400, -3.395833300948408100, -0.7500005286580587700 ) ) ;
#4078 = ORIENTED_EDGE ( 'NONE', *, *, #2616, .F. ) ;
#4079 = AXIS2_PLACEMENT_3D ( 'NONE', #356, #3855, #2265 ) ;
#4080 = CARTESIAN_POINT ( 'NONE',  ( 4.782772877150562400E-007, -0.3749999676150748700, 1.175240473580725100 ) ) ;
#4081 = CARTESIAN_POINT ( 'NONE',  ( -0.8660260142261850800, 2.229166699051591900, -1.499999647561126400 ) ) ;
#4082 = ADVANCED_FACE ( 'NONE', ( #2697 ), #3643, .F. ) ;
#4083 = CARTESIAN_POINT ( 'NONE',  ( -0.6785249255070867600, -6.354166634281741100, 1.175240749714245200 ) ) ;
#4084 = FACE_OUTER_BOUND ( 'NONE', #2284, .T. ) ;
#4085 = CARTESIAN_POINT ( 'NONE',  ( -1.017787866537917900, -1.895833300948408100, 0.5876206509906434200 ) ) ;
#4086 = CARTESIAN_POINT ( 'NONE',  ( 4.782772877150562400E-007, 0.6250000323849251900, 1.175240473580725100 ) ) ;
#4087 = CARTESIAN_POINT ( 'NONE',  ( 1.499999999999998200, -1.915170883985094900, -0.4019241157814861800 ) ) ;
#4088 = CARTESIAN_POINT ( 'NONE',  ( -1.499999999999999100, -5.165170883985093800, 0.4019241157814859000 ) ) ;
#4089 = CARTESIAN_POINT ( 'NONE',  ( 0.8660247933425482300, -0.8541666342817417800, -1.500000352438622500 ) ) ;
#4090 = ORIENTED_EDGE ( 'NONE', *, *, #164, .F. ) ;
#4091 = CARTESIAN_POINT ( 'NONE',  ( 1.017788344815205200, -1.229166634281741100, 0.5876198225900811600 ) ) ;
#4092 = CARTESIAN_POINT ( 'NONE',  ( 0.7477740179439514900, 0.3055450216107918300, 1.060162696255192200 ) ) ;
#4093 = CARTESIAN_POINT ( 'NONE',  ( 1.017787866537918800, 3.791666699051591900, -0.5876206509906432000 ) ) ;
#4094 = CARTESIAN_POINT ( 'NONE',  ( 0.8660260142261843000, 3.479166699051591500, 1.499999647561126800 ) ) ;
#4095 =( BOUNDED_CURVE ( )  B_SPLINE_CURVE ( 2, ( #407, #3277, #2917, #3866, #1998, #1989, #1075, #88, #2298 ),
 .UNSPECIFIED., .F., .F. ) 
 B_SPLINE_CURVE_WITH_KNOTS ( ( 3, 2, 2, 2, 3 ),
 ( 0.1517857120255953500, 0.1547619047619047700, 0.1607142857142857300, 0.1666666666666666600, 0.1696428548827382000 ),
 .UNSPECIFIED. ) 
 CURVE ( )  GEOMETRIC_REPRESENTATION_ITEM ( )  RATIONAL_B_SPLINE_CURVE ( ( 0.9330127018922579300, 0.9330126510220675400, 1.000000000000000000, 0.8660254037844387100, 1.000000000000000000, 0.8660254037844387100, 1.000000000000000000, 0.9330127527623710600, 0.9330127018922579300 ) ) 
 REPRESENTATION_ITEM ( '' )  );
#4096 = CARTESIAN_POINT ( 'NONE',  ( -1.017787866537917900, -5.895833300948407200, 0.5876206509906434200 ) ) ;
#4097 = EDGE_CURVE ( 'NONE', #684, #2326, #3408, .T. ) ;
#4098 = CARTESIAN_POINT ( 'NONE',  ( -0.6785249255070867600, -3.854166634281740700, 1.175240749714245200 ) ) ;
#4099 = CARTESIAN_POINT ( 'NONE',  ( 1.357050807568749500, 3.250000032384925900, -5.522670417802544300E-007 ) ) ;
#4100 = DIRECTION ( 'NONE',  ( -1.000000000000000000, 5.356182135569786000E-016, 0.0000000000000000000 ) ) ;
#4101 = CARTESIAN_POINT ( 'NONE',  ( 0.8660260142261843000, -0.02083330094840817000, 1.499999647561126800 ) ) ;
ENDSEC;
END-ISO-10303-21;
